{"type":"FeatureCollection","features":[{"type":"Feature","properties":{"id":11,"name":"Улаанбаатар"},"geometry":{"type":"MultiPolygon","coordinates":[[[[107.402,47.4414],[107.3565,47.4245],[107.3468,47.3973],[107.3511,47.3909],[107.4177,47.302],[107.4724,47.3132],[107.5542,47.3309],[107.5009,47.4171],[107.4883,47.4369],[107.4284,47.4328],[107.402,47.4414]]],[[[108.4908,47.9214],[108.4762,47.93],[108.4678,47.9303],[108.4585,47.9359],[108.4406,47.9387],[108.4385,47.941],[108.4194,47.942],[108.415,47.9441],[108.4009,47.9449],[108.3945,47.9484],[108.3864,47.9563],[108.3785,47.9579],[108.3671,47.9547],[108.3455,47.9693],[108.3366,47.9686],[108.3311,47.9743],[108.3139,47.973],[108.3064,47.9783],[108.2982,47.9767],[108.2909,47.9807],[108.2745,47.9834],[108.2717,47.9872],[108.2303,47.9878],[108.2061,47.9291],[108.2302,47.6849],[108.2412,47.6846],[108.2938,47.6661],[108.4687,47.6912],[108.4853,47.7032],[108.4838,47.7107],[108.4898,47.7158],[108.4809,47.7303],[108.4842,47.7353],[108.5,47.7439],[108.4998,47.7483],[108.4896,47.7501],[108.4969,47.757],[108.4929,47.7627],[108.4801,47.767],[108.4716,47.7666],[108.4791,47.7759],[108.4882,47.7803],[108.4822,47.7835],[108.4845,47.7874],[108.4815,47.7958],[108.4827,47.8013],[108.4757,47.8121],[108.4807,47.8149],[108.4775,47.8232],[108.4807,47.8287],[108.4734,47.8344],[108.4793,47.8386],[108.4756,47.843],[108.4772,47.8471],[108.4734,47.8516],[108.4764,47.8572],[108.4727,47.8607],[108.4623,47.8617],[108.4722,47.8719],[108.4772,47.883],[108.4847,47.8859],[108.4861,47.8934],[108.4932,47.8962],[108.4918,47.9029],[108.4991,47.9065],[108.4942,47.9093],[108.4973,47.9137],[108.4908,47.9214]]],[[[106.4817,47.9807],[106.527,47.9576],[106.506,47.9465],[106.5331,47.911],[106.5159,47.89],[106.519,47.8712],[106.5404,47.8473],[106.5075,47.8051],[106.5077,47.7462],[106.5096,47.7193],[106.5614,47.7115],[106.5935,47.7356],[106.5787,47.7505],[106.594,47.7515],[106.6003,47.7466],[106.6432,47.7425],[106.6839,47.736],[106.697,47.7295],[106.732,47.7205],[106.7888,47.724],[106.7975,47.7058],[106.84,47.7465],[106.8611,47.7626],[106.8896,47.7582],[106.9059,47.749],[106.9465,47.7609],[106.9634,47.7439],[107.033,47.7355],[107.0411,47.7216],[107.1198,47.7235],[107.1823,47.7472],[107.2168,47.7253],[107.2656,47.6884],[107.2946,47.6685],[107.2967,47.648],[107.3299,47.6516],[107.4024,47.6463],[107.4764,47.6519],[107.4839,47.7207],[107.5385,47.7459],[107.5402,47.785],[107.5606,47.835],[107.5552,47.851],[107.56,47.8556],[107.5759,47.8612],[107.5927,47.8721],[107.6013,47.8721],[107.6109,47.8827],[107.6125,47.8885],[107.6182,47.8939],[107.6175,47.902],[107.6213,47.9062],[107.6131,47.9133],[107.6052,47.915],[107.5993,47.9228],[107.5973,47.9342],[107.5899,47.9445],[107.5894,47.9495],[107.5987,47.9589],[107.5931,47.9667],[107.5831,47.9717],[107.568,47.9753],[107.5554,47.976],[107.5497,47.9784],[107.5326,47.9754],[107.5282,47.9725],[107.5202,47.9726],[107.5128,47.97],[107.4984,47.9728],[107.4914,47.9706],[107.4798,47.973],[107.4757,47.9761],[107.4711,47.9869],[107.4583,47.9952],[107.4588,48.0004],[107.446,47.9961],[107.3734,47.9904],[107.3447,48.0359],[107.3217,48.0612],[107.2959,48.0773],[107.2538,48.1099],[107.2247,48.1353],[107.1981,48.1426],[107.1627,48.1639],[107.1149,48.1757],[107.0822,48.209],[107.0532,48.1887],[107.0312,48.1868],[106.992,48.2087],[106.9695,48.1993],[106.9614,48.1911],[106.8746,48.1849],[106.8236,48.2171],[106.763,48.2255],[106.7434,48.2278],[106.6768,48.2319],[106.6587,48.2376],[106.6108,48.232],[106.5894,48.2448],[106.499,48.2538],[106.4528,48.2649],[106.4419,48.2719],[106.3626,48.2585],[106.3673,48.2462],[106.4077,48.1973],[106.4193,48.1691],[106.4287,48.1492],[106.417,48.1342],[106.4798,48.0732],[106.4616,48.0431],[106.4611,48.0421],[106.4604,48.03],[106.4596,48.0133],[106.4801,47.9832],[106.4816,47.9809],[106.4817,47.9807]]]]}},{"type":"Feature","properties":{"id":21,"name":"Дорнод"},"geometry":{"type":"Polygon","coordinates":[[[113.5489,49.9798],[113.5227,49.9773],[113.4859,49.9723],[113.4738,49.9356],[113.3421,49.8891],[113.2175,49.8368],[113.1596,49.7659],[113.1661,49.7518],[113.1413,49.7402],[113.1287,49.7221],[113.0802,49.6543],[113.0818,49.6465],[113.0709,49.6427],[113.0696,49.6349],[113.0721,49.6314],[113.0622,49.6243],[113.0603,49.615],[113.0543,49.6083],[113.0376,49.6008],[113.0309,49.5948],[113.0172,49.5954],[113.0039,49.5911],[112.9955,49.5927],[112.9838,49.591],[112.9796,49.5848],[112.9712,49.5855],[112.9656,49.5821],[112.9587,49.586],[112.9468,49.5835],[112.94,49.577],[112.9425,49.5702],[112.9323,49.5677],[112.9287,49.5723],[112.9154,49.572],[112.9093,49.5668],[112.8931,49.5606],[112.8865,49.5515],[112.8795,49.5514],[112.8739,49.5469],[112.8628,49.5453],[112.8548,49.5413],[112.8556,49.5356],[112.8473,49.5285],[112.841,49.5281],[112.8129,49.5152],[112.7991,49.521],[112.79,49.514],[112.7752,49.5091],[112.7644,49.5125],[112.7558,49.5089],[112.7395,49.511],[112.734,49.5165],[112.7221,49.5221],[112.714,49.5155],[112.7106,49.5055],[112.6941,49.5013],[112.6874,49.5057],[112.6726,49.5088],[112.6618,49.5151],[112.6487,49.5173],[112.6355,49.5119],[112.6268,49.514],[112.5997,49.5108],[112.5758,49.5171],[112.4777,49.5229],[112.4271,49.5092],[112.2851,49.4856],[112.1951,49.4487],[112.0798,49.4156],[112.058,49.4095],[112.0722,49.3996],[112.0796,49.3901],[112.0896,49.3745],[112.1003,49.3652],[112.119,49.3517],[112.1481,49.3445],[112.157,49.3431],[112.1448,49.325],[112.1295,49.3115],[112.1282,49.3043],[112.14,49.3018],[112.1535,49.294],[112.1619,49.2922],[112.1691,49.2882],[112.1773,49.2735],[112.1758,49.255],[112.1728,49.2444],[112.1894,49.223],[112.2113,49.1961],[112.2103,49.1863],[112.213,49.1796],[112.2092,49.1706],[112.2021,49.1649],[112.1984,49.1583],[112.2005,49.1506],[112.2113,49.1401],[112.2153,49.1247],[112.2193,49.1199],[112.2264,49.1048],[112.2315,49.101],[112.2345,49.085],[112.2327,49.0766],[112.2409,49.0683],[112.2535,49.0633],[112.2588,49.0574],[112.2586,49.0501],[112.2611,49.0418],[112.2611,49.0321],[112.2688,49.0177],[112.2702,49.0117],[112.2889,48.9964],[112.2963,48.9962],[112.2329,48.9292],[112.2401,48.867],[112.2654,48.801],[112.2958,48.7648],[112.3417,48.6883],[112.3742,48.6727],[112.3864,48.6482],[112.4644,48.544],[112.5184,48.4998],[112.5596,48.4426],[112.5772,48.3799],[112.5746,48.3557],[112.5574,48.3119],[112.4954,48.2903],[112.5282,48.232],[112.5355,48.2048],[112.5516,48.1728],[112.5572,48.1259],[112.5543,48.0497],[112.6541,47.9238],[112.7234,47.8305],[112.7125,47.5863],[112.9695,47.6435],[113.1757,47.5985],[113.5325,47.5493],[113.6968,47.5382],[113.8035,47.5082],[113.9406,47.4153],[113.963,47.4027],[114.1863,47.2918],[114.4296,47.2004],[114.4938,47.176],[114.4885,47.1467],[114.4432,46.9453],[114.4573,46.9043],[114.4738,46.8275],[114.6868,46.7484],[114.7671,46.671],[114.7924,46.6479],[114.9474,46.5304],[115.0895,46.5645],[115.1663,46.5794],[115.2505,46.5759],[115.4714,46.578],[115.6305,46.5732],[115.7122,46.6023],[115.7452,46.6186],[115.8454,46.6149],[115.9585,46.6167],[116.0603,46.6171],[116.2974,46.6261],[116.3814,46.5123],[116.4948,46.3664],[116.5513,46.2945],[116.5775,46.2885],[116.5983,46.303],[116.6578,46.3211],[116.7612,46.3292],[116.765,46.3397],[116.7731,46.3453],[116.7891,46.3506],[116.8109,46.3554],[116.8128,46.3695],[116.8193,46.378],[116.8331,46.3843],[116.8389,46.3843],[116.8644,46.3762],[116.8912,46.3741],[116.8966,46.3771],[117.0253,46.3601],[117.0886,46.3544],[117.2433,46.3649],[117.3696,46.3607],[117.3803,46.3969],[117.3694,46.4086],[117.3806,46.4456],[117.3922,46.4783],[117.4406,46.5255],[117.415,46.5805],[117.4441,46.5831],[117.4669,46.5886],[117.4886,46.5991],[117.5036,46.5975],[117.5139,46.5902],[117.5244,46.5982],[117.5358,46.5986],[117.5487,46.6009],[117.5714,46.5956],[117.5797,46.5948],[117.5881,46.6034],[117.6214,46.5927],[117.6316,46.5814],[117.6335,46.57],[117.637,46.5622],[117.6344,46.5544],[117.6501,46.5449],[117.6676,46.5315],[117.6864,46.5203],[117.7019,46.5133],[117.7152,46.5125],[117.7263,46.5181],[117.7413,46.519],[117.7448,46.5225],[117.7552,46.5218],[117.7609,46.5244],[117.7658,46.5326],[117.7726,46.5358],[117.7949,46.528],[117.798,46.531],[117.807,46.5282],[117.8186,46.5316],[117.8233,46.5282],[117.8312,46.5291],[117.8333,46.5353],[117.8388,46.5345],[117.8639,46.5482],[117.8578,46.5602],[117.859,46.5649],[117.8563,46.5724],[117.8756,46.5818],[117.8862,46.581],[117.8899,46.5838],[117.8889,46.5914],[117.8937,46.5932],[117.8973,46.5992],[117.908,46.6024],[117.9096,46.6055],[117.9211,46.6099],[117.9236,46.6132],[117.9348,46.6166],[117.9609,46.612],[117.9749,46.6118],[117.9857,46.6165],[117.9802,46.6267],[117.9818,46.6298],[117.9907,46.629],[117.9994,46.6307],[118.0339,46.6276],[118.07,46.6456],[118.0758,46.651],[118.1098,46.6686],[118.1098,46.6755],[118.1161,46.6793],[118.1331,46.6829],[118.1463,46.6832],[118.1534,46.6856],[118.1837,46.6816],[118.217,46.6959],[118.2185,46.7056],[118.2286,46.7133],[118.255,46.7159],[118.277,46.7215],[118.2999,46.7362],[118.3127,46.74],[118.3285,46.7365],[118.4014,46.7283],[118.4376,46.7065],[118.5778,46.693],[118.5799,46.6959],[118.6299,46.7184],[118.6435,46.7192],[118.6516,46.7159],[118.6607,46.7013],[118.6673,46.698],[118.7071,46.6942],[118.7203,46.6949],[118.7274,46.6935],[118.73,46.6886],[118.7491,46.6906],[118.7571,46.6865],[118.7714,46.6859],[118.7767,46.688],[118.7933,46.6898],[118.7907,46.6945],[118.7931,46.7001],[118.7898,46.7053],[118.7819,46.7119],[118.7834,46.7166],[118.8154,46.7421],[118.8208,46.7531],[118.8333,46.7629],[118.8317,46.7664],[118.8485,46.7703],[118.8654,46.7684],[118.8792,46.7729],[118.8961,46.775],[118.9048,46.7746],[118.9114,46.7655],[118.9134,46.7561],[118.9142,46.7384],[118.9039,46.7344],[118.91,46.7265],[118.9172,46.7225],[118.9296,46.7247],[118.9323,46.7207],[118.9417,46.7206],[118.9439,46.7249],[118.9612,46.7379],[118.9748,46.7389],[118.9836,46.7418],[118.9955,46.749],[119.0115,46.7452],[119.0165,46.7359],[119.0129,46.7317],[119.0221,46.7273],[119.0236,46.7212],[119.0382,46.7026],[119.0552,46.6854],[119.0803,46.6624],[119.1012,46.6528],[119.1085,46.6472],[119.1167,46.6471],[119.1247,46.6507],[119.1325,46.6495],[119.1358,46.6528],[119.1523,46.6561],[119.1629,46.6544],[119.1706,46.6495],[119.1832,46.6467],[119.1875,46.6434],[119.1949,46.648],[119.1997,46.6436],[119.2121,46.6439],[119.2203,46.6473],[119.2385,46.6463],[119.2468,46.6424],[119.2585,46.6418],[119.2576,46.6363],[119.2628,46.6284],[119.2729,46.6266],[119.2839,46.619],[119.2917,46.6171],[119.2951,46.6116],[119.3048,46.6114],[119.3147,46.6091],[119.3281,46.6114],[119.3368,46.6114],[119.3437,46.6178],[119.3496,46.6167],[119.3651,46.6081],[119.3676,46.6044],[119.3772,46.6052],[119.4323,46.6391],[119.434,46.6396],[119.4796,46.6282],[119.5214,46.6361],[119.5553,46.6346],[119.5595,46.6269],[119.5687,46.621],[119.574,46.6217],[119.582,46.6138],[119.5917,46.6179],[119.6095,46.619],[119.6179,46.6232],[119.6273,46.623],[119.6325,46.6252],[119.6481,46.624],[119.665,46.6182],[119.6738,46.6048],[119.6745,46.5993],[119.6807,46.5906],[119.6864,46.5902],[119.6941,46.5963],[119.7063,46.5973],[119.7152,46.602],[119.7192,46.6088],[119.7315,46.6147],[119.7393,46.6118],[119.747,46.6117],[119.7542,46.6161],[119.7595,46.6164],[119.7808,46.63],[119.7844,46.6344],[119.7842,46.6401],[119.7942,46.6475],[119.8068,46.6673],[119.8004,46.6822],[119.8208,46.675],[119.8309,46.6693],[119.8376,46.6721],[119.8531,46.6706],[119.8579,46.6678],[119.8649,46.6686],[119.8741,46.6645],[119.8901,46.6636],[119.9037,46.6666],[119.9036,46.6723],[119.9067,46.6821],[119.9065,46.689],[119.9223,46.7049],[119.9299,46.7217],[119.9179,46.7281],[119.9147,46.7384],[119.9086,46.7498],[119.9016,46.7554],[119.9072,46.76],[119.9039,46.7653],[119.9098,46.7679],[119.9185,46.7761],[119.9254,46.7794],[119.9303,46.787],[119.9315,46.7988],[119.9259,46.8181],[119.9216,46.8214],[119.9196,46.8302],[119.9216,46.8422],[119.9315,46.8476],[119.9197,46.8484],[119.909,46.8516],[119.899,46.8655],[119.9028,46.8731],[119.901,46.879],[119.9122,46.8978],[119.9208,46.9023],[119.8552,46.9201],[119.8485,46.9391],[119.8679,46.9554],[119.8658,46.9639],[119.8604,46.965],[119.8421,46.9652],[119.8365,46.9681],[119.8318,46.9764],[119.8181,46.9829],[119.8078,46.9951],[119.8042,47.0024],[119.7944,47.0113],[119.7927,47.0171],[119.7864,47.0227],[119.7866,47.0292],[119.7949,47.0355],[119.7883,47.045],[119.8015,47.0576],[119.7963,47.0672],[119.756,47.1303],[119.7171,47.1662],[119.7089,47.1939],[119.6887,47.2038],[119.6816,47.2059],[119.6726,47.2131],[119.6584,47.2219],[119.6529,47.2279],[119.6449,47.2307],[119.6402,47.2361],[119.6318,47.2372],[119.6214,47.2454],[119.6087,47.2473],[119.5871,47.2466],[119.5751,47.244],[119.5665,47.2468],[119.5578,47.2471],[119.5562,47.2523],[119.5497,47.2562],[119.5553,47.2597],[119.5607,47.2732],[119.5596,47.2847],[119.55,47.2893],[119.5529,47.2982],[119.5397,47.3025],[119.5328,47.2999],[119.5206,47.3046],[119.5135,47.3194],[119.4964,47.3251],[119.4863,47.3228],[119.4767,47.3279],[119.4783,47.3359],[119.4595,47.3407],[119.4548,47.346],[119.4476,47.3483],[119.4368,47.3585],[119.4337,47.3651],[119.4366,47.3708],[119.4305,47.3767],[119.4165,47.3797],[119.4114,47.3848],[119.4024,47.3865],[119.3865,47.3934],[119.3788,47.3945],[119.3712,47.3989],[119.3623,47.4115],[119.358,47.4121],[119.358,47.4216],[119.3473,47.4242],[119.3449,47.4295],[119.3325,47.4283],[119.3309,47.4237],[119.3201,47.4242],[119.3256,47.4346],[119.3295,47.4501],[119.3405,47.4595],[119.3486,47.4683],[119.3613,47.4783],[119.1925,47.5224],[119.1434,47.5425],[119.123,47.6648],[118.9811,47.7077],[118.7584,47.7744],[118.6156,47.9308],[118.5588,47.9927],[118.4514,47.9964],[118.4428,47.9972],[118.4399,47.993],[118.4328,47.994],[118.4356,48.0001],[118.4258,48.0033],[118.4139,48.0133],[118.4092,48.0093],[118.3896,48.0111],[118.378,48.0109],[118.3729,48.0139],[118.3641,48.014],[118.3479,48.0038],[118.3412,48.0028],[118.337,48.0066],[118.323,48.0033],[118.3116,48.0057],[118.303,48.0106],[118.3006,48.0047],[118.2893,48.0026],[118.2847,48.0085],[118.2797,48.0065],[118.2719,48.0092],[118.2666,48.0159],[118.258,48.0172],[118.2589,48.0224],[118.2464,48.0205],[118.2324,48.0323],[118.2318,48.04],[118.2287,48.0414],[118.2144,48.039],[118.1988,48.0411],[118.1785,48.0394],[118.1785,48.0439],[118.1686,48.0482],[118.1597,48.0422],[118.153,48.0432],[118.1495,48.0371],[118.1414,48.0334],[118.1271,48.0337],[118.1222,48.0404],[118.1145,48.0453],[118.1072,48.0426],[118.0981,48.0297],[118.0715,48.0237],[118.0615,48.0234],[118.0583,48.0197],[118.0506,48.0204],[118.0447,48.0161],[118.0434,48.0114],[118.0327,48.0128],[118.0239,48.0105],[118.0186,48.0131],[118.0114,48.011],[118.0073,48.0134],[117.9923,48.0101],[117.9856,48.0105],[117.9839,48.0147],[117.9706,48.0129],[117.9601,48.0147],[117.9475,48.0098],[117.9232,48.0162],[117.9133,48.0215],[117.8982,48.0179],[117.8948,48.0233],[117.8857,48.0267],[117.8757,48.0225],[117.8044,48.0144],[117.7536,47.9746],[117.5201,47.7864],[117.5176,47.7718],[117.5037,47.7673],[117.4813,47.7584],[117.3748,47.6404],[117.2215,47.7375],[117.0852,47.8233],[116.8689,47.8933],[116.7963,47.8986],[116.6741,47.8919],[116.4434,47.8388],[116.2587,47.8779],[116.2579,47.8799],[116.1109,47.8184],[115.9573,47.6878],[115.9349,47.6809],[115.8706,47.7239],[115.7696,47.7909],[115.6791,47.8507],[115.5736,47.9198],[115.5559,47.9976],[115.5319,48.1027],[115.5214,48.1111],[115.5283,48.118],[115.5329,48.1189],[115.537,48.1306],[115.5344,48.136],[115.526,48.1356],[115.5222,48.1532],[115.682,48.2103],[115.8132,48.2569],[115.8013,48.3805],[115.7877,48.5239],[115.8889,48.6291],[115.9749,48.718],[116.0702,48.816],[116.034,48.8663],[116.1359,49.0163],[116.2088,49.1229],[116.2771,49.2222],[116.3502,49.328],[116.4189,49.4251],[116.4723,49.505],[116.547,49.6164],[116.6001,49.6963],[116.7137,49.8457],[116.6255,49.9356],[116.5634,49.9455],[116.51,49.9567],[116.4849,49.9626],[116.4198,49.9809],[116.3991,49.9871],[116.3404,49.9991],[116.286,50.0192],[116.2374,50.0364],[116.2182,50.0343],[116.1805,50.0287],[116.1442,50.0261],[116.1268,50.0236],[116.0689,50.0106],[116.0529,50.0016],[116.0181,49.9883],[115.9766,49.9703],[115.9498,49.9618],[115.9462,49.9616],[115.9006,49.9452],[115.862,49.9326],[115.83,49.921],[115.8148,49.9107],[115.7637,49.8915],[115.7607,49.8922],[115.744,49.886],[115.717,49.8854],[115.6738,49.8858],[115.6641,49.8892],[115.6269,49.8999],[115.5871,49.9068],[115.5476,49.9069],[115.5406,49.905],[115.4498,49.9249],[115.3606,49.9448],[115.3241,49.9526],[115.2809,49.9658],[115.2505,49.9787],[115.2199,49.9937],[115.1766,50.0195],[115.1307,50.0561],[115.1087,50.07],[115.0798,50.0835],[115.067,50.094],[115.0706,50.1034],[115.0379,50.1381],[115.0159,50.1537],[114.9905,50.1735],[114.9697,50.1815],[114.9328,50.1929],[114.889,50.2053],[114.8469,50.2213],[114.8359,50.2244],[114.809,50.2266],[114.7778,50.23],[114.7688,50.233],[114.7022,50.2433],[114.6579,50.2499],[114.6273,50.2473],[114.5881,50.2414],[114.5437,50.2335],[114.5217,50.2312],[114.4837,50.2368],[114.4704,50.238],[114.4518,50.2424],[114.4431,50.247],[114.4243,50.2504],[114.4012,50.2579],[114.3736,50.2689],[114.3379,50.2856],[114.2885,50.2737],[114.2639,50.2686],[114.1807,50.2474],[114.1205,50.2179],[114.086,50.2027],[114.0366,50.1798],[114.0001,50.1632],[113.9706,50.1492],[113.89,50.1087],[113.8327,50.1032],[113.7409,50.0722],[113.6758,50.0169],[113.6441,49.9902],[113.5489,49.9798]]]}},{"type":"Feature","properties":{"id":22,"name":"Сүхбаатар"},"geometry":{"type":"Polygon","coordinates":[[[112.7234,47.8305],[112.7136,47.8204],[112.7044,47.8212],[112.6926,47.818],[112.6844,47.821],[112.6699,47.8179],[112.6651,47.8151],[112.6583,47.8185],[112.6495,47.8119],[112.6419,47.81],[112.6306,47.8097],[112.6184,47.8073],[112.6157,47.8133],[112.6039,47.8113],[112.595,47.8049],[112.583,47.7907],[112.5715,47.7929],[112.5659,47.7868],[112.5519,47.791],[112.5406,47.7855],[112.5339,47.7885],[112.5256,47.7803],[112.5172,47.7838],[112.5118,47.7831],[112.506,47.7874],[112.5008,47.7874],[112.4959,47.7805],[112.4867,47.7823],[112.4827,47.7855],[112.4751,47.7825],[112.4692,47.787],[112.4558,47.7873],[112.4495,47.7857],[112.4407,47.7805],[112.4351,47.7845],[112.4216,47.7903],[112.4058,47.7944],[112.3985,47.7939],[112.3897,47.7894],[112.3866,47.7925],[112.3761,47.7921],[112.37,47.7968],[112.3303,47.7419],[112.2163,47.708],[112.15,47.6864],[112.112,47.6447],[112.1066,47.6115],[112.0831,47.5178],[112.0804,47.4617],[112.0765,47.4417],[112.0815,47.3463],[111.8181,47.4064],[111.7129,47.3433],[111.585,47.2454],[111.5268,47.1949],[111.4855,47.1336],[111.4855,47.0056],[111.5033,46.9976],[111.4369,46.9461],[111.4202,46.8428],[111.4065,46.8065],[111.3857,46.7734],[111.3507,46.7362],[111.251,46.6494],[111.2709,46.5801],[111.274,46.5572],[111.3097,46.4445],[111.3227,46.4245],[111.2541,46.3103],[111.2186,46.2675],[111.2317,46.2358],[111.2957,46.2181],[111.3416,46.2075],[111.3916,46.1863],[111.4557,46.1601],[111.5341,46.1245],[111.5774,46.11],[111.6412,46.0937],[111.689,46.0007],[111.7446,45.9247],[111.7523,45.9089],[111.7601,45.8578],[111.7785,45.8252],[111.7882,45.7975],[111.7543,45.6349],[111.7454,45.5841],[111.7316,45.519],[111.7732,45.5043],[111.8553,45.4526],[111.8445,45.3906],[111.9359,45.3192],[111.9867,45.2722],[111.9634,45.215],[111.9714,45.0837],[111.9958,45.09],[112.0638,45.0937],[112.0842,45.0803],[112.1061,45.0717],[112.1723,45.0712],[112.1914,45.0691],[112.2371,45.0688],[112.3717,45.0611],[112.3912,45.0626],[112.4228,45.0749],[112.5001,45.0221],[112.5312,45.0001],[112.549,44.9775],[112.5927,44.9299],[112.6181,44.9167],[112.6498,44.9037],[112.704,44.8793],[112.7927,44.8537],[112.8306,44.8481],[112.8461,44.8388],[112.9242,44.8408],[113.0007,44.8253],[113.0194,44.8247],[113.069,44.8101],[113.1196,44.7967],[113.1653,44.7944],[113.3904,44.7818],[113.4994,44.7753],[113.5199,44.768],[113.5382,44.7571],[113.595,44.7497],[113.6281,44.7435],[113.6443,44.7508],[113.6559,44.7575],[113.6951,44.7783],[113.7502,44.8172],[113.7944,44.8491],[113.8153,44.8527],[113.8276,44.8584],[113.8398,44.8618],[113.8478,44.8602],[113.8588,44.8648],[113.8594,44.8726],[113.8729,44.8743],[113.8755,44.8785],[113.8826,44.88],[113.8802,44.8909],[113.8881,44.8956],[113.8986,44.8985],[113.9002,44.9103],[113.9111,44.9131],[113.9334,44.9119],[113.9493,44.915],[113.9767,44.922],[113.9912,44.9216],[113.9965,44.9249],[114.0553,44.9266],[114.1094,44.9535],[114.1528,44.9913],[114.1766,45.036],[114.1814,45.0354],[114.202,45.0444],[114.3041,45.1048],[114.3431,45.1207],[114.4071,45.1761],[114.4641,45.219],[114.5203,45.2916],[114.5363,45.3366],[114.5411,45.3846],[114.584,45.3983],[114.6797,45.4199],[114.7372,45.4373],[114.8095,45.4168],[114.8619,45.4015],[114.9149,45.3818],[114.9742,45.3761],[114.9856,45.3761],[115.0003,45.382],[115.0129,45.381],[115.1646,45.3964],[115.356,45.3894],[115.5578,45.4362],[115.6898,45.4586],[115.7935,45.5268],[115.822,45.5481],[115.8702,45.5799],[115.9317,45.63],[116.0001,45.653],[116.0192,45.6608],[116.0271,45.6808],[116.0366,45.6833],[116.0814,45.6818],[116.096,45.6771],[116.1192,45.676],[116.1283,45.6824],[116.1495,45.6836],[116.1741,45.6901],[116.1891,45.6991],[116.2099,45.7223],[116.2154,45.7252],[116.2122,45.74],[116.2169,45.7444],[116.2605,45.7699],[116.28,45.7707],[116.2713,45.8291],[116.2795,45.8395],[116.2661,45.8436],[116.2668,45.848],[116.2599,45.8556],[116.2567,45.8648],[116.2377,45.8726],[116.2356,45.8823],[116.2492,45.9024],[116.2639,45.9614],[116.3158,46.0258],[116.401,46.1244],[116.4067,46.1298],[116.4241,46.1366],[116.4343,46.1377],[116.5148,46.2157],[116.5662,46.2537],[116.5775,46.2885],[116.5513,46.2945],[116.4948,46.3664],[116.3814,46.5123],[116.2974,46.6261],[116.0603,46.6171],[115.9585,46.6167],[115.8454,46.6149],[115.7452,46.6186],[115.7122,46.6023],[115.6305,46.5732],[115.4714,46.578],[115.2505,46.5759],[115.1663,46.5794],[115.0895,46.5645],[114.9474,46.5304],[114.7924,46.6479],[114.7671,46.671],[114.6868,46.7484],[114.4738,46.8275],[114.4573,46.9043],[114.4432,46.9453],[114.4885,47.1467],[114.4938,47.176],[114.4296,47.2004],[114.1863,47.2918],[113.963,47.4027],[113.9406,47.4153],[113.8035,47.5082],[113.6968,47.5382],[113.5325,47.5493],[113.1757,47.5985],[112.9695,47.6435],[112.7125,47.5863],[112.7234,47.8305]]]}},{"type":"Feature","properties":{"id":23,"name":"Хэнтий"},"geometry":{"type":"Polygon","coordinates":[[[112.7234,47.8305],[112.6541,47.9238],[112.5543,48.0497],[112.5572,48.1259],[112.5516,48.1728],[112.5355,48.2048],[112.5282,48.232],[112.4954,48.2903],[112.5574,48.3119],[112.5746,48.3557],[112.5772,48.3799],[112.5596,48.4426],[112.5184,48.4998],[112.4644,48.544],[112.3864,48.6482],[112.3742,48.6727],[112.3417,48.6883],[112.2958,48.7648],[112.2654,48.801],[112.2401,48.867],[112.2329,48.9292],[112.2963,48.9962],[112.2889,48.9964],[112.2702,49.0117],[112.2688,49.0177],[112.2611,49.0321],[112.2611,49.0418],[112.2586,49.0501],[112.2588,49.0574],[112.2535,49.0633],[112.2409,49.0683],[112.2327,49.0766],[112.2345,49.085],[112.2315,49.101],[112.2264,49.1048],[112.2193,49.1199],[112.2153,49.1247],[112.2113,49.1401],[112.2005,49.1506],[112.1984,49.1583],[112.2021,49.1649],[112.2092,49.1706],[112.213,49.1796],[112.2103,49.1863],[112.2113,49.1961],[112.1894,49.223],[112.1728,49.2444],[112.1758,49.255],[112.1773,49.2735],[112.1691,49.2882],[112.1619,49.2922],[112.1535,49.294],[112.14,49.3018],[112.1282,49.3043],[112.1295,49.3115],[112.1448,49.325],[112.157,49.3431],[112.1481,49.3445],[112.119,49.3517],[112.1003,49.3652],[112.0896,49.3745],[112.0796,49.3901],[112.0722,49.3996],[112.058,49.4095],[111.9404,49.3754],[111.9161,49.3769],[111.8123,49.3734],[111.7876,49.3827],[111.7497,49.3848],[111.6866,49.3837],[111.5315,49.3234],[111.4861,49.3306],[111.4506,49.3405],[111.4303,49.3451],[111.3787,49.3593],[111.3373,49.3387],[111.2958,49.3167],[111.258,49.3052],[111.1509,49.2768],[111.1113,49.2676],[111.0987,49.2637],[111.0543,49.2516],[111.0279,49.2435],[110.9913,49.2331],[110.9631,49.2233],[110.9463,49.2157],[110.8896,49.2016],[110.8633,49.1924],[110.8113,49.1761],[110.7812,49.1748],[110.7257,49.1673],[110.694,49.1661],[110.6561,49.1752],[110.5952,49.1851],[110.5806,49.1864],[110.5357,49.1889],[110.5233,49.1865],[110.5126,49.1874],[110.5098,49.1961],[110.5042,49.195],[110.4944,49.1977],[110.493,49.1909],[110.4592,49.2067],[110.4209,49.2235],[110.3949,49.2555],[110.3327,49.201],[110.2551,49.1664],[110.214,49.1565],[110.1973,49.1552],[110.1839,49.1591],[110.1697,49.1648],[110.1578,49.1653],[110.1502,49.1634],[110.1379,49.1643],[110.1245,49.1714],[110.1104,49.1745],[110.1023,49.1789],[110.0876,49.1784],[110.0595,49.1796],[110.0478,49.1826],[110.0353,49.1881],[110.0285,49.1938],[109.9961,49.1934],[109.9798,49.2012],[109.9667,49.2007],[109.9502,49.195],[109.922,49.2022],[109.9095,49.1972],[109.9056,49.1987],[109.8861,49.1942],[109.8131,49.2138],[109.6652,49.2265],[109.5556,49.222],[109.5176,49.234],[109.4899,49.2392],[109.4693,49.2692],[109.4469,49.2736],[109.4318,49.2836],[109.4313,49.2898],[109.4233,49.2966],[109.4116,49.2978],[109.3946,49.3013],[109.3897,49.3005],[109.3385,49.3287],[109.1747,49.3555],[109.0685,49.3237],[109,49.3357],[108.95,49.344],[108.9387,49.3436],[108.9328,49.3465],[108.9186,49.344],[108.9012,49.3444],[108.898,49.3389],[108.8873,49.3338],[108.8771,49.3336],[108.8624,49.3364],[108.8505,49.3335],[108.8458,49.3356],[108.8409,49.3441],[108.8327,49.3468],[108.8211,49.3417],[108.7872,49.3363],[108.7583,49.3459],[108.7397,49.3434],[108.7224,49.3347],[108.7184,49.3386],[108.6983,49.3322],[108.6712,49.3465],[108.6628,49.3474],[108.6551,49.3439],[108.6461,49.3342],[108.6382,49.3362],[108.6218,49.3301],[108.6179,49.3322],[108.6082,49.3283],[108.5954,49.3316],[108.5846,49.3367],[108.5809,49.3355],[108.5766,49.3225],[108.5266,49.1877],[108.5056,49.1543],[108.5138,49.1555],[108.5536,49.1379],[108.6107,49.0832],[108.6742,49.0506],[108.7023,49.0159],[108.8147,48.9507],[108.8145,48.8778],[108.8267,48.8767],[108.8352,48.8729],[108.8435,48.872],[108.8471,48.8602],[108.8547,48.8503],[108.8778,48.8437],[108.8886,48.8456],[108.8923,48.8339],[108.892,48.829],[108.8822,48.8164],[108.8844,48.8084],[108.8844,48.7923],[108.8886,48.7788],[108.8846,48.77],[108.8789,48.7667],[108.8775,48.7622],[108.8887,48.7492],[108.9064,48.7422],[108.9057,48.7382],[108.9178,48.7327],[108.9236,48.7182],[108.927,48.7145],[108.9316,48.6953],[108.9346,48.6887],[108.9342,48.6823],[108.9387,48.6779],[108.9363,48.6693],[108.9288,48.6557],[108.932,48.6489],[108.9256,48.6441],[108.9289,48.6402],[108.9242,48.6359],[108.923,48.6264],[108.9297,48.6251],[108.9287,48.6195],[108.94,48.6107],[108.9466,48.6116],[108.9502,48.6059],[108.9483,48.588],[108.945,48.5849],[108.9482,48.5787],[108.9446,48.5746],[108.9448,48.569],[108.9586,48.5569],[108.9713,48.5515],[108.9757,48.5471],[108.9782,48.5324],[108.9772,48.5236],[108.9732,48.5153],[108.9823,48.5143],[108.9876,48.5113],[108.998,48.5106],[109.0012,48.5061],[109.0303,48.4977],[109.0385,48.4976],[109.0355,48.4889],[109.0181,48.4818],[109.0155,48.4786],[109.0071,48.4782],[109.0334,48.4522],[109.0406,48.3641],[109.0561,48.3269],[109.0026,48.2496],[108.9282,48.1567],[108.9412,48.1236],[108.9368,48.1007],[108.9145,48.0828],[108.8135,48.0325],[108.7793,47.9945],[108.6671,47.948],[108.6409,47.9316],[108.4908,47.9214],[108.4973,47.9137],[108.4942,47.9093],[108.4991,47.9065],[108.4918,47.9029],[108.4932,47.8962],[108.4861,47.8934],[108.4847,47.8859],[108.4772,47.883],[108.4722,47.8719],[108.4623,47.8617],[108.4727,47.8607],[108.4764,47.8572],[108.4734,47.8516],[108.4772,47.8471],[108.4756,47.843],[108.4793,47.8386],[108.4734,47.8344],[108.4807,47.8287],[108.4775,47.8232],[108.4807,47.8149],[108.4757,47.8121],[108.4827,47.8013],[108.4815,47.7958],[108.4845,47.7874],[108.4822,47.7835],[108.4882,47.7803],[108.4791,47.7759],[108.4716,47.7666],[108.4801,47.767],[108.4929,47.7627],[108.4969,47.757],[108.4896,47.7501],[108.4998,47.7483],[108.5,47.7439],[108.4842,47.7353],[108.4809,47.7303],[108.4898,47.7158],[108.4838,47.7107],[108.4853,47.7032],[108.4687,47.6912],[108.4634,47.6849],[108.465,47.6774],[108.4601,47.6723],[108.4555,47.6612],[108.4464,47.6564],[108.4474,47.6508],[108.4383,47.6382],[108.4294,47.6284],[108.4089,47.6208],[108.407,47.6149],[108.4108,47.6052],[108.4055,47.5945],[108.4079,47.5914],[108.4129,47.5761],[108.4171,47.5733],[108.413,47.5666],[108.4163,47.5619],[108.4138,47.5549],[108.4189,47.5491],[108.4161,47.54],[108.412,47.5358],[108.4163,47.5295],[108.4109,47.5206],[108.4139,47.5039],[108.406,47.4962],[108.4029,47.488],[108.4094,47.4808],[108.4212,47.475],[108.4229,47.4704],[108.4395,47.4708],[108.4464,47.4588],[108.4447,47.4513],[108.4556,47.4458],[108.4618,47.434],[108.461,47.4278],[108.4699,47.4229],[108.4736,47.4162],[108.4735,47.4111],[108.4782,47.4068],[108.4836,47.3852],[108.4925,47.3835],[108.4945,47.3772],[108.5057,47.3748],[108.5135,47.3703],[108.5136,47.3644],[108.5204,47.3623],[108.526,47.3541],[108.5365,47.3569],[108.5402,47.3549],[108.538,47.3461],[108.5496,47.3356],[108.546,47.3246],[108.5472,47.3193],[108.5531,47.3136],[108.5533,47.3072],[108.5614,47.3023],[108.5624,47.2951],[108.5599,47.2923],[108.5675,47.2821],[108.5761,47.2804],[108.5757,47.2747],[108.581,47.2719],[108.5799,47.2647],[108.5859,47.2616],[108.5901,47.2522],[108.5974,47.2524],[108.6083,47.2443],[108.6123,47.2345],[108.6091,47.2281],[108.6237,47.223],[108.6261,47.2106],[108.6341,47.2072],[108.6348,47.2026],[108.6429,47.1989],[108.6505,47.1872],[108.6495,47.1769],[108.6573,47.1723],[108.6547,47.1689],[108.6594,47.1583],[108.6611,47.1497],[108.659,47.1428],[108.6612,47.1398],[108.6712,47.1374],[108.6692,47.1333],[108.6775,47.1264],[108.6766,47.1192],[108.6827,47.1148],[108.6814,47.1072],[108.6914,47.0975],[108.7042,47.0943],[108.7095,47.0887],[108.7115,47.0795],[108.7147,47.0771],[108.7162,47.0687],[108.7234,47.0636],[108.7395,47.0555],[108.7506,47.055],[108.7559,47.0485],[108.7515,47.0434],[108.7542,47.0395],[108.7646,47.032],[108.7729,47.0297],[108.7789,47.023],[108.7856,47.0187],[108.7927,47.0202],[108.8025,47.0144],[108.8083,47.0077],[108.8209,47.0037],[108.8354,47.0021],[108.8405,46.9997],[108.8453,46.9934],[108.8527,46.9891],[108.864,46.985],[108.873,46.9883],[108.8841,46.9798],[108.9015,46.9807],[108.9092,46.9747],[108.9168,46.9726],[108.9207,46.9681],[108.927,46.9667],[108.9326,46.9705],[108.9433,46.9724],[108.9589,46.9685],[108.9515,46.8376],[109.0603,46.8648],[109.1,46.8814],[109.1202,46.8642],[109.0985,46.8336],[109.0766,46.7662],[109.0591,46.7277],[109.0416,46.7096],[109.0411,46.6144],[109.0519,46.5719],[109.0439,46.5628],[109.0196,46.5067],[109.0543,46.4334],[109.1642,46.3967],[109.1894,46.3353],[109.1518,46.3247],[109.3288,46.1968],[109.3523,46.2014],[109.4009,46.1838],[109.471,46.1744],[109.5495,46.173],[109.6939,46.179],[109.8748,46.2371],[109.9331,46.2674],[109.9579,46.2799],[110.0196,46.3554],[110.0252,46.4369],[110.0722,46.4956],[110.0399,46.5102],[110.0303,46.6308],[110.0699,46.6331],[110.1129,46.6233],[110.1873,46.6115],[110.2019,46.5667],[110.3331,46.4435],[110.3819,46.4179],[110.4597,46.371],[110.4899,46.2968],[110.5651,46.2221],[110.5859,46.195],[110.5919,46.1345],[110.6577,46.0919],[110.7547,46.0787],[110.8195,46.0676],[110.9648,46.0596],[111.0142,46.0909],[111.041,46.1132],[111.1216,46.1529],[111.2317,46.2358],[111.2186,46.2675],[111.2541,46.3103],[111.3227,46.4245],[111.3097,46.4445],[111.274,46.5572],[111.2709,46.5801],[111.251,46.6494],[111.3507,46.7362],[111.3857,46.7734],[111.4065,46.8065],[111.4202,46.8428],[111.4369,46.9461],[111.5033,46.9976],[111.4855,47.0056],[111.4855,47.1336],[111.5268,47.1949],[111.585,47.2454],[111.7129,47.3433],[111.8181,47.4064],[112.0815,47.3463],[112.0765,47.4417],[112.0804,47.4617],[112.0831,47.5178],[112.1066,47.6115],[112.112,47.6447],[112.15,47.6864],[112.2163,47.708],[112.3303,47.7419],[112.37,47.7968],[112.3761,47.7921],[112.3866,47.7925],[112.3897,47.7894],[112.3985,47.7939],[112.4058,47.7944],[112.4216,47.7903],[112.4351,47.7845],[112.4407,47.7805],[112.4495,47.7857],[112.4558,47.7873],[112.4692,47.787],[112.4751,47.7825],[112.4827,47.7855],[112.4867,47.7823],[112.4959,47.7805],[112.5008,47.7874],[112.506,47.7874],[112.5118,47.7831],[112.5172,47.7838],[112.5256,47.7803],[112.5339,47.7885],[112.5406,47.7855],[112.5519,47.791],[112.5659,47.7868],[112.5715,47.7929],[112.583,47.7907],[112.595,47.8049],[112.6039,47.8113],[112.6157,47.8133],[112.6184,47.8073],[112.6306,47.8097],[112.6419,47.81],[112.6495,47.8119],[112.6583,47.8185],[112.6651,47.8151],[112.6699,47.8179],[112.6844,47.821],[112.6926,47.818],[112.7044,47.8212],[112.7136,47.8204],[112.7234,47.8305]]]}},{"type":"Feature","properties":{"id":41,"name":"Төв"},"geometry":{"type":"Polygon","coordinates":[[[108.4908,47.9214],[108.6409,47.9316],[108.6671,47.948],[108.7793,47.9945],[108.8135,48.0325],[108.9145,48.0828],[108.9368,48.1007],[108.9412,48.1236],[108.9282,48.1567],[109.0026,48.2496],[109.0561,48.3269],[109.0406,48.3641],[109.0334,48.4522],[109.0071,48.4782],[109.0155,48.4786],[109.0181,48.4818],[109.0355,48.4889],[109.0385,48.4976],[109.0303,48.4977],[109.0012,48.5061],[108.998,48.5106],[108.9876,48.5113],[108.9823,48.5143],[108.9732,48.5153],[108.9772,48.5236],[108.9782,48.5324],[108.9757,48.5471],[108.9713,48.5515],[108.9586,48.5569],[108.9448,48.569],[108.9446,48.5746],[108.9482,48.5787],[108.945,48.5849],[108.9483,48.588],[108.9502,48.6059],[108.9466,48.6116],[108.94,48.6107],[108.9287,48.6195],[108.9297,48.6251],[108.923,48.6264],[108.9242,48.6359],[108.9289,48.6402],[108.9256,48.6441],[108.932,48.6489],[108.9288,48.6557],[108.9363,48.6693],[108.9387,48.6779],[108.9342,48.6823],[108.9346,48.6887],[108.9316,48.6953],[108.927,48.7145],[108.9236,48.7182],[108.9178,48.7327],[108.9057,48.7382],[108.9064,48.7422],[108.8887,48.7492],[108.8775,48.7622],[108.8789,48.7667],[108.8846,48.77],[108.8886,48.7788],[108.8844,48.7923],[108.8844,48.8084],[108.8822,48.8164],[108.892,48.829],[108.8923,48.8339],[108.8886,48.8456],[108.8778,48.8437],[108.8547,48.8503],[108.8471,48.8602],[108.8435,48.872],[108.8352,48.8729],[108.8267,48.8767],[108.8145,48.8778],[108.8147,48.9507],[108.7023,49.0159],[108.6742,49.0506],[108.6107,49.0832],[108.5536,49.1379],[108.5138,49.1555],[108.5056,49.1543],[108.5111,49.1516],[108.5022,49.1464],[108.4901,49.1459],[108.4783,49.1403],[108.4726,49.1438],[108.4647,49.1438],[108.4624,49.1371],[108.4522,49.1354],[108.4477,49.1281],[108.4336,49.1257],[108.4188,49.1195],[108.4147,49.1205],[108.4022,49.1145],[108.3905,49.1184],[108.3774,49.1252],[108.3745,49.1212],[108.3682,49.1216],[108.3617,49.1186],[108.3535,49.1204],[108.3483,49.1165],[108.3422,49.1203],[108.3132,49.1141],[108.3116,49.1107],[108.3004,49.1085],[108.2888,49.1096],[108.286,49.1071],[108.2714,49.1067],[108.2649,49.1031],[108.2658,49.0995],[108.2571,49.0952],[108.2413,49.0949],[108.2318,49.092],[108.2224,49.092],[108.2159,49.0848],[108.2107,49.0857],[108.192,49.0785],[108.1805,49.0797],[108.1744,49.0768],[108.1649,49.0783],[108.1603,49.0715],[108.1527,49.0687],[108.1482,49.0627],[108.1491,49.0549],[108.1429,49.0508],[108.1453,49.0475],[108.1428,49.0415],[108.1303,49.0367],[108.0754,49.0407],[107.9365,49.0997],[107.7528,49.0894],[107.5455,49.0163],[107.6035,48.9292],[107.641,48.9047],[107.7027,48.8855],[107.7335,48.8839],[107.7698,48.8384],[107.7321,48.8159],[107.6876,48.7253],[107.675,48.7161],[107.6707,48.6784],[107.6987,48.6516],[107.6909,48.6385],[107.6782,48.6427],[107.6626,48.6418],[107.652,48.6378],[107.6436,48.6388],[107.6315,48.638],[107.6254,48.6424],[107.6067,48.6466],[107.5902,48.6456],[107.5632,48.6519],[107.558,48.6492],[107.5404,48.6474],[107.537,48.6427],[107.5276,48.6442],[107.5229,48.6417],[107.5127,48.6461],[107.5058,48.6463],[107.4962,48.6371],[107.4918,48.6363],[107.47,48.6238],[107.4509,48.6155],[107.4456,48.6163],[107.4383,48.6129],[107.4281,48.6158],[107.4088,48.6123],[107.3989,48.6079],[107.3928,48.6113],[107.3785,48.6079],[107.3611,48.6066],[107.3496,48.6011],[107.3367,48.5991],[107.3289,48.6019],[107.3147,48.6029],[107.3005,48.5998],[107.2761,48.5991],[107.261,48.5942],[107.208,48.6037],[107.1585,48.6419],[107.1229,48.6477],[106.9978,48.6184],[106.9412,48.6349],[106.8739,48.6349],[106.8377,48.6082],[106.807,48.5953],[106.7843,48.577],[106.7765,48.5474],[106.6544,48.549],[106.6387,48.5478],[106.5653,48.5534],[106.5258,48.553],[106.5364,48.5985],[106.4664,48.6179],[106.4314,48.6291],[106.3886,48.6548],[106.3087,48.6725],[106.2898,48.6866],[106.2064,48.6899],[106.0901,48.6468],[106.0262,48.7082],[105.9669,48.7171],[106.0627,48.8149],[106.0741,48.853],[105.917,48.8833],[105.8206,48.8879],[105.6094,48.8431],[105.5757,48.8371],[105.5609,48.8353],[105.5236,48.824],[105.4649,48.8098],[105.4495,48.7802],[105.4657,48.7386],[105.4737,48.6686],[105.3786,48.6028],[105.3282,48.6011],[105.2718,48.5654],[105.179,48.581],[105.0826,48.5631],[105.0165,48.53],[104.8631,48.5766],[104.7988,48.5678],[104.7498,48.5922],[104.6666,48.6284],[104.5963,48.6441],[104.5825,48.6364],[104.5576,48.6326],[104.5471,48.6254],[104.5445,48.622],[104.5518,48.6165],[104.5483,48.6142],[104.5529,48.6061],[104.5504,48.6024],[104.5561,48.5977],[104.5516,48.5926],[104.5548,48.5892],[104.557,48.5688],[104.5592,48.5648],[104.5535,48.5617],[104.5586,48.5517],[104.547,48.5515],[104.5426,48.5431],[104.5358,48.538],[104.5334,48.5321],[104.5376,48.5209],[104.5283,48.5177],[104.5195,48.5185],[104.5177,48.51],[104.5211,48.5036],[104.5141,48.4929],[104.5242,48.4896],[104.5291,48.4857],[104.5343,48.4894],[104.5467,48.4883],[104.5531,48.4764],[104.5463,48.4712],[104.5426,48.4628],[104.5464,48.4502],[104.5411,48.4392],[104.5467,48.4326],[104.5346,48.4269],[104.5323,48.4234],[104.5396,48.4195],[104.5322,48.4165],[104.5328,48.41],[104.5248,48.4099],[104.5198,48.3997],[104.5092,48.394],[104.5059,48.3834],[104.507,48.3748],[104.504,48.371],[104.4954,48.3696],[104.4878,48.3624],[104.4895,48.3504],[104.4851,48.3471],[104.4763,48.3495],[104.4769,48.3546],[104.4863,48.3638],[104.4867,48.3701],[104.4811,48.3755],[104.4718,48.3787],[104.4615,48.3752],[104.4588,48.3699],[104.459,48.3606],[104.4614,48.3562],[104.4539,48.3426],[104.4448,48.3395],[104.4411,48.345],[104.433,48.3401],[104.4206,48.3385],[104.416,48.3351],[104.4073,48.3366],[104.4047,48.3332],[104.4097,48.3259],[104.4084,48.3206],[104.4016,48.3131],[104.4016,48.3034],[104.3923,48.3009],[104.3981,48.2966],[104.4017,48.2846],[104.3976,48.2819],[104.3787,48.2816],[104.3711,48.2776],[104.369,48.2689],[104.3696,48.2615],[104.3615,48.2543],[104.3461,48.2503],[104.3478,48.244],[104.3273,48.2352],[104.3253,48.2309],[104.3124,48.2254],[104.3094,48.219],[104.2917,48.2184],[104.2835,48.2122],[104.2801,48.2019],[104.2834,48.1978],[104.2894,48.1979],[104.2932,48.2023],[104.2997,48.2022],[104.3058,48.1937],[104.3017,48.1877],[104.3051,48.184],[104.3078,48.1746],[104.3041,48.1666],[104.3039,48.1606],[104.2954,48.1549],[104.2991,48.1516],[104.302,48.1399],[104.3094,48.1356],[104.3058,48.1205],[104.3008,48.1177],[104.3027,48.1121],[104.3,48.1028],[104.3033,48.0981],[104.314,48.0948],[104.3146,48.0886],[104.3187,48.0844],[104.3306,48.0819],[104.3324,48.0776],[104.3518,48.0711],[104.3639,48.0716],[104.3702,48.0676],[104.3796,48.0667],[104.3932,48.0632],[104.4018,48.064],[104.4103,48.0626],[104.4169,48.0556],[104.4293,48.0567],[104.4305,48.0477],[104.4357,48.0416],[104.4449,48.0437],[104.4473,48.0405],[104.4659,48.0413],[104.4713,48.0322],[104.4807,48.0313],[104.49,48.0333],[104.4936,48.0297],[104.5022,48.0268],[104.5152,48.0278],[104.5224,48.017],[104.5269,48.0072],[104.5327,48.0116],[104.5409,48.0054],[104.5515,48.0091],[104.556,48.0066],[104.5485,48.0021],[104.5522,47.9941],[104.561,47.9925],[104.5645,47.9979],[104.5805,47.9913],[104.5859,47.9819],[104.5908,47.9858],[104.604,47.9802],[104.6107,47.9818],[104.6144,47.9713],[104.6291,47.9759],[104.6619,47.909],[104.6852,47.8696],[104.7065,47.7966],[104.7387,47.7896],[104.7413,47.7095],[104.7234,47.683],[104.7162,47.6634],[104.6755,47.663],[104.604,47.6663],[104.5527,47.6692],[104.5501,47.6573],[104.5265,47.6336],[104.5055,47.6187],[104.4658,47.6303],[104.4141,47.6165],[104.3451,47.6108],[104.307,47.6116],[104.1125,47.5105],[104.0867,47.511],[104.0351,47.5109],[104.0425,47.502],[104.0408,47.4977],[104.0444,47.4886],[104.0537,47.4853],[104.0619,47.4778],[104.0622,47.4741],[104.0724,47.4652],[104.0741,47.4476],[104.072,47.4455],[104.0805,47.4393],[104.0858,47.4331],[104.0961,47.4275],[104.0962,47.4216],[104.1105,47.4125],[104.1244,47.4053],[104.1388,47.4057],[104.1464,47.4034],[104.1518,47.407],[104.165,47.406],[104.1701,47.4007],[104.1889,47.3942],[104.1973,47.3796],[104.2093,47.3738],[104.2135,47.3679],[104.2282,47.3598],[104.2226,47.359],[104.1728,47.3393],[104.1406,47.3339],[104.0461,47.3027],[104.1077,47.2814],[104.1026,47.205],[104.1164,47.1912],[104.1987,47.1576],[104.2211,47.148],[104.2515,47.1154],[104.2706,47.0921],[104.3655,47.0458],[104.3425,46.9899],[104.3343,46.9664],[104.3143,46.9263],[104.2385,46.8948],[104.2763,46.854],[104.29,46.814],[104.393,46.6737],[104.3752,46.6051],[104.3744,46.5326],[104.4187,46.4904],[104.482,46.4789],[104.5516,46.4408],[104.6165,46.4042],[104.6629,46.3854],[104.7872,46.4747],[104.8646,46.5335],[104.8988,46.5683],[104.9457,46.5847],[104.9922,46.5871],[105.0149,46.5776],[105.1316,46.5579],[105.2292,46.5305],[105.2686,46.5084],[105.4055,46.4614],[105.4479,46.5216],[105.4753,46.5387],[105.5444,46.6053],[105.621,46.6699],[105.694,46.7358],[105.8464,46.7414],[105.8944,46.698],[105.9692,46.6716],[105.9902,46.6543],[106.0249,46.6372],[106.1446,46.6144],[106.1485,46.5614],[106.2916,46.5931],[106.4117,46.5915],[106.5482,46.5939],[106.6426,46.5958],[106.7574,46.5855],[106.9082,46.5366],[107.0797,46.416],[107.1431,46.4062],[107.1543,46.4036],[107.3028,46.4156],[107.3997,46.4232],[107.4586,46.4182],[107.5014,46.4555],[107.6097,46.5584],[107.836,46.5587],[107.8416,46.6798],[107.8843,46.7809],[107.9757,46.7811],[108.0236,46.8154],[108.1119,46.8218],[108.181,46.8283],[108.2616,46.8243],[108.4868,46.793],[108.5571,46.7921],[108.7743,46.8741],[108.7997,46.8982],[108.8357,46.9352],[108.8405,46.9997],[108.8354,47.0021],[108.8209,47.0037],[108.8083,47.0077],[108.8025,47.0144],[108.7927,47.0202],[108.7856,47.0187],[108.7789,47.023],[108.7729,47.0297],[108.7646,47.032],[108.7542,47.0395],[108.7515,47.0434],[108.7559,47.0485],[108.7506,47.055],[108.7395,47.0555],[108.7234,47.0636],[108.7162,47.0687],[108.7147,47.0771],[108.7115,47.0795],[108.7095,47.0887],[108.7042,47.0943],[108.6914,47.0975],[108.6814,47.1072],[108.6827,47.1148],[108.6766,47.1192],[108.6775,47.1264],[108.6692,47.1333],[108.6712,47.1374],[108.6612,47.1398],[108.659,47.1428],[108.6611,47.1497],[108.6594,47.1583],[108.6547,47.1689],[108.6573,47.1723],[108.6495,47.1769],[108.6505,47.1872],[108.6429,47.1989],[108.6348,47.2026],[108.6341,47.2072],[108.6261,47.2106],[108.6237,47.223],[108.6091,47.2281],[108.6123,47.2345],[108.6083,47.2443],[108.5974,47.2524],[108.5901,47.2522],[108.5859,47.2616],[108.5799,47.2647],[108.581,47.2719],[108.5757,47.2747],[108.5761,47.2804],[108.5675,47.2821],[108.5599,47.2923],[108.5624,47.2951],[108.5614,47.3023],[108.5533,47.3072],[108.5531,47.3136],[108.5472,47.3193],[108.546,47.3246],[108.5496,47.3356],[108.538,47.3461],[108.5402,47.3549],[108.5365,47.3569],[108.526,47.3541],[108.5204,47.3623],[108.5136,47.3644],[108.5135,47.3703],[108.5057,47.3748],[108.4945,47.3772],[108.4925,47.3835],[108.4836,47.3852],[108.4782,47.4068],[108.4735,47.4111],[108.4736,47.4162],[108.4699,47.4229],[108.461,47.4278],[108.4618,47.434],[108.4556,47.4458],[108.4447,47.4513],[108.4464,47.4588],[108.4395,47.4708],[108.4229,47.4704],[108.4212,47.475],[108.4094,47.4808],[108.4029,47.488],[108.406,47.4962],[108.4139,47.5039],[108.4109,47.5206],[108.4163,47.5295],[108.412,47.5358],[108.4161,47.54],[108.4189,47.5491],[108.4138,47.5549],[108.4163,47.5619],[108.413,47.5666],[108.4171,47.5733],[108.4129,47.5761],[108.4079,47.5914],[108.4055,47.5945],[108.4108,47.6052],[108.407,47.6149],[108.4089,47.6208],[108.4294,47.6284],[108.4383,47.6382],[108.4474,47.6508],[108.4464,47.6564],[108.4555,47.6612],[108.4601,47.6723],[108.465,47.6774],[108.4634,47.6849],[108.4687,47.6912],[108.2938,47.6661],[108.2412,47.6846],[108.2302,47.6849],[108.2061,47.9291],[108.2303,47.9878],[108.2717,47.9872],[108.2745,47.9834],[108.2909,47.9807],[108.2982,47.9767],[108.3064,47.9783],[108.3139,47.973],[108.3311,47.9743],[108.3366,47.9686],[108.3455,47.9693],[108.3671,47.9547],[108.3785,47.9579],[108.3864,47.9563],[108.3945,47.9484],[108.4009,47.9449],[108.415,47.9441],[108.4194,47.942],[108.4385,47.941],[108.4406,47.9387],[108.4585,47.9359],[108.4678,47.9303],[108.4762,47.93],[108.4908,47.9214]],[[106.4616,48.0431],[106.4798,48.0732],[106.417,48.1342],[106.4287,48.1492],[106.4193,48.1691],[106.4077,48.1973],[106.3673,48.2462],[106.3626,48.2585],[106.4419,48.2719],[106.4528,48.2649],[106.499,48.2538],[106.5894,48.2448],[106.6108,48.232],[106.6587,48.2376],[106.6768,48.2319],[106.7434,48.2278],[106.763,48.2255],[106.8236,48.2171],[106.8746,48.1849],[106.9614,48.1911],[106.9695,48.1993],[106.992,48.2087],[107.0312,48.1868],[107.0532,48.1887],[107.0822,48.209],[107.1149,48.1757],[107.1627,48.1639],[107.1981,48.1426],[107.2247,48.1353],[107.2538,48.1099],[107.2959,48.0773],[107.3217,48.0612],[107.3447,48.0359],[107.3734,47.9904],[107.446,47.9961],[107.4588,48.0004],[107.4583,47.9952],[107.4711,47.9869],[107.4757,47.9761],[107.4798,47.973],[107.4914,47.9706],[107.4984,47.9728],[107.5128,47.97],[107.5202,47.9726],[107.5282,47.9725],[107.5326,47.9754],[107.5497,47.9784],[107.5554,47.976],[107.568,47.9753],[107.5831,47.9717],[107.5931,47.9667],[107.5987,47.9589],[107.5894,47.9495],[107.5899,47.9445],[107.5973,47.9342],[107.5993,47.9228],[107.6052,47.915],[107.6131,47.9133],[107.6213,47.9062],[107.6175,47.902],[107.6182,47.8939],[107.6125,47.8885],[107.6109,47.8827],[107.6013,47.8721],[107.5927,47.8721],[107.5759,47.8612],[107.56,47.8556],[107.5552,47.851],[107.5606,47.835],[107.5402,47.785],[107.5385,47.7459],[107.4839,47.7207],[107.4764,47.6519],[107.4024,47.6463],[107.3299,47.6516],[107.2967,47.648],[107.2946,47.6685],[107.2656,47.6884],[107.2168,47.7253],[107.1823,47.7472],[107.1198,47.7235],[107.0411,47.7216],[107.033,47.7355],[106.9634,47.7439],[106.9465,47.7609],[106.9059,47.749],[106.8896,47.7582],[106.8611,47.7626],[106.84,47.7465],[106.7975,47.7058],[106.7888,47.724],[106.732,47.7205],[106.697,47.7295],[106.6839,47.736],[106.6432,47.7425],[106.6003,47.7466],[106.594,47.7515],[106.5787,47.7505],[106.5935,47.7356],[106.5614,47.7115],[106.5096,47.7193],[106.5077,47.7462],[106.5075,47.8051],[106.5404,47.8473],[106.519,47.8712],[106.5159,47.89],[106.5331,47.911],[106.506,47.9465],[106.527,47.9576],[106.4817,47.9807],[106.4816,47.9809],[106.4801,47.9832],[106.4596,48.0133],[106.4604,48.03],[106.4611,48.0421],[106.4616,48.0431]],[[107.402,47.4414],[107.4284,47.4328],[107.4883,47.4369],[107.5009,47.4171],[107.5542,47.3309],[107.4724,47.3132],[107.4177,47.302],[107.3511,47.3909],[107.3468,47.3973],[107.3565,47.4245],[107.402,47.4414]]]}},{"type":"Feature","properties":{"id":42,"name":"Говьсүмбэр"},"geometry":{"type":"Polygon","coordinates":[[[109.0196,46.5067],[109.0439,46.5628],[109.0519,46.5719],[109.0411,46.6144],[109.0416,46.7096],[109.0591,46.7277],[109.0766,46.7662],[109.0985,46.8336],[109.1202,46.8642],[109.1,46.8814],[109.0603,46.8648],[108.9515,46.8376],[108.9589,46.9685],[108.9433,46.9724],[108.9326,46.9705],[108.927,46.9667],[108.9207,46.9681],[108.9168,46.9726],[108.9092,46.9747],[108.9015,46.9807],[108.8841,46.9798],[108.873,46.9883],[108.864,46.985],[108.8527,46.9891],[108.8453,46.9934],[108.8405,46.9997],[108.8357,46.9352],[108.7997,46.8982],[108.7743,46.8741],[108.5571,46.7921],[108.4868,46.793],[108.2616,46.8243],[108.181,46.8283],[108.1119,46.8218],[108.0236,46.8154],[107.9757,46.7811],[107.8843,46.7809],[107.9,46.7719],[107.9172,46.7725],[107.9263,46.7706],[107.9419,46.7623],[107.9566,46.7616],[107.9812,46.7499],[107.9961,46.7373],[108.0052,46.7243],[108.0312,46.7143],[108.0892,46.6899],[108.1359,46.6713],[108.1619,46.6539],[108.1754,46.6438],[108.2003,46.6269],[108.2069,46.6241],[108.2206,46.6235],[108.2359,46.6207],[108.2418,46.6171],[108.2528,46.6025],[108.2619,46.5879],[108.2776,46.5664],[108.1955,46.5407],[108.1814,46.5262],[108.1572,46.4892],[108.2332,46.3982],[108.2969,46.3422],[108.2948,46.3226],[108.3017,46.3098],[108.306,46.2841],[108.2848,46.2539],[108.26,46.2103],[108.2594,46.1838],[108.2395,46.1214],[108.1445,46.0764],[108.2156,46.007],[108.289,45.9538],[108.2898,45.9485],[108.3183,45.9348],[108.3235,45.9082],[108.4077,45.8805],[108.4346,45.908],[108.5678,45.946],[108.6829,45.9638],[108.7241,46.0254],[108.7487,46.058],[108.7428,46.0809],[108.7324,46.0988],[108.7276,46.1036],[108.6997,46.1116],[108.6845,46.1246],[108.6696,46.1303],[108.6608,46.1396],[108.7158,46.1811],[108.7861,46.2359],[108.9496,46.4241],[109.0196,46.5067]]]}},{"type":"Feature","properties":{"id":43,"name":"Сэлэнгэ"},"geometry":{"type":"Polygon","coordinates":[[[108.5809,49.3355],[108.5713,49.3377],[108.5639,49.3346],[108.5496,49.338],[108.5384,49.3362],[108.5218,49.3213],[108.5157,49.3207],[108.5131,49.3254],[108.4987,49.3275],[108.4933,49.3307],[108.4907,49.3372],[108.4924,49.3414],[108.4804,49.3519],[108.4651,49.359],[108.4542,49.3588],[108.4474,49.3633],[108.4459,49.3701],[108.4394,49.3749],[108.4442,49.3944],[108.4471,49.3995],[108.4392,49.4036],[108.4408,49.4108],[108.4393,49.4176],[108.4277,49.4221],[108.4067,49.4208],[108.3977,49.4253],[108.3884,49.424],[108.3675,49.4326],[108.3575,49.4465],[108.3498,49.45],[108.3445,49.4617],[108.3496,49.4674],[108.3525,49.4769],[108.3482,49.4795],[108.3434,49.4915],[108.3444,49.5031],[108.3409,49.5102],[108.3336,49.5076],[108.3173,49.512],[108.3199,49.5291],[108.3069,49.5387],[108.3024,49.5395],[108.2973,49.5515],[108.2765,49.5481],[108.2713,49.5499],[108.2575,49.5491],[108.2455,49.546],[108.2386,49.5416],[108.222,49.5515],[108.2127,49.55],[108.2032,49.5514],[108.1983,49.5592],[108.1885,49.5574],[108.1795,49.5601],[108.1717,49.5592],[108.1669,49.5635],[108.1605,49.5619],[108.1533,49.5679],[108.1455,49.5699],[108.1284,49.5772],[108.128,49.579],[108.1058,49.5862],[108.0957,49.587],[108.0867,49.5938],[108.0758,49.5979],[108.055,49.6116],[108.0353,49.618],[108.0239,49.6268],[108.0277,49.6327],[108.035,49.6328],[108.0387,49.6381],[108.0313,49.6389],[108.0319,49.6432],[108.0243,49.6568],[108.0261,49.6633],[108.0337,49.6704],[108.024,49.6757],[108.0193,49.6701],[108.0021,49.6675],[107.9966,49.6635],[107.9784,49.6556],[107.9611,49.6527],[107.9435,49.6625],[107.9456,49.6812],[107.9373,49.6976],[107.9372,49.7016],[107.9431,49.7102],[107.9497,49.7112],[107.9558,49.7175],[107.9655,49.7201],[107.9798,49.7355],[107.9737,49.7409],[107.9715,49.7494],[107.9619,49.7499],[107.9578,49.7567],[107.9578,49.7628],[107.9484,49.7747],[107.9504,49.7787],[107.9658,49.7823],[107.9877,49.7889],[107.978,49.7978],[107.9809,49.807],[107.9718,49.8128],[107.9533,49.809],[107.9455,49.8146],[107.9379,49.8168],[107.9376,49.824],[107.9439,49.8308],[107.948,49.8416],[107.9446,49.8474],[107.9454,49.8528],[107.9256,49.8549],[107.9202,49.865],[107.9277,49.8754],[107.9385,49.8757],[107.9492,49.8823],[107.9586,49.8993],[107.9665,49.9059],[107.9744,49.9063],[107.9774,49.9146],[107.9714,49.9269],[107.9681,49.9385],[107.9593,49.9402],[107.948,49.9448],[107.9397,49.9446],[107.932,49.9382],[107.918,49.9353],[107.9062,49.9397],[107.901,49.9365],[107.8873,49.9338],[107.8559,49.936],[107.8484,49.9393],[107.85,49.9511],[107.8371,49.9613],[107.8307,49.961],[107.8216,49.9562],[107.8145,49.9474],[107.8119,49.9399],[107.8027,49.9327],[107.7941,49.9336],[107.7785,49.9482],[107.7693,49.9515],[107.7582,49.9609],[107.7566,49.9694],[107.7314,49.9806],[107.7201,49.9787],[107.7105,49.9742],[107.7076,49.9695],[107.6912,49.9697],[107.681,49.9645],[107.6672,49.9676],[107.6536,49.9612],[107.6438,49.965],[107.6442,49.9742],[107.6372,49.9772],[107.6192,49.9751],[107.6139,49.9716],[107.5976,49.9698],[107.5845,49.9716],[107.5761,49.9765],[107.5607,49.9797],[107.5513,49.9851],[107.5405,49.985],[107.5295,49.9762],[107.5127,49.9761],[107.4929,49.9772],[107.4837,49.9793],[107.475,49.985],[107.4632,49.984],[107.4541,49.9781],[107.4458,49.979],[107.4378,49.9825],[107.4256,49.9814],[107.4263,49.972],[107.411,49.9797],[107.3992,49.9769],[107.3829,49.9784],[107.3615,49.99],[107.3503,49.9997],[107.3374,50.0023],[107.3295,50.0009],[107.3238,50.0042],[107.3074,50.0003],[107.2995,50.0023],[107.2798,50.0008],[107.2735,49.9961],[107.2699,49.9898],[107.2548,49.989],[107.2473,49.9964],[107.2369,49.9992],[107.2291,49.9975],[107.2225,49.9998],[107.213,49.999],[107.2068,50.0064],[107.2003,50.0085],[107.1907,50.0081],[107.1901,50.0139],[107.1846,50.0156],[107.1776,50.011],[107.1678,50.0139],[107.1629,50.023],[107.1502,50.0258],[107.1463,50.0288],[107.1464,50.0346],[107.1528,50.0384],[107.1533,50.0429],[107.1408,50.0458],[107.1316,50.0503],[107.1194,50.0473],[107.0996,50.0499],[107.0912,50.0561],[107.0929,50.0643],[107.0866,50.067],[107.0791,50.0625],[107.0714,50.069],[107.0732,50.0713],[107.0662,50.0788],[107.0754,50.0876],[107.0744,50.0911],[107.0661,50.0914],[107.0593,50.0867],[107.0499,50.0976],[107.0501,50.113],[107.0447,50.1141],[107.0448,50.1195],[107.0385,50.1305],[107.0297,50.1319],[107.0155,50.1439],[107.0162,50.1481],[107.0082,50.1511],[107.0073,50.1565],[106.9994,50.1606],[107.0021,50.1641],[107.0112,50.1651],[107.0093,50.1709],[107.0045,50.1719],[106.9966,50.1855],[107.0133,50.1916],[107.0126,50.1993],[106.9797,50.2091],[106.876,50.263],[106.8159,50.2984],[106.7888,50.3055],[106.7534,50.3128],[106.7322,50.3166],[106.7316,50.3136],[106.5918,50.3387],[106.5725,50.3315],[106.5682,50.3347],[106.5544,50.3361],[106.5448,50.3434],[106.514,50.3449],[106.5082,50.3396],[106.4974,50.3239],[106.4869,50.3232],[106.4672,50.3183],[106.4476,50.315],[106.3933,50.3202],[106.3752,50.3173],[106.349,50.3115],[106.3257,50.3079],[106.3181,50.3013],[106.3126,50.3047],[106.295,50.3016],[106.2614,50.2984],[106.2485,50.308],[106.2414,50.3089],[106.2309,50.3165],[106.2098,50.3194],[106.2028,50.3291],[106.1933,50.3346],[106.1847,50.3364],[106.1831,50.3399],[106.1268,50.337],[106.1178,50.3347],[106.1047,50.3364],[106.0959,50.3336],[106.0823,50.3357],[106.0802,50.3443],[106.067,50.3491],[106.0702,50.3593],[106.0701,50.3673],[106.0763,50.3753],[106.0685,50.3797],[106.0757,50.3873],[106.0748,50.3898],[106.0575,50.4047],[106.0456,50.4022],[106.0184,50.4116],[106.0089,50.4118],[105.9889,50.4163],[105.9327,50.4154],[105.924,50.4162],[105.91,50.4129],[105.8992,50.4128],[105.883,50.4171],[105.8602,50.4271],[105.8444,50.4406],[105.8198,50.4404],[105.8036,50.4335],[105.7923,50.4393],[105.7767,50.4387],[105.7654,50.4349],[105.7593,50.4353],[105.7241,50.4278],[105.7052,50.4266],[105.6759,50.4301],[105.6447,50.4357],[105.6289,50.4276],[105.609,50.429],[105.6005,50.4345],[105.5785,50.4405],[105.5728,50.4487],[105.5253,50.4582],[105.5215,50.4578],[105.4789,50.4446],[105.4437,50.4423],[105.4267,50.4444],[105.4101,50.4513],[105.4024,50.4593],[105.3813,50.4631],[105.3743,50.4678],[105.3611,50.4732],[105.3548,50.4797],[105.3461,50.4763],[105.3273,50.4733],[105.2986,50.4724],[105.2777,50.4667],[105.2684,50.4656],[105.2646,50.4616],[105.2702,50.4503],[105.2641,50.4437],[105.2529,50.4407],[105.2396,50.4323],[105.2226,50.4243],[105.216,50.4254],[105.2005,50.4149],[105.1982,50.4118],[105.1743,50.4095],[105.1634,50.4127],[105.1591,50.4043],[105.151,50.4001],[105.1408,50.3987],[105.1343,50.394],[105.1203,50.3899],[105.1144,50.3915],[105.1047,50.3982],[105.0931,50.3954],[105.0882,50.3881],[105.0716,50.3877],[105.0643,50.3888],[105.0272,50.3873],[105.0148,50.3918],[105.0083,50.3871],[104.9964,50.3912],[104.9876,50.3916],[104.9771,50.3945],[104.9724,50.4011],[104.9657,50.4042],[104.9392,50.4047],[104.9334,50.4034],[104.9256,50.4073],[104.9153,50.4064],[104.9102,50.4038],[104.9014,50.409],[104.8891,50.4079],[104.8889,50.3999],[104.8802,50.3985],[104.8751,50.39],[104.8753,50.3775],[104.8703,50.3713],[104.852,50.3673],[104.85,50.3595],[104.8418,50.3583],[104.8324,50.3602],[104.8275,50.3532],[104.821,50.3514],[104.8118,50.3412],[104.8035,50.3402],[104.7967,50.3427],[104.7769,50.3427],[104.762,50.3404],[104.7484,50.3459],[104.7422,50.35],[104.7235,50.3577],[104.7126,50.3535],[104.6986,50.3672],[104.6733,50.3594],[104.6674,50.3525],[104.6685,50.3437],[104.6606,50.3335],[104.6597,50.3296],[104.6523,50.3285],[104.6503,50.3243],[104.6371,50.3235],[104.6312,50.319],[104.6228,50.3168],[104.6138,50.3181],[104.5954,50.3161],[104.5837,50.3125],[104.5784,50.3083],[104.572,50.3078],[104.5614,50.3013],[104.5565,50.3076],[104.5312,50.3156],[104.5254,50.3141],[104.5174,50.3172],[104.5079,50.3152],[104.5024,50.3114],[104.4899,50.3072],[104.472,50.3137],[104.4571,50.3149],[104.4493,50.31],[104.4473,50.306],[104.4264,50.3076],[104.4397,50.2888],[104.4544,50.2736],[104.4684,50.2537],[104.4677,50.2512],[104.4803,50.237],[104.481,50.2331],[104.4899,50.2185],[104.4894,50.2084],[104.4972,50.2002],[104.5011,50.1999],[104.5196,50.193],[104.5249,50.1859],[104.5302,50.1834],[104.5459,50.1672],[104.563,50.1622],[104.5763,50.154],[104.5835,50.153],[104.5771,50.1473],[104.5632,50.1398],[104.5678,50.1328],[104.5662,50.127],[104.5751,50.1188],[104.5833,50.1082],[104.5838,50.0973],[104.5806,50.0955],[104.5321,50.0098],[104.5322,49.9554],[104.5253,49.8773],[104.5965,49.8328],[104.6898,49.775],[104.7556,49.7375],[104.7818,49.6961],[104.7838,49.6791],[104.7811,49.6772],[104.7594,49.6733],[104.7447,49.6777],[104.7348,49.6854],[104.7172,49.6832],[104.7113,49.6835],[104.6987,49.6805],[104.6925,49.6735],[104.6859,49.6698],[104.7016,49.6647],[104.6951,49.6249],[104.6959,49.5216],[104.685,49.4802],[104.6107,49.4259],[104.6029,49.3477],[104.6072,49.3324],[104.5964,49.3132],[104.5968,49.2913],[104.5503,49.2493],[104.5471,49.2001],[104.5346,49.1818],[104.5207,49.1648],[104.5373,49.1365],[104.5631,49.1258],[104.5833,49.1005],[104.6081,49.0859],[104.6324,49.0599],[104.5353,49.0142],[104.4716,48.9629],[104.41,48.9162],[104.463,48.8859],[104.534,48.8477],[104.6252,48.851],[104.6215,48.8463],[104.6244,48.8379],[104.6231,48.8317],[104.6092,48.8228],[104.6099,48.8085],[104.6041,48.8022],[104.5911,48.7976],[104.5845,48.7991],[104.5697,48.7959],[104.5617,48.8017],[104.5545,48.8],[104.5378,48.786],[104.547,48.7757],[104.5382,48.772],[104.5241,48.7763],[104.5183,48.7693],[104.5312,48.7644],[104.5283,48.7531],[104.5182,48.7403],[104.5033,48.7343],[104.5034,48.7264],[104.498,48.7218],[104.5163,48.6499],[104.5471,48.6254],[104.5576,48.6326],[104.5825,48.6364],[104.5963,48.6441],[104.6666,48.6284],[104.7498,48.5922],[104.7988,48.5678],[104.8631,48.5766],[105.0165,48.53],[105.0826,48.5631],[105.179,48.581],[105.2718,48.5654],[105.3282,48.6011],[105.3786,48.6028],[105.4737,48.6686],[105.4657,48.7386],[105.4495,48.7802],[105.4649,48.8098],[105.5236,48.824],[105.5609,48.8353],[105.5757,48.8371],[105.6094,48.8431],[105.8206,48.8879],[105.917,48.8833],[106.0741,48.853],[106.0627,48.8149],[105.9669,48.7171],[106.0262,48.7082],[106.0901,48.6468],[106.2064,48.6899],[106.2898,48.6866],[106.3087,48.6725],[106.3886,48.6548],[106.4314,48.6291],[106.4664,48.6179],[106.5364,48.5985],[106.5258,48.553],[106.5653,48.5534],[106.6387,48.5478],[106.6544,48.549],[106.7765,48.5474],[106.7843,48.577],[106.807,48.5953],[106.8377,48.6082],[106.8739,48.6349],[106.9412,48.6349],[106.9978,48.6184],[107.1229,48.6477],[107.1585,48.6419],[107.208,48.6037],[107.261,48.5942],[107.2761,48.5991],[107.3005,48.5998],[107.3147,48.6029],[107.3289,48.6019],[107.3367,48.5991],[107.3496,48.6011],[107.3611,48.6066],[107.3785,48.6079],[107.3928,48.6113],[107.3989,48.6079],[107.4088,48.6123],[107.4281,48.6158],[107.4383,48.6129],[107.4456,48.6163],[107.4509,48.6155],[107.47,48.6238],[107.4918,48.6363],[107.4962,48.6371],[107.5058,48.6463],[107.5127,48.6461],[107.5229,48.6417],[107.5276,48.6442],[107.537,48.6427],[107.5404,48.6474],[107.558,48.6492],[107.5632,48.6519],[107.5902,48.6456],[107.6067,48.6466],[107.6254,48.6424],[107.6315,48.638],[107.6436,48.6388],[107.652,48.6378],[107.6626,48.6418],[107.6782,48.6427],[107.6909,48.6385],[107.6987,48.6516],[107.6707,48.6784],[107.675,48.7161],[107.6876,48.7253],[107.7321,48.8159],[107.7698,48.8384],[107.7335,48.8839],[107.7027,48.8855],[107.641,48.9047],[107.6035,48.9292],[107.5455,49.0163],[107.7528,49.0894],[107.9365,49.0997],[108.0754,49.0407],[108.1303,49.0367],[108.1428,49.0415],[108.1453,49.0475],[108.1429,49.0508],[108.1491,49.0549],[108.1482,49.0627],[108.1527,49.0687],[108.1603,49.0715],[108.1649,49.0783],[108.1744,49.0768],[108.1805,49.0797],[108.192,49.0785],[108.2107,49.0857],[108.2159,49.0848],[108.2224,49.092],[108.2318,49.092],[108.2413,49.0949],[108.2571,49.0952],[108.2658,49.0995],[108.2649,49.1031],[108.2714,49.1067],[108.286,49.1071],[108.2888,49.1096],[108.3004,49.1085],[108.3116,49.1107],[108.3132,49.1141],[108.3422,49.1203],[108.3483,49.1165],[108.3535,49.1204],[108.3617,49.1186],[108.3682,49.1216],[108.3745,49.1212],[108.3774,49.1252],[108.3905,49.1184],[108.4022,49.1145],[108.4147,49.1205],[108.4188,49.1195],[108.4336,49.1257],[108.4477,49.1281],[108.4522,49.1354],[108.4624,49.1371],[108.4647,49.1438],[108.4726,49.1438],[108.4783,49.1403],[108.4901,49.1459],[108.5022,49.1464],[108.5111,49.1516],[108.5056,49.1543],[108.5266,49.1877],[108.5766,49.3225],[108.5809,49.3355]],[[106.1403,49.9153],[106.1459,49.9225],[106.1537,49.9198],[106.1491,49.9154],[106.1736,49.9109],[106.1785,49.9132],[106.1861,49.9088],[106.195,49.9067],[106.1974,49.9001],[106.2048,49.9007],[106.2083,49.897],[106.2225,49.8925],[106.2212,49.8886],[106.2261,49.8839],[106.2286,49.8774],[106.2386,49.8834],[106.2436,49.879],[106.2401,49.8679],[106.2339,49.8541],[106.2297,49.8504],[106.2273,49.8401],[106.2227,49.8335],[106.178,49.7617],[106.16,49.7529],[106.1347,49.7361],[106.1025,49.7134],[106.0624,49.6861],[106.0472,49.6803],[106.0261,49.6488],[106.0667,49.6473],[106.0623,49.6443],[106.0647,49.6352],[106.0733,49.6332],[106.0725,49.6266],[106.0786,49.6222],[106.0892,49.6221],[106.1075,49.6199],[106.115,49.6167],[106.1323,49.606],[106.137,49.5993],[106.162,49.5974],[106.1751,49.5995],[106.1818,49.5931],[106.1891,49.5911],[106.1987,49.5839],[106.2066,49.5829],[106.2104,49.5742],[106.2214,49.5716],[106.2234,49.5627],[106.2352,49.56],[106.246,49.5615],[106.278,49.5546],[106.2852,49.5555],[106.294,49.5481],[106.3042,49.5512],[106.3168,49.5476],[106.3185,49.5523],[106.327,49.5496],[106.3415,49.5477],[106.3587,49.5426],[106.3678,49.5432],[106.3705,49.5391],[106.3804,49.5383],[106.3829,49.5413],[106.3996,49.5359],[106.4077,49.5381],[106.416,49.5272],[106.4296,49.5204],[106.4553,49.5566],[106.4705,49.5876],[106.526,49.587],[106.6034,49.595],[106.6297,49.5823],[106.7366,49.5479],[106.8017,49.3956],[106.7888,49.3718],[106.7629,49.328],[106.7725,49.2661],[106.7855,49.2343],[106.8236,49.1595],[106.7629,49.1887],[106.6297,49.1776],[106.5334,49.1805],[106.4761,49.1804],[106.4434,49.1729],[106.4326,49.2001],[106.3929,49.208],[106.3372,49.218],[106.3013,49.2334],[106.1958,49.2042],[106.1454,49.1732],[106.1234,49.1359],[106.0429,49.1451],[105.9301,49.1234],[105.8718,49.1284],[105.8729,49.1307],[105.8588,49.1414],[105.8613,49.1452],[105.8563,49.1511],[105.8503,49.1533],[105.8537,49.1626],[105.852,49.1778],[105.8586,49.1906],[105.8604,49.1988],[105.8589,49.2039],[105.8534,49.2085],[105.8491,49.2159],[105.8588,49.2226],[105.8539,49.2317],[105.8631,49.2349],[105.8633,49.2438],[105.8671,49.2492],[105.8736,49.251],[105.8819,49.2567],[105.8856,49.2553],[105.8951,49.2639],[105.8949,49.2731],[105.8971,49.2771],[105.8921,49.286],[105.9005,49.2953],[105.9002,49.3067],[105.9041,49.3155],[105.9035,49.3214],[105.9095,49.3228],[105.9096,49.3294],[105.8983,49.3295],[105.8904,49.3341],[105.8856,49.3408],[105.8904,49.3446],[105.8865,49.3489],[105.8971,49.3553],[105.8939,49.3582],[105.9019,49.3653],[105.8948,49.3662],[105.8886,49.3721],[105.8896,49.3773],[105.8955,49.3834],[105.8906,49.3869],[105.9035,49.3921],[105.9015,49.3971],[105.9068,49.4041],[105.9026,49.4148],[105.9031,49.4204],[105.8984,49.4492],[105.9062,49.4578],[105.9,49.4612],[105.8968,49.4679],[105.9024,49.4722],[105.8992,49.4837],[105.8936,49.4815],[105.8903,49.487],[105.8953,49.489],[105.8947,49.4968],[105.8885,49.5041],[105.8971,49.5078],[105.8994,49.5164],[105.8955,49.5192],[105.8948,49.5252],[105.8995,49.528],[105.9012,49.5337],[105.8971,49.5434],[105.892,49.5444],[105.8871,49.5498],[105.8956,49.5569],[105.8914,49.563],[105.8818,49.5649],[105.8724,49.5697],[105.8769,49.575],[105.8605,49.5928],[105.8587,49.6008],[105.8448,49.6023],[105.8406,49.6053],[105.841,49.6132],[105.8353,49.6154],[105.8418,49.6202],[105.8426,49.6268],[105.8344,49.6297],[105.8274,49.6361],[105.8324,49.6419],[105.8336,49.6499],[105.842,49.6479],[105.8469,49.65],[105.8463,49.6551],[105.8605,49.6547],[105.8568,49.6591],[105.8595,49.6639],[105.8676,49.6636],[105.864,49.6735],[105.8676,49.6762],[105.8867,49.672],[105.8878,49.6799],[105.897,49.6871],[105.891,49.6908],[105.9043,49.7029],[105.9102,49.7052],[105.9178,49.6982],[105.9241,49.7043],[105.9143,49.7081],[105.9191,49.7144],[105.9255,49.7145],[105.9377,49.7189],[105.9462,49.7177],[105.9517,49.7132],[105.9573,49.713],[105.9551,49.7202],[105.9571,49.7244],[105.9661,49.7274],[105.9766,49.7268],[105.981,49.7317],[105.9893,49.7345],[105.9983,49.7408],[105.9967,49.7444],[106.0125,49.7448],[106.011,49.7528],[106.0191,49.7536],[106.0173,49.7584],[106.0241,49.763],[106.0237,49.7672],[106.0288,49.7738],[106.0265,49.7801],[106.0378,49.7774],[106.0387,49.7819],[106.0335,49.7868],[106.0413,49.7933],[106.049,49.7928],[106.0649,49.796],[106.0638,49.8013],[106.0555,49.8034],[106.0529,49.8083],[106.0659,49.811],[106.0759,49.8178],[106.0793,49.8248],[106.0928,49.8245],[106.0991,49.8271],[106.1029,49.8383],[106.1005,49.843],[106.1088,49.8454],[106.1147,49.8505],[106.1229,49.8535],[106.1183,49.8646],[106.1216,49.8687],[106.1429,49.8703],[106.1379,49.8779],[106.1441,49.8801],[106.1455,49.8861],[106.1557,49.8936],[106.1535,49.9006],[106.1387,49.9013],[106.1292,49.9052],[106.1306,49.9092],[106.1395,49.9096],[106.1403,49.9153]]]}},{"type":"Feature","properties":{"id":44,"name":"Дорноговь"},"geometry":{"type":"Polygon","coordinates":[[[111.2317,46.2358],[111.1216,46.1529],[111.041,46.1132],[111.0142,46.0909],[110.9648,46.0596],[110.8195,46.0676],[110.7547,46.0787],[110.6577,46.0919],[110.5919,46.1345],[110.5859,46.195],[110.5651,46.2221],[110.4899,46.2968],[110.4597,46.371],[110.3819,46.4179],[110.3331,46.4435],[110.2019,46.5667],[110.1873,46.6115],[110.1129,46.6233],[110.0699,46.6331],[110.0303,46.6308],[110.0399,46.5102],[110.0722,46.4956],[110.0252,46.4369],[110.0196,46.3554],[109.9579,46.2799],[109.9331,46.2674],[109.8748,46.2371],[109.6939,46.179],[109.5495,46.173],[109.471,46.1744],[109.4009,46.1838],[109.3523,46.2014],[109.3288,46.1968],[109.1518,46.3247],[109.1894,46.3353],[109.1642,46.3967],[109.0543,46.4334],[109.0196,46.5067],[108.9496,46.4241],[108.7861,46.2359],[108.7158,46.1811],[108.6608,46.1396],[108.6696,46.1303],[108.6845,46.1246],[108.6997,46.1116],[108.7276,46.1036],[108.7324,46.0988],[108.7428,46.0809],[108.7487,46.058],[108.7241,46.0254],[108.6829,45.9638],[108.5678,45.946],[108.5139,45.6768],[108.5108,45.5855],[108.535,45.5303],[108.5467,45.4443],[108.5517,45.4237],[108.5618,45.3787],[108.564,45.3644],[108.5793,45.3091],[108.5877,45.2867],[108.5957,45.2264],[108.6727,45.09],[108.4932,45.0616],[108.4243,44.9013],[108.3921,44.8949],[108.3615,44.8851],[108.1716,44.8805],[108.1071,44.8785],[107.8704,44.8594],[107.8436,44.7965],[107.8078,44.7505],[107.7912,44.6949],[107.7861,44.6086],[107.7086,44.5317],[107.7011,44.4665],[107.6681,44.3608],[107.6553,44.3163],[107.6983,44.2485],[107.7684,44.1459],[107.7875,44.1339],[107.8123,44.0575],[107.8482,43.9713],[107.8714,43.9281],[107.9134,43.8177],[107.9844,43.7239],[107.9853,43.6688],[107.9665,43.635],[107.9882,43.5325],[107.9935,43.2843],[108.0591,43.2001],[108.0633,43.0977],[108.0657,43.0597],[108.0781,42.9994],[108.0885,42.8957],[108.0683,42.8291],[108.0704,42.7192],[108.0313,42.582],[108.0416,42.5149],[108.0192,42.4341],[108.0839,42.4372],[108.1885,42.4522],[108.2449,42.4633],[108.2949,42.439],[108.3609,42.4393],[108.4061,42.4413],[108.4472,42.4438],[108.5373,42.443],[108.698,42.4146],[108.7879,42.4159],[108.8307,42.4048],[108.84,42.397],[108.943,42.4369],[108.9944,42.4524],[109.0028,42.4464],[109.018,42.4574],[109.1041,42.4503],[109.2844,42.4351],[109.3058,42.4402],[109.4789,42.4559],[109.4966,42.4672],[109.5352,42.4704],[109.6795,42.5587],[109.8982,42.6327],[110.0048,42.6376],[110.1023,42.6413],[110.1326,42.6712],[110.3328,42.7348],[110.4333,42.7798],[110.4645,42.8344],[110.6237,42.9336],[110.6825,43.0174],[110.6813,43.0371],[110.7298,43.0856],[110.7656,43.0997],[110.8764,43.2048],[110.9626,43.2861],[110.9938,43.3134],[111.0211,43.33],[111.0399,43.3379],[111.0571,43.3482],[111.0623,43.3551],[111.147,43.3769],[111.1718,43.3906],[111.2255,43.4051],[111.2601,43.4162],[111.3184,43.4292],[111.3361,43.4312],[111.3487,43.4349],[111.3569,43.4391],[111.3931,43.4711],[111.4518,43.4912],[111.5021,43.4865],[111.5585,43.488],[111.5998,43.5102],[111.7031,43.598],[111.7874,43.6696],[111.8842,43.6732],[111.9222,43.6873],[111.9466,43.6904],[111.9647,43.7442],[111.9604,43.7993],[111.9548,43.8208],[111.9383,43.8437],[111.8969,43.8945],[111.8671,43.9383],[111.7756,44.0039],[111.7406,44.013],[111.7229,44.0226],[111.6969,44.0337],[111.6794,44.0426],[111.6637,44.0565],[111.6551,44.063],[111.5999,44.1163],[111.5916,44.135],[111.5691,44.1541],[111.5659,44.1598],[111.5578,44.1666],[111.547,44.1848],[111.5339,44.2108],[111.5314,44.234],[111.5226,44.2436],[111.5278,44.2633],[111.5188,44.2723],[111.5105,44.2854],[111.4978,44.2965],[111.4817,44.3039],[111.4516,44.3109],[111.4241,44.3195],[111.4113,44.3558],[111.4212,44.3811],[111.4232,44.3942],[111.475,44.4867],[111.4994,44.5058],[111.5094,44.5082],[111.5263,44.5498],[111.5558,44.5652],[111.5628,44.5748],[111.5618,44.5928],[111.5551,44.6441],[111.5657,44.6694],[111.5666,44.678],[111.5742,44.6937],[111.5778,44.7042],[111.5947,44.7334],[111.6008,44.7375],[111.5998,44.7432],[111.6187,44.7774],[111.6462,44.8101],[111.6658,44.8391],[111.6862,44.8637],[111.6947,44.8719],[111.7014,44.8873],[111.7089,44.8986],[111.7353,44.9414],[111.7509,44.9584],[111.7668,44.9784],[111.8004,44.9999],[111.8082,45.0042],[111.8375,45.018],[111.871,45.0378],[111.8826,45.0438],[111.9519,45.0714],[111.9714,45.0837],[111.9634,45.215],[111.9867,45.2722],[111.9359,45.3192],[111.8445,45.3906],[111.8553,45.4526],[111.7732,45.5043],[111.7316,45.519],[111.7454,45.5841],[111.7543,45.6349],[111.7882,45.7975],[111.7785,45.8252],[111.7601,45.8578],[111.7523,45.9089],[111.7446,45.9247],[111.689,46.0007],[111.6412,46.0937],[111.5774,46.11],[111.5341,46.1245],[111.4557,46.1601],[111.3916,46.1863],[111.3416,46.2075],[111.2957,46.2181],[111.2317,46.2358]]]}},{"type":"Feature","properties":{"id":45,"name":"Дархан-Уул"},"geometry":{"type":"Polygon","coordinates":[[[106.1403,49.9153],[106.1395,49.9096],[106.1306,49.9092],[106.1292,49.9052],[106.1387,49.9013],[106.1535,49.9006],[106.1557,49.8936],[106.1455,49.8861],[106.1441,49.8801],[106.1379,49.8779],[106.1429,49.8703],[106.1216,49.8687],[106.1183,49.8646],[106.1229,49.8535],[106.1147,49.8505],[106.1088,49.8454],[106.1005,49.843],[106.1029,49.8383],[106.0991,49.8271],[106.0928,49.8245],[106.0793,49.8248],[106.0759,49.8178],[106.0659,49.811],[106.0529,49.8083],[106.0555,49.8034],[106.0638,49.8013],[106.0649,49.796],[106.049,49.7928],[106.0413,49.7933],[106.0335,49.7868],[106.0387,49.7819],[106.0378,49.7774],[106.0265,49.7801],[106.0288,49.7738],[106.0237,49.7672],[106.0241,49.763],[106.0173,49.7584],[106.0191,49.7536],[106.011,49.7528],[106.0125,49.7448],[105.9967,49.7444],[105.9983,49.7408],[105.9893,49.7345],[105.981,49.7317],[105.9766,49.7268],[105.9661,49.7274],[105.9571,49.7244],[105.9551,49.7202],[105.9573,49.713],[105.9517,49.7132],[105.9462,49.7177],[105.9377,49.7189],[105.9255,49.7145],[105.9191,49.7144],[105.9143,49.7081],[105.9241,49.7043],[105.9178,49.6982],[105.9102,49.7052],[105.9043,49.7029],[105.891,49.6908],[105.897,49.6871],[105.8878,49.6799],[105.8867,49.672],[105.8676,49.6762],[105.864,49.6735],[105.8676,49.6636],[105.8595,49.6639],[105.8568,49.6591],[105.8605,49.6547],[105.8463,49.6551],[105.8469,49.65],[105.842,49.6479],[105.8336,49.6499],[105.8324,49.6419],[105.8274,49.6361],[105.8344,49.6297],[105.8426,49.6268],[105.8418,49.6202],[105.8353,49.6154],[105.841,49.6132],[105.8406,49.6053],[105.8448,49.6023],[105.8587,49.6008],[105.8605,49.5928],[105.8769,49.575],[105.8724,49.5697],[105.8818,49.5649],[105.8914,49.563],[105.8956,49.5569],[105.8871,49.5498],[105.892,49.5444],[105.8971,49.5434],[105.9012,49.5337],[105.8995,49.528],[105.8948,49.5252],[105.8955,49.5192],[105.8994,49.5164],[105.8971,49.5078],[105.8885,49.5041],[105.8947,49.4968],[105.8953,49.489],[105.8903,49.487],[105.8936,49.4815],[105.8992,49.4837],[105.9024,49.4722],[105.8968,49.4679],[105.9,49.4612],[105.9062,49.4578],[105.8984,49.4492],[105.9031,49.4204],[105.9026,49.4148],[105.9068,49.4041],[105.9015,49.3971],[105.9035,49.3921],[105.8906,49.3869],[105.8955,49.3834],[105.8896,49.3773],[105.8886,49.3721],[105.8948,49.3662],[105.9019,49.3653],[105.8939,49.3582],[105.8971,49.3553],[105.8865,49.3489],[105.8904,49.3446],[105.8856,49.3408],[105.8904,49.3341],[105.8983,49.3295],[105.9096,49.3294],[105.9095,49.3228],[105.9035,49.3214],[105.9041,49.3155],[105.9002,49.3067],[105.9005,49.2953],[105.8921,49.286],[105.8971,49.2771],[105.8949,49.2731],[105.8951,49.2639],[105.8856,49.2553],[105.8819,49.2567],[105.8736,49.251],[105.8671,49.2492],[105.8633,49.2438],[105.8631,49.2349],[105.8539,49.2317],[105.8588,49.2226],[105.8491,49.2159],[105.8534,49.2085],[105.8589,49.2039],[105.8604,49.1988],[105.8586,49.1906],[105.852,49.1778],[105.8537,49.1626],[105.8503,49.1533],[105.8563,49.1511],[105.8613,49.1452],[105.8588,49.1414],[105.8729,49.1307],[105.8718,49.1284],[105.9301,49.1234],[106.0429,49.1451],[106.1234,49.1359],[106.1454,49.1732],[106.1958,49.2042],[106.3013,49.2334],[106.3372,49.218],[106.3929,49.208],[106.4326,49.2001],[106.4434,49.1729],[106.4761,49.1804],[106.5334,49.1805],[106.6297,49.1776],[106.7629,49.1887],[106.8236,49.1595],[106.7855,49.2343],[106.7725,49.2661],[106.7629,49.328],[106.7888,49.3718],[106.8017,49.3956],[106.7366,49.5479],[106.6297,49.5823],[106.6034,49.595],[106.526,49.587],[106.4705,49.5876],[106.4553,49.5566],[106.4296,49.5204],[106.416,49.5272],[106.4077,49.5381],[106.3996,49.5359],[106.3829,49.5413],[106.3804,49.5383],[106.3705,49.5391],[106.3678,49.5432],[106.3587,49.5426],[106.3415,49.5477],[106.327,49.5496],[106.3185,49.5523],[106.3168,49.5476],[106.3042,49.5512],[106.294,49.5481],[106.2852,49.5555],[106.278,49.5546],[106.246,49.5615],[106.2352,49.56],[106.2234,49.5627],[106.2214,49.5716],[106.2104,49.5742],[106.2066,49.5829],[106.1987,49.5839],[106.1891,49.5911],[106.1818,49.5931],[106.1751,49.5995],[106.162,49.5974],[106.137,49.5993],[106.1323,49.606],[106.115,49.6167],[106.1075,49.6199],[106.0892,49.6221],[106.0786,49.6222],[106.0725,49.6266],[106.0733,49.6332],[106.0647,49.6352],[106.0623,49.6443],[106.0667,49.6473],[106.0261,49.6488],[106.0472,49.6803],[106.0624,49.6861],[106.1025,49.7134],[106.1347,49.7361],[106.16,49.7529],[106.178,49.7617],[106.2227,49.8335],[106.2273,49.8401],[106.2297,49.8504],[106.2339,49.8541],[106.2401,49.8679],[106.2436,49.879],[106.2386,49.8834],[106.2286,49.8774],[106.2261,49.8839],[106.2212,49.8886],[106.2225,49.8925],[106.2083,49.897],[106.2048,49.9007],[106.1974,49.9001],[106.195,49.9067],[106.1861,49.9088],[106.1785,49.9132],[106.1736,49.9109],[106.1491,49.9154],[106.1537,49.9198],[106.1459,49.9225],[106.1403,49.9153]]]}},{"type":"Feature","properties":{"id":46,"name":"Өмнөговь"},"geometry":{"type":"Polygon","coordinates":[[[107.7086,44.5317],[107.4416,44.4831],[107.3232,44.5182],[107.2232,44.502],[107.1452,44.4848],[106.791,44.4209],[106.6593,44.3671],[106.5317,44.3135],[106.474,44.2817],[106.4217,44.2748],[106.3053,44.2087],[106.2067,44.1891],[106.0416,44.1643],[105.9276,44.2036],[105.828,44.2452],[105.7644,44.2978],[105.7108,44.3166],[105.73,44.3967],[105.6439,44.4514],[105.4746,44.6893],[105.3289,44.6945],[105.2294,44.6975],[105.0994,44.7093],[104.8712,44.6906],[104.6834,44.7144],[104.5743,44.7387],[104.4779,44.7539],[104.234,44.8191],[104.1714,44.9463],[104.1272,45.0574],[104.1316,45.0773],[104.1296,45.0824],[104.132,45.0891],[104.1259,45.0901],[104.129,45.1022],[104.1225,45.1177],[104.1232,45.135],[104.1268,45.1368],[104.1264,45.1444],[104.117,45.1538],[104.0977,45.1543],[103.9464,45.1605],[103.7898,45.1737],[103.7433,45.1344],[103.6009,45.0074],[103.5786,44.9859],[103.3848,44.907],[103.3121,44.8759],[103.2862,44.8634],[103.2542,44.8363],[103.1445,44.7008],[103.0444,44.545],[103.0144,44.4356],[102.9146,44.389],[102.8523,44.3107],[102.8755,44.2822],[102.9153,44.2476],[102.9546,44.2171],[102.9584,44.2049],[102.966,44.1722],[102.8996,44.1755],[102.754,44.1678],[102.6606,44.1669],[102.3935,44.1835],[102.2442,44.1584],[102.0588,44.1433],[102.0039,44.1289],[101.9434,44.1065],[101.9179,44.0956],[101.7423,44.0419],[101.3553,43.9027],[101.2253,43.8539],[101.0237,43.8506],[100.8393,43.8455],[100.2862,43.8295],[100.0753,43.9896],[99.9908,44.0591],[99.7621,44.1631],[99.6681,44.1424],[99.4834,44.1243],[99.426,44.1184],[99.4951,43.2358],[99.5764,42.9155],[99.5908,42.7554],[99.5985,42.6652],[99.6319,42.5892],[99.8286,42.6239],[99.9682,42.6484],[100.0715,42.6441],[100.2675,42.6359],[100.2685,42.6417],[100.3181,42.6874],[100.5004,42.6826],[100.6489,42.6784],[100.8482,42.6725],[101.0158,42.6388],[101.1441,42.6128],[101.2774,42.5857],[101.4236,42.5557],[101.5674,42.526],[101.8003,42.5041],[101.8834,42.4205],[101.9886,42.3144],[102.0766,42.2251],[102.2983,42.177],[102.446,42.1447],[102.5413,42.1608],[102.6419,42.152],[102.7089,42.1515],[102.8919,42.0772],[102.9924,42.0361],[103.1871,41.965],[103.3164,41.9175],[103.4132,41.8817],[103.6126,41.8452],[103.7417,41.8252],[103.8549,41.7999],[104.0738,41.8038],[104.3032,41.84],[104.5252,41.8747],[104.5218,41.7768],[104.5177,41.6608],[104.6816,41.6451],[104.9171,41.6542],[105.0067,41.5818],[105.0935,41.6466],[105.2298,41.7484],[105.2899,41.7478],[105.3283,41.7656],[105.3614,41.7783],[105.3828,41.7948],[105.4216,41.8099],[105.4839,41.8356],[105.5219,41.8526],[105.5836,41.885],[105.6428,41.9083],[105.7161,41.9382],[105.8338,41.9744],[105.9547,42.0114],[106.076,42.0523],[106.2428,42.1128],[106.3663,42.1573],[106.5166,42.2084],[106.6062,42.2387],[106.783,42.29],[106.9183,42.3033],[107.0438,42.315],[107.136,42.3344],[107.2651,42.3624],[107.2879,42.4073],[107.4599,42.4579],[107.4945,42.4559],[107.5684,42.4112],[107.7274,42.4138],[107.9301,42.4027],[107.9604,42.4133],[107.9776,42.4135],[108.0192,42.4341],[108.0416,42.5149],[108.0313,42.582],[108.0704,42.7192],[108.0683,42.8291],[108.0885,42.8957],[108.0781,42.9994],[108.0657,43.0597],[108.0633,43.0977],[108.0591,43.2001],[107.9935,43.2843],[107.9882,43.5325],[107.9665,43.635],[107.9853,43.6688],[107.9844,43.7239],[107.9134,43.8177],[107.8714,43.9281],[107.8482,43.9713],[107.8123,44.0575],[107.7875,44.1339],[107.7684,44.1459],[107.6983,44.2485],[107.6553,44.3163],[107.6681,44.3608],[107.7011,44.4665],[107.7086,44.5317]]]}},{"type":"Feature","properties":{"id":48,"name":"Дундговь"},"geometry":{"type":"Polygon","coordinates":[[[108.5678,45.946],[108.4346,45.908],[108.4077,45.8805],[108.3235,45.9082],[108.3183,45.9348],[108.2898,45.9485],[108.289,45.9538],[108.2156,46.007],[108.1445,46.0764],[108.2395,46.1214],[108.2594,46.1838],[108.26,46.2103],[108.2848,46.2539],[108.306,46.2841],[108.3017,46.3098],[108.2948,46.3226],[108.2969,46.3422],[108.2332,46.3982],[108.1572,46.4892],[108.1814,46.5262],[108.1955,46.5407],[108.2776,46.5664],[108.2619,46.5879],[108.2528,46.6025],[108.2418,46.6171],[108.2359,46.6207],[108.2206,46.6235],[108.2069,46.6241],[108.2003,46.6269],[108.1754,46.6438],[108.1619,46.6539],[108.1359,46.6713],[108.0892,46.6899],[108.0312,46.7143],[108.0052,46.7243],[107.9961,46.7373],[107.9812,46.7499],[107.9566,46.7616],[107.9419,46.7623],[107.9263,46.7706],[107.9172,46.7725],[107.9,46.7719],[107.8843,46.7809],[107.8416,46.6798],[107.836,46.5587],[107.6097,46.5584],[107.5014,46.4555],[107.4586,46.4182],[107.3997,46.4232],[107.3028,46.4156],[107.1543,46.4036],[107.1431,46.4062],[107.0797,46.416],[106.9082,46.5366],[106.7574,46.5855],[106.6426,46.5958],[106.5482,46.5939],[106.4117,46.5915],[106.2916,46.5931],[106.1485,46.5614],[106.1446,46.6144],[106.0249,46.6372],[105.9902,46.6543],[105.9692,46.6716],[105.8944,46.698],[105.8464,46.7414],[105.694,46.7358],[105.621,46.6699],[105.5444,46.6053],[105.4753,46.5387],[105.4479,46.5216],[105.4055,46.4614],[105.2686,46.5084],[105.2292,46.5305],[105.1316,46.5579],[105.0149,46.5776],[104.9922,46.5871],[104.9457,46.5847],[104.8988,46.5683],[104.8646,46.5335],[104.7872,46.4747],[104.6629,46.3854],[104.6149,46.3123],[104.6438,46.2512],[104.6195,46.2384],[104.5477,46.1928],[104.5589,46.1372],[104.4691,46.1259],[104.301,46.1242],[104.2466,46.0324],[104.2325,45.9907],[104.2187,45.9622],[104.1235,45.8652],[104.1068,45.7301],[103.955,45.7167],[103.7514,45.7387],[103.6542,45.6803],[103.6429,45.653],[103.6094,45.5794],[103.6112,45.5176],[103.6198,45.44],[103.7154,45.372],[103.7598,45.3652],[103.7744,45.3159],[103.7361,45.2864],[103.7898,45.1737],[103.9464,45.1605],[104.0977,45.1543],[104.117,45.1538],[104.1264,45.1444],[104.1268,45.1368],[104.1232,45.135],[104.1225,45.1177],[104.129,45.1022],[104.1259,45.0901],[104.132,45.0891],[104.1296,45.0824],[104.1316,45.0773],[104.1272,45.0574],[104.1714,44.9463],[104.234,44.8191],[104.4779,44.7539],[104.5743,44.7387],[104.6834,44.7144],[104.8712,44.6906],[105.0994,44.7093],[105.2294,44.6975],[105.3289,44.6945],[105.4746,44.6893],[105.6439,44.4514],[105.73,44.3967],[105.7108,44.3166],[105.7644,44.2978],[105.828,44.2452],[105.9276,44.2036],[106.0416,44.1643],[106.2067,44.1891],[106.3053,44.2087],[106.4217,44.2748],[106.474,44.2817],[106.5317,44.3135],[106.6593,44.3671],[106.791,44.4209],[107.1452,44.4848],[107.2232,44.502],[107.3232,44.5182],[107.4416,44.4831],[107.7086,44.5317],[107.7861,44.6086],[107.7912,44.6949],[107.8078,44.7505],[107.8436,44.7965],[107.8704,44.8594],[108.1071,44.8785],[108.1716,44.8805],[108.3615,44.8851],[108.3921,44.8949],[108.4243,44.9013],[108.4932,45.0616],[108.6727,45.09],[108.5957,45.2264],[108.5877,45.2867],[108.5793,45.3091],[108.564,45.3644],[108.5618,45.3787],[108.5517,45.4237],[108.5467,45.4443],[108.535,45.5303],[108.5108,45.5855],[108.5139,45.6768],[108.5678,45.946]]]}},{"type":"Feature","properties":{"id":61,"name":"Орхон"},"geometry":{"type":"Polygon","coordinates":[[[104.5373,49.1365],[104.4748,49.1352],[104.3685,49.1669],[104.3298,49.1702],[104.2746,49.1036],[104.2804,49.0873],[104.2642,49.0804],[104.2344,49.1046],[104.1145,49.142],[104.0636,49.1572],[104.0335,49.111],[104.0296,49.1042],[103.9803,49.023],[103.9551,48.9956],[104.0457,48.9944],[104.0344,48.9723],[104.0486,48.9713],[104.0641,48.9723],[104.0929,48.9762],[104.1085,48.9763],[104.1152,48.9782],[104.1288,48.9747],[104.1504,48.9666],[104.1562,48.9667],[104.1666,48.9627],[104.1668,48.9597],[104.1757,48.9519],[104.1908,48.9449],[104.1966,48.9401],[104.2263,48.9394],[104.2377,48.9438],[104.2533,48.9476],[104.2574,48.9516],[104.2665,48.9558],[104.2885,48.949],[104.2937,48.9495],[104.3106,48.9338],[104.3109,48.9313],[104.3319,48.9227],[104.3311,48.9199],[104.3422,48.9126],[104.3453,48.9077],[104.3581,48.9039],[104.3634,48.9041],[104.3731,48.8981],[104.3782,48.8983],[104.41,48.9162],[104.4716,48.9629],[104.5353,49.0142],[104.6324,49.0599],[104.6081,49.0859],[104.5833,49.1005],[104.5631,49.1258],[104.5373,49.1365]]]}},{"type":"Feature","properties":{"id":62,"name":"Өвөрхангай"},"geometry":{"type":"Polygon","coordinates":[[[103.6936,47.2392],[103.6534,47.2377],[103.5646,47.2063],[103.4866,47.1929],[103.3539,47.1901],[103.114,47.202],[103.1016,47.2611],[103.0341,47.3211],[102.8938,47.3388],[102.8305,47.3918],[102.7035,47.3764],[102.6983,47.3792],[102.6971,47.3844],[102.6853,47.3906],[102.6792,47.3993],[102.6864,47.4056],[102.6603,47.4309],[102.5762,47.3935],[102.6185,47.3579],[102.6134,47.3351],[102.6552,47.3254],[102.6723,47.3285],[102.6762,47.3268],[102.6941,47.3098],[102.7122,47.296],[102.705,47.2902],[102.7066,47.2864],[102.6961,47.2706],[102.6925,47.2593],[102.6885,47.2554],[102.6809,47.2407],[102.673,47.2327],[102.6708,47.2264],[102.6659,47.2221],[102.6304,47.177],[102.629,47.1559],[102.6094,47.1349],[102.5335,47.1117],[102.5109,47.0778],[102.5371,47.0334],[102.5249,46.9561],[102.5186,46.952],[102.5168,46.9468],[102.506,46.9454],[102.5008,46.9413],[102.5022,46.9375],[102.4967,46.9313],[102.4864,46.9261],[102.4728,46.9294],[102.4644,46.9256],[102.4545,46.9169],[102.4466,46.921],[102.4415,46.9193],[102.4415,46.914],[102.4374,46.9104],[102.429,46.9129],[102.4221,46.9119],[102.3533,46.9644],[102.3302,46.9857],[102.306,47.0093],[102.2921,47.0407],[102.1365,47.0118],[102.104,46.9887],[102.0599,46.998],[102.0391,46.9819],[102.0244,46.9858],[101.9879,46.991],[101.9787,46.9943],[101.8594,46.9689],[101.8165,46.9483],[101.826,46.9306],[101.8469,46.9057],[101.827,46.89],[101.7906,46.8636],[101.634,46.8646],[101.5277,46.8531],[101.5151,46.8501],[101.4773,46.8461],[101.4068,46.8264],[101.355,46.8152],[101.3312,46.7651],[101.3624,46.729],[101.4554,46.6829],[101.5426,46.6134],[101.5048,46.597],[101.4903,46.5824],[101.4892,46.5461],[101.5071,46.529],[101.5208,46.4962],[101.5554,46.4532],[101.5342,46.4357],[101.5021,46.4234],[101.4984,46.4059],[101.4954,46.4022],[101.4815,46.3959],[101.4662,46.3921],[101.4651,46.3829],[101.4708,46.3664],[101.4935,46.3236],[101.4733,46.2938],[101.5073,46.2654],[101.4935,46.2398],[101.4875,46.2056],[101.4949,46.1889],[101.4588,46.1513],[101.4348,46.1171],[101.3554,46.1047],[101.3417,46.0926],[101.3189,46.0803],[101.3102,46.0654],[101.2893,46.048],[101.2603,46.0143],[101.2717,45.9736],[101.2813,45.9677],[101.2729,45.9515],[101.2619,45.9368],[101.2504,45.9262],[101.2529,45.9208],[101.2773,45.9093],[101.2874,45.8993],[101.29,45.8899],[101.2961,45.8861],[101.3101,45.8005],[101.3121,45.7434],[101.238,45.635],[101.2453,45.5948],[101.2222,45.5438],[101.1751,45.5195],[101.174,45.4872],[101.1099,45.4505],[101.1012,45.4287],[101.1121,45.3867],[101.1158,45.3702],[101.1191,45.3478],[101.1098,45.3366],[101.0906,45.322],[101.0996,45.2947],[101.1221,45.127],[101.145,45.0474],[101.2026,44.985],[101.2226,44.9793],[101.3113,44.9764],[101.328,44.9581],[101.3845,44.9568],[101.3921,44.9433],[101.4006,44.9361],[101.4093,44.926],[101.4104,44.9179],[101.4266,44.9096],[101.4395,44.8995],[101.4527,44.8952],[101.4556,44.8919],[101.4658,44.8871],[101.486,44.8827],[101.4973,44.8845],[101.507,44.8888],[101.5157,44.8892],[101.5322,44.8873],[101.5477,44.8778],[101.5526,44.8731],[101.5535,44.8656],[101.5501,44.8574],[101.5563,44.8194],[101.5109,44.7079],[101.4985,44.6729],[101.5256,44.6516],[101.5469,44.6307],[101.5804,44.5476],[101.5841,44.5189],[101.62,44.4887],[101.6489,44.3776],[101.6882,44.313],[101.6872,44.3003],[101.6825,44.2774],[101.7129,44.1258],[101.7423,44.0419],[101.9179,44.0956],[101.9434,44.1065],[102.0039,44.1289],[102.0588,44.1433],[102.2442,44.1584],[102.3935,44.1835],[102.6606,44.1669],[102.754,44.1678],[102.8996,44.1755],[102.966,44.1722],[102.9584,44.2049],[102.9546,44.2171],[102.9153,44.2476],[102.8755,44.2822],[102.8523,44.3107],[102.9146,44.389],[103.0144,44.4356],[103.0444,44.545],[103.1445,44.7008],[103.2542,44.8363],[103.2862,44.8634],[103.3121,44.8759],[103.3848,44.907],[103.5786,44.9859],[103.6009,45.0074],[103.7433,45.1344],[103.7898,45.1737],[103.7361,45.2864],[103.7744,45.3159],[103.7598,45.3652],[103.7154,45.372],[103.6198,45.44],[103.6112,45.5176],[103.6094,45.5794],[103.6429,45.653],[103.6542,45.6803],[103.7514,45.7387],[103.955,45.7167],[104.1068,45.7301],[104.1235,45.8652],[104.2187,45.9622],[104.2325,45.9907],[104.2466,46.0324],[104.301,46.1242],[104.4691,46.1259],[104.5589,46.1372],[104.5477,46.1928],[104.6195,46.2384],[104.6438,46.2512],[104.6149,46.3123],[104.6629,46.3854],[104.6165,46.4042],[104.5516,46.4408],[104.482,46.4789],[104.4187,46.4904],[104.3744,46.5326],[104.3752,46.6051],[104.393,46.6737],[104.29,46.814],[104.2763,46.854],[104.2385,46.8948],[104.3143,46.9263],[104.3343,46.9664],[104.3425,46.9899],[104.3655,47.0458],[104.2706,47.0921],[104.2515,47.1154],[104.2211,47.148],[104.1987,47.1576],[104.1164,47.1912],[104.1026,47.205],[104.1077,47.2814],[104.0461,47.3027],[104.0048,47.3169],[103.9623,47.2972],[103.8912,47.2831],[103.8339,47.2761],[103.7777,47.2833],[103.7535,47.2927],[103.704,47.2481],[103.6936,47.2392]]]}},{"type":"Feature","properties":{"id":63,"name":"Булган"},"geometry":{"type":"Polygon","coordinates":[[[104.4264,50.3076],[104.4193,50.3072],[104.4019,50.3122],[104.3926,50.3121],[104.3877,50.3059],[104.3874,50.3009],[104.3813,50.2965],[104.3738,50.2755],[104.3669,50.2711],[104.3653,50.2647],[104.3472,50.2515],[104.3408,50.2494],[104.3385,50.2438],[104.3261,50.242],[104.3199,50.2443],[104.3037,50.2449],[104.2924,50.2415],[104.2799,50.2259],[104.2737,50.2215],[104.2798,50.2083],[104.2751,50.1999],[104.2652,50.1994],[104.2501,50.1925],[104.2402,50.1853],[104.2328,50.1878],[104.2241,50.1879],[104.2174,50.1827],[104.2089,50.1802],[104.2029,50.1757],[104.1966,50.1758],[104.1715,50.1574],[104.1552,50.1486],[104.147,50.1481],[104.1428,50.1423],[104.1356,50.139],[104.1211,50.1449],[104.1082,50.1406],[104.0943,50.1445],[104.0878,50.1415],[104.0745,50.1483],[104.0567,50.1513],[104.0482,50.1465],[104.0201,50.1495],[104.0145,50.1486],[104.0103,50.1533],[103.9983,50.1505],[103.9897,50.158],[103.9767,50.1564],[103.974,50.1655],[103.9652,50.1645],[103.9529,50.1669],[103.9481,50.1718],[103.9458,50.1799],[103.9391,50.1835],[103.9314,50.1773],[103.9178,50.1783],[103.9118,50.1831],[103.9018,50.1827],[103.8905,50.1763],[103.8821,50.1795],[103.8828,50.1883],[103.8798,50.1904],[103.8598,50.1896],[103.8468,50.1978],[103.8363,50.1945],[103.8375,50.1849],[103.8248,50.1761],[103.8223,50.1677],[103.7994,50.1537],[103.7847,50.1623],[103.7782,50.1647],[103.7634,50.1651],[103.7516,50.164],[103.7494,50.1602],[103.7407,50.1602],[103.7364,50.1572],[103.7305,50.1432],[103.7327,50.1389],[103.7255,50.1281],[103.7086,50.1287],[103.697,50.1359],[103.6915,50.1373],[103.6843,50.1431],[103.6733,50.1441],[103.6532,50.1422],[103.6462,50.1439],[103.6359,50.1502],[103.6172,50.1466],[103.6101,50.148],[103.6105,50.1573],[103.6026,50.1652],[103.5932,50.1675],[103.5786,50.1691],[103.5637,50.1629],[103.5574,50.1629],[103.5403,50.1765],[103.5298,50.1813],[103.5231,50.193],[103.5143,50.1993],[103.508,50.1969],[103.4842,50.1981],[103.4771,50.2041],[103.4647,50.2064],[103.4438,50.2044],[103.4336,50.2102],[103.4248,50.2117],[103.4164,50.209],[103.4095,50.2118],[103.3943,50.2096],[103.389,50.2073],[103.3792,50.2089],[103.3721,50.2073],[103.369,50.2002],[103.3598,50.2002],[103.3529,50.2032],[103.3396,50.1988],[103.32,50.1898],[103.3082,50.19],[103.2937,50.1859],[103.28,50.1902],[103.273,50.1901],[103.2564,50.1931],[103.257,50.2103],[103.2761,50.2221],[103.2724,50.2283],[103.2748,50.2333],[103.263,50.2428],[103.2533,50.2461],[103.25,50.2496],[103.2497,50.2561],[103.2582,50.2572],[103.2687,50.2644],[103.2679,50.2717],[103.2751,50.2744],[103.2766,50.2848],[103.2659,50.2907],[103.2646,50.3007],[103.2592,50.3036],[103.2488,50.3028],[103.245,50.3069],[103.2395,50.3213],[103.2346,50.3241],[103.2284,50.319],[103.2187,50.3216],[103.2133,50.3295],[103.1998,50.3331],[103.1776,50.3333],[103.1724,50.3259],[103.1758,50.3207],[103.1724,50.3168],[103.1538,50.3153],[103.1507,50.3086],[103.1442,50.3059],[103.1159,50.3143],[103.1047,50.3186],[103.0929,50.3158],[103.0876,50.3186],[103.0723,50.3186],[103.0661,50.3144],[103.0446,50.3134],[103.0261,50.3066],[103.0199,50.3061],[103.0099,50.3088],[102.9901,50.3043],[102.9798,50.3061],[102.9682,50.3046],[102.9485,50.307],[102.942,50.3057],[102.9257,50.3093],[102.914,50.317],[102.9022,50.3219],[102.8989,50.3293],[102.892,50.3306],[102.8709,50.3278],[102.8571,50.3367],[102.8479,50.3322],[102.8316,50.3442],[102.8282,50.3554],[102.8138,50.3588],[102.8037,50.3629],[102.7923,50.3651],[102.7692,50.3766],[102.7616,50.3772],[102.7536,50.3872],[102.7507,50.4004],[102.7429,50.4012],[102.7362,50.4073],[102.727,50.4083],[102.712,50.4035],[102.6982,50.3944],[102.6808,50.3944],[102.6485,50.4016],[102.643,50.408],[102.6429,50.4133],[102.6252,50.4336],[102.5362,50.3883],[102.4772,50.3524],[102.4284,50.3292],[102.3987,50.3082],[102.3648,50.2877],[102.3605,50.2189],[102.336,50.1987],[102.2118,50.1476],[102.1657,50.0848],[102.1338,50.0524],[102.1034,50.0205],[102.0674,49.9956],[102.0434,49.9485],[102.0999,49.9249],[102.3659,49.8452],[102.4976,49.8248],[102.5364,49.8006],[102.6106,49.7779],[102.7031,49.7714],[102.7063,49.7713],[102.7112,49.7616],[102.7101,49.7585],[102.722,49.7499],[102.7339,49.7443],[102.7536,49.743],[102.7534,49.7399],[102.7388,49.7302],[102.7333,49.7233],[102.7227,49.7165],[102.7163,49.7149],[102.7074,49.7037],[102.7009,49.6896],[102.7036,49.6862],[102.6988,49.6798],[102.6896,49.66],[102.671,49.6339],[102.6637,49.628],[102.6639,49.6225],[102.668,49.6166],[102.6606,49.616],[102.657,49.6253],[102.648,49.6328],[102.5813,49.6627],[102.4785,49.7074],[102.4805,49.6123],[102.4428,49.5808],[102.4356,49.5453],[102.3782,49.4685],[102.2673,49.4479],[102.2124,49.4445],[102.1166,49.415],[102.0359,49.4011],[101.9633,49.3295],[101.9179,49.3216],[101.8905,49.31],[101.8553,49.3113],[101.8517,49.2898],[101.837,49.2623],[101.7765,49.2465],[101.6734,49.2115],[101.6497,49.1785],[101.6377,49.1335],[101.618,49.1071],[101.6125,49.0893],[101.6146,49.0543],[101.6291,49.0351],[101.6349,49.0094],[101.6588,48.9811],[101.7174,48.9481],[101.7854,48.9148],[101.8235,48.8949],[101.8407,48.8946],[101.8524,48.8958],[101.8613,48.8995],[101.872,48.897],[101.8766,48.8893],[101.8882,48.889],[101.906,48.8903],[101.91,48.8969],[101.9288,48.8996],[101.9318,48.8917],[101.9523,48.8837],[101.9536,48.8765],[101.9575,48.8744],[101.954,48.867],[101.9463,48.8655],[101.9389,48.8564],[101.9362,48.8495],[101.9407,48.8432],[101.9454,48.8425],[101.9474,48.8344],[101.9533,48.832],[101.9478,48.8213],[101.947,48.815],[101.9618,48.8028],[101.9743,48.7993],[101.9793,48.7943],[101.9881,48.7915],[101.9999,48.7902],[102.0054,48.7917],[102.0197,48.8086],[102.0324,48.817],[102.0292,48.8236],[102.0337,48.8272],[102.048,48.8331],[102.0709,48.8339],[102.0787,48.8327],[102.0859,48.8376],[102.0963,48.8377],[102.0977,48.8437],[102.1033,48.8481],[102.1047,48.8594],[102.1099,48.8624],[102.1562,48.8354],[102.156,48.8229],[102.1568,48.7801],[102.1604,48.7653],[102.1936,48.7096],[102.1761,48.7042],[102.207,48.645],[102.2246,48.6314],[102.2149,48.6124],[102.2166,48.5732],[102.2261,48.5174],[102.2473,48.5021],[102.3197,48.4648],[102.3347,48.4505],[102.3761,48.4198],[102.3454,48.3601],[102.3414,48.3392],[102.3966,48.3166],[102.488,48.2539],[102.5192,48.2667],[102.5754,48.2875],[102.6237,48.2621],[102.6614,48.2435],[102.7108,48.1931],[102.7656,48.0943],[102.8234,48.0089],[102.8161,47.9816],[102.8035,47.9484],[102.8167,47.9233],[102.8288,47.8858],[102.8615,47.8782],[102.9585,47.8547],[102.962,47.815],[103.0668,47.7629],[103.1216,47.7193],[103.1827,47.72],[103.2068,47.7157],[103.2644,47.6254],[103.3088,47.5611],[103.3789,47.5064],[103.4506,47.4865],[103.5679,47.4062],[103.5799,47.4059],[103.5806,47.4019],[103.5915,47.3981],[103.5951,47.3898],[103.5906,47.385],[103.596,47.3812],[103.5988,47.3708],[103.6127,47.3559],[103.6261,47.3453],[103.6343,47.3421],[103.6351,47.3341],[103.6392,47.3327],[103.6426,47.3196],[103.6463,47.2969],[103.6427,47.2865],[103.645,47.2782],[103.6614,47.2674],[103.6709,47.2588],[103.6756,47.2476],[103.6936,47.2392],[103.704,47.2481],[103.7535,47.2927],[103.7777,47.2833],[103.8339,47.2761],[103.8912,47.2831],[103.9623,47.2972],[104.0048,47.3169],[104.0461,47.3027],[104.1406,47.3339],[104.1728,47.3393],[104.2226,47.359],[104.2282,47.3598],[104.2135,47.3679],[104.2093,47.3738],[104.1973,47.3796],[104.1889,47.3942],[104.1701,47.4007],[104.165,47.406],[104.1518,47.407],[104.1464,47.4034],[104.1388,47.4057],[104.1244,47.4053],[104.1105,47.4125],[104.0962,47.4216],[104.0961,47.4275],[104.0858,47.4331],[104.0805,47.4393],[104.072,47.4455],[104.0741,47.4476],[104.0724,47.4652],[104.0622,47.4741],[104.0619,47.4778],[104.0537,47.4853],[104.0444,47.4886],[104.0408,47.4977],[104.0425,47.502],[104.0351,47.5109],[104.0867,47.511],[104.1125,47.5105],[104.307,47.6116],[104.3451,47.6108],[104.4141,47.6165],[104.4658,47.6303],[104.5055,47.6187],[104.5265,47.6336],[104.5501,47.6573],[104.5527,47.6692],[104.604,47.6663],[104.6755,47.663],[104.7162,47.6634],[104.7234,47.683],[104.7413,47.7095],[104.7387,47.7896],[104.7065,47.7966],[104.6852,47.8696],[104.6619,47.909],[104.6291,47.9759],[104.6144,47.9713],[104.6107,47.9818],[104.604,47.9802],[104.5908,47.9858],[104.5859,47.9819],[104.5805,47.9913],[104.5645,47.9979],[104.561,47.9925],[104.5522,47.9941],[104.5485,48.0021],[104.556,48.0066],[104.5515,48.0091],[104.5409,48.0054],[104.5327,48.0116],[104.5269,48.0072],[104.5224,48.017],[104.5152,48.0278],[104.5022,48.0268],[104.4936,48.0297],[104.49,48.0333],[104.4807,48.0313],[104.4713,48.0322],[104.4659,48.0413],[104.4473,48.0405],[104.4449,48.0437],[104.4357,48.0416],[104.4305,48.0477],[104.4293,48.0567],[104.4169,48.0556],[104.4103,48.0626],[104.4018,48.064],[104.3932,48.0632],[104.3796,48.0667],[104.3702,48.0676],[104.3639,48.0716],[104.3518,48.0711],[104.3324,48.0776],[104.3306,48.0819],[104.3187,48.0844],[104.3146,48.0886],[104.314,48.0948],[104.3033,48.0981],[104.3,48.1028],[104.3027,48.1121],[104.3008,48.1177],[104.3058,48.1205],[104.3094,48.1356],[104.302,48.1399],[104.2991,48.1516],[104.2954,48.1549],[104.3039,48.1606],[104.3041,48.1666],[104.3078,48.1746],[104.3051,48.184],[104.3017,48.1877],[104.3058,48.1937],[104.2997,48.2022],[104.2932,48.2023],[104.2894,48.1979],[104.2834,48.1978],[104.2801,48.2019],[104.2835,48.2122],[104.2917,48.2184],[104.3094,48.219],[104.3124,48.2254],[104.3253,48.2309],[104.3273,48.2352],[104.3478,48.244],[104.3461,48.2503],[104.3615,48.2543],[104.3696,48.2615],[104.369,48.2689],[104.3711,48.2776],[104.3787,48.2816],[104.3976,48.2819],[104.4017,48.2846],[104.3981,48.2966],[104.3923,48.3009],[104.4016,48.3034],[104.4016,48.3131],[104.4084,48.3206],[104.4097,48.3259],[104.4047,48.3332],[104.4073,48.3366],[104.416,48.3351],[104.4206,48.3385],[104.433,48.3401],[104.4411,48.345],[104.4448,48.3395],[104.4539,48.3426],[104.4614,48.3562],[104.459,48.3606],[104.4588,48.3699],[104.4615,48.3752],[104.4718,48.3787],[104.4811,48.3755],[104.4867,48.3701],[104.4863,48.3638],[104.4769,48.3546],[104.4763,48.3495],[104.4851,48.3471],[104.4895,48.3504],[104.4878,48.3624],[104.4954,48.3696],[104.504,48.371],[104.507,48.3748],[104.5059,48.3834],[104.5092,48.394],[104.5198,48.3997],[104.5248,48.4099],[104.5328,48.41],[104.5322,48.4165],[104.5396,48.4195],[104.5323,48.4234],[104.5346,48.4269],[104.5467,48.4326],[104.5411,48.4392],[104.5464,48.4502],[104.5426,48.4628],[104.5463,48.4712],[104.5531,48.4764],[104.5467,48.4883],[104.5343,48.4894],[104.5291,48.4857],[104.5242,48.4896],[104.5141,48.4929],[104.5211,48.5036],[104.5177,48.51],[104.5195,48.5185],[104.5283,48.5177],[104.5376,48.5209],[104.5334,48.5321],[104.5358,48.538],[104.5426,48.5431],[104.547,48.5515],[104.5586,48.5517],[104.5535,48.5617],[104.5592,48.5648],[104.557,48.5688],[104.5548,48.5892],[104.5516,48.5926],[104.5561,48.5977],[104.5504,48.6024],[104.5529,48.6061],[104.5483,48.6142],[104.5518,48.6165],[104.5445,48.622],[104.5471,48.6254],[104.5163,48.6499],[104.498,48.7218],[104.5034,48.7264],[104.5033,48.7343],[104.5182,48.7403],[104.5283,48.7531],[104.5312,48.7644],[104.5183,48.7693],[104.5241,48.7763],[104.5382,48.772],[104.547,48.7757],[104.5378,48.786],[104.5545,48.8],[104.5617,48.8017],[104.5697,48.7959],[104.5845,48.7991],[104.5911,48.7976],[104.6041,48.8022],[104.6099,48.8085],[104.6092,48.8228],[104.6231,48.8317],[104.6244,48.8379],[104.6215,48.8463],[104.6252,48.851],[104.534,48.8477],[104.463,48.8859],[104.41,48.9162],[104.3782,48.8983],[104.3731,48.8981],[104.3634,48.9041],[104.3581,48.9039],[104.3453,48.9077],[104.3422,48.9126],[104.3311,48.9199],[104.3319,48.9227],[104.3109,48.9313],[104.3106,48.9338],[104.2937,48.9495],[104.2885,48.949],[104.2665,48.9558],[104.2574,48.9516],[104.2533,48.9476],[104.2377,48.9438],[104.2263,48.9394],[104.1966,48.9401],[104.1908,48.9449],[104.1757,48.9519],[104.1668,48.9597],[104.1666,48.9627],[104.1562,48.9667],[104.1504,48.9666],[104.1288,48.9747],[104.1152,48.9782],[104.1085,48.9763],[104.0929,48.9762],[104.0641,48.9723],[104.0486,48.9713],[104.0344,48.9723],[104.0457,48.9944],[103.9551,48.9956],[103.9803,49.023],[104.0296,49.1042],[104.0335,49.111],[104.0636,49.1572],[104.1145,49.142],[104.2344,49.1046],[104.2642,49.0804],[104.2804,49.0873],[104.2746,49.1036],[104.3298,49.1702],[104.3685,49.1669],[104.4748,49.1352],[104.5373,49.1365],[104.5207,49.1648],[104.5346,49.1818],[104.5471,49.2001],[104.5503,49.2493],[104.5968,49.2913],[104.5964,49.3132],[104.6072,49.3324],[104.6029,49.3477],[104.6107,49.4259],[104.685,49.4802],[104.6959,49.5216],[104.6951,49.6249],[104.7016,49.6647],[104.6859,49.6698],[104.6925,49.6735],[104.6987,49.6805],[104.7113,49.6835],[104.7172,49.6832],[104.7348,49.6854],[104.7447,49.6777],[104.7594,49.6733],[104.7811,49.6772],[104.7838,49.6791],[104.7818,49.6961],[104.7556,49.7375],[104.6898,49.775],[104.5965,49.8328],[104.5253,49.8773],[104.5322,49.9554],[104.5321,50.0098],[104.5806,50.0955],[104.5838,50.0973],[104.5833,50.1082],[104.5751,50.1188],[104.5662,50.127],[104.5678,50.1328],[104.5632,50.1398],[104.5771,50.1473],[104.5835,50.153],[104.5763,50.154],[104.563,50.1622],[104.5459,50.1672],[104.5302,50.1834],[104.5249,50.1859],[104.5196,50.193],[104.5011,50.1999],[104.4972,50.2002],[104.4894,50.2084],[104.4899,50.2185],[104.481,50.2331],[104.4803,50.237],[104.4677,50.2512],[104.4684,50.2537],[104.4544,50.2736],[104.4397,50.2888],[104.4264,50.3076]]]}},{"type":"Feature","properties":{"id":64,"name":"Баянхонгор"},"geometry":{"type":"Polygon","coordinates":[[[99.0791,47.4803],[98.964,47.5065],[98.9238,47.5113],[98.901,47.5154],[98.8883,47.5229],[98.8834,47.5241],[98.876,47.5305],[98.8531,47.5355],[98.8346,47.5697],[98.8254,47.5855],[98.8231,47.6179],[98.8182,47.6674],[98.8138,47.6742],[98.7999,47.682],[98.7964,47.6934],[98.7972,47.7052],[98.7823,47.7118],[98.782,47.7166],[98.7891,47.7278],[98.7659,47.728],[98.7522,47.7385],[98.7238,47.7293],[98.7131,47.7234],[98.7071,47.7235],[98.6842,47.73],[98.6727,47.7308],[98.6625,47.7298],[98.6513,47.7286],[98.6467,47.7283],[98.6346,47.7266],[98.6277,47.7138],[98.6248,47.7118],[98.6214,47.7113],[98.6142,47.711],[98.6089,47.7114],[98.6038,47.7129],[98.5913,47.7122],[98.5442,47.6999],[98.4923,47.6802],[98.4499,47.6648],[98.4226,47.6577],[98.4094,47.6429],[98.4096,47.6247],[98.383,47.611],[98.3726,47.5435],[98.3053,47.4953],[98.2469,47.4459],[98.3079,47.3856],[98.2737,47.3468],[98.2694,47.3425],[98.2568,47.3381],[98.2533,47.3334],[98.2562,47.3281],[98.2471,47.303],[98.2433,47.3007],[98.2424,47.2993],[98.236,47.2945],[98.2319,47.2918],[98.2304,47.2922],[98.2286,47.2921],[98.2266,47.292],[98.2203,47.2904],[98.2178,47.2888],[98.211,47.2873],[98.199,47.2786],[98.1884,47.2757],[98.1866,47.2758],[98.1848,47.2767],[98.1502,47.2535],[98.0864,47.234],[98.0729,47.2266],[97.9685,47.2176],[97.892,47.2229],[97.8851,47.2145],[97.874,47.2053],[97.854,47.1617],[97.8701,47.0972],[97.8394,47.0622],[97.8356,47.0519],[97.825,47.0472],[97.8139,47.0457],[97.7884,47.0377],[97.7869,47.0221],[97.7893,47.0005],[97.7684,46.9331],[97.7676,46.9156],[97.7735,46.8821],[97.7638,46.8588],[97.7453,46.83],[97.7456,46.8083],[97.7403,46.7649],[97.6696,46.6757],[97.6323,46.6024],[97.6506,46.5696],[97.6505,46.5369],[97.6666,46.517],[97.6692,46.4723],[97.6747,46.4439],[97.7072,46.4266],[97.7278,46.4104],[97.7362,46.3583],[97.7293,46.3341],[97.7749,46.3231],[97.7899,46.3022],[97.7952,46.2854],[97.8,46.2654],[97.9494,46.2081],[98.0024,46.1308],[98.062,46.1074],[98.1249,46.0868],[98.1736,46.0449],[98.1804,46.0138],[98.1955,46.001],[98.2188,45.9791],[98.2361,45.9605],[98.31,45.8904],[98.3531,45.8781],[98.4218,45.8124],[98.4564,45.7555],[98.4752,45.5578],[98.4865,45.4506],[98.4851,45.3886],[98.4053,45.2028],[98.3603,45.1419],[98.3494,45.1253],[98.3424,45.12],[98.3272,45.0394],[98.2478,44.9456],[98.2377,44.885],[98.2427,44.8536],[98.2134,44.8371],[98.2637,44.7212],[98.2215,44.6361],[98.1987,44.5216],[98.1055,44.4527],[98.0099,44.4282],[97.9481,44.4108],[97.9511,44.4038],[97.9696,44.0876],[97.9901,44.0775],[97.9911,44.0746],[97.9854,44.0672],[97.9815,44.0578],[97.9827,44.0544],[97.9754,44.0501],[97.9702,44.0397],[97.9695,44.0294],[97.9717,44.0187],[97.9802,44.013],[97.9813,44.0058],[97.9889,43.997],[97.9824,43.9807],[97.981,43.9721],[97.9795,43.9489],[97.9777,43.937],[97.9736,43.9205],[97.9696,43.9095],[97.968,43.8891],[97.9676,43.8711],[97.9706,43.8595],[97.9678,43.844],[97.959,43.8272],[97.9545,43.8111],[97.9487,43.7988],[97.9496,43.7879],[97.9526,43.7829],[97.9408,43.7597],[97.9438,43.7481],[97.9336,43.7232],[97.9426,43.7173],[97.9461,43.7053],[97.9504,43.699],[97.9489,43.6955],[97.948,43.6665],[97.9512,43.6608],[97.9607,43.6529],[97.9642,43.6459],[97.9734,43.6349],[97.9737,43.6271],[97.9639,43.6195],[97.9608,43.6118],[97.9622,43.6058],[97.9579,43.5952],[97.9481,43.585],[97.9401,43.575],[97.9208,43.5587],[97.905,43.5441],[97.9007,43.5379],[97.901,43.5311],[97.9085,43.5259],[97.9195,43.5206],[97.924,43.5144],[97.9225,43.5075],[97.916,43.5024],[97.9062,43.4836],[97.8984,43.4759],[97.8628,43.409],[97.8521,43.3969],[97.8514,43.3926],[97.8459,43.389],[97.8431,43.3823],[97.8456,43.3745],[97.8443,43.3701],[97.8353,43.3631],[97.8273,43.3524],[97.8004,43.3338],[97.7877,43.3273],[97.7755,43.3146],[97.7757,43.3072],[97.7799,43.3003],[97.8212,43.0315],[97.8225,43.0121],[97.8282,42.8956],[97.8647,42.6998],[98.0499,42.6736],[98.1959,42.6529],[98.4079,42.6437],[98.5446,42.6375],[98.6514,42.6295],[98.7977,42.6184],[98.9485,42.6067],[99.1046,42.5956],[99.2894,42.5822],[99.5032,42.5663],[99.6319,42.5892],[99.5985,42.6652],[99.5908,42.7554],[99.5764,42.9155],[99.4951,43.2358],[99.426,44.1184],[99.4834,44.1243],[99.6681,44.1424],[99.7621,44.1631],[99.9908,44.0591],[100.0753,43.9896],[100.2862,43.8295],[100.8393,43.8455],[101.0237,43.8506],[101.2253,43.8539],[101.3553,43.9027],[101.7423,44.0419],[101.7129,44.1258],[101.6825,44.2774],[101.6872,44.3003],[101.6882,44.313],[101.6489,44.3776],[101.62,44.4887],[101.5841,44.5189],[101.5804,44.5476],[101.5469,44.6307],[101.5256,44.6516],[101.4985,44.6729],[101.5109,44.7079],[101.5563,44.8194],[101.5501,44.8574],[101.5535,44.8656],[101.5526,44.8731],[101.5477,44.8778],[101.5322,44.8873],[101.5157,44.8892],[101.507,44.8888],[101.4973,44.8845],[101.486,44.8827],[101.4658,44.8871],[101.4556,44.8919],[101.4527,44.8952],[101.4395,44.8995],[101.4266,44.9096],[101.4104,44.9179],[101.4093,44.926],[101.4006,44.9361],[101.3921,44.9433],[101.3845,44.9568],[101.328,44.9581],[101.3113,44.9764],[101.2226,44.9793],[101.2026,44.985],[101.145,45.0474],[101.1221,45.127],[101.0996,45.2947],[101.0906,45.322],[101.1098,45.3366],[101.1191,45.3478],[101.1158,45.3702],[101.1121,45.3867],[101.1012,45.4287],[101.1099,45.4505],[101.174,45.4872],[101.1751,45.5195],[101.2222,45.5438],[101.2453,45.5948],[101.238,45.635],[101.3121,45.7434],[101.3101,45.8005],[101.2961,45.8861],[101.29,45.8899],[101.2874,45.8993],[101.2773,45.9093],[101.2529,45.9208],[101.2504,45.9262],[101.2619,45.9368],[101.2729,45.9515],[101.2813,45.9677],[101.2717,45.9736],[101.2603,46.0143],[101.2893,46.048],[101.3102,46.0654],[101.3189,46.0803],[101.3417,46.0926],[101.3554,46.1047],[101.4348,46.1171],[101.4588,46.1513],[101.4949,46.1889],[101.4875,46.2056],[101.4935,46.2398],[101.5073,46.2654],[101.4733,46.2938],[101.4935,46.3236],[101.4708,46.3664],[101.4651,46.3829],[101.4662,46.3921],[101.4815,46.3959],[101.4954,46.4022],[101.4984,46.4059],[101.5021,46.4234],[101.5342,46.4357],[101.5554,46.4532],[101.5208,46.4962],[101.5071,46.529],[101.4892,46.5461],[101.4903,46.5824],[101.5048,46.597],[101.5426,46.6134],[101.4554,46.6829],[101.3624,46.729],[101.3312,46.7651],[101.2987,46.7809],[101.2668,46.8047],[101.2462,46.8174],[101.2092,46.8272],[101.1872,46.8339],[101.1694,46.8521],[101.1254,46.8701],[101.0735,46.8593],[101.0746,46.8425],[101.0625,46.8378],[101.0502,46.8399],[101.0366,46.8336],[101.0244,46.8397],[101.0037,46.8451],[100.9915,46.8398],[100.9812,46.8407],[100.9696,46.8384],[100.9527,46.8422],[100.9458,46.8393],[100.9387,46.8401],[100.9281,46.8377],[100.9204,46.8407],[100.881,46.8452],[100.851,46.8591],[100.8443,46.8556],[100.836,46.8482],[100.8229,46.8445],[100.8163,46.8455],[100.8082,46.8497],[100.7993,46.8482],[100.7942,46.8511],[100.7421,46.8321],[100.7358,46.8335],[100.7325,46.842],[100.7244,46.852],[100.7172,46.8537],[100.7082,46.8511],[100.6637,46.8619],[100.6448,46.8681],[100.6284,46.891],[100.6139,46.9176],[100.6309,46.9449],[100.6026,46.9701],[100.5891,46.9633],[100.5823,46.9649],[100.5752,46.9716],[100.566,46.9736],[100.5457,46.975],[100.5284,46.98],[100.4928,46.9781],[100.4842,46.9761],[100.4704,46.9758],[100.45,46.9801],[100.4421,46.9856],[100.431,46.9904],[100.4278,46.9979],[100.4296,47.003],[100.4278,47.0803],[100.374,47.0986],[100.3883,47.115],[100.3758,47.1713],[100.359,47.196],[100.3232,47.1849],[100.2937,47.1877],[100.2571,47.1619],[100.228,47.1665],[100.1897,47.1714],[100.1743,47.1542],[100.1379,47.1293],[100.0834,47.1446],[100.0752,47.1415],[100.064,47.1289],[100.0535,47.1253],[100.0351,47.1262],[100.0266,47.1217],[100.0175,47.1089],[100.0009,47.1075],[99.99,47.0979],[99.9682,47.1039],[99.9589,47.1004],[99.9311,47.0931],[99.8914,47.1466],[99.9104,47.2168],[99.8531,47.2467],[99.8896,47.3578],[99.8833,47.3771],[99.8871,47.3924],[99.8778,47.4279],[99.8291,47.4368],[99.8177,47.4465],[99.7546,47.4923],[99.7113,47.5393],[99.7076,47.5828],[99.6812,47.6159],[99.7448,47.6507],[99.736,47.6514],[99.7188,47.6632],[99.698,47.6598],[99.6851,47.6515],[99.6556,47.6292],[99.6397,47.6309],[99.5698,47.6189],[99.5566,47.5934],[99.51,47.5745],[99.4939,47.5744],[99.4765,47.5862],[99.4647,47.6015],[99.4519,47.6048],[99.4368,47.6031],[99.4279,47.6057],[99.4212,47.6031],[99.4093,47.5838],[99.4051,47.5799],[99.398,47.5814],[99.3918,47.578],[99.3673,47.5222],[99.2599,47.4877],[99.2449,47.4599],[99.1714,47.479],[99.0791,47.4803]]]}},{"type":"Feature","properties":{"id":65,"name":"Архангай"},"geometry":{"type":"Polygon","coordinates":[[[101.6349,49.0094],[101.5676,48.9784],[101.5364,48.9662],[101.4997,48.9586],[101.4789,48.953],[101.4159,48.9602],[101.4139,48.9661],[101.4032,48.9649],[101.3805,48.9652],[101.3754,48.9664],[101.3476,48.978],[101.3263,48.9933],[101.3163,48.9961],[101.3087,49.0003],[101.2851,49.0094],[101.2103,49.0265],[101.2082,49.0318],[101.1995,49.041],[101.1922,49.0455],[101.1617,49.0533],[101.1204,49.0706],[101.087,49.0913],[101.0077,49.1099],[100.8509,49.1531],[100.8316,49.1617],[100.7859,49.1891],[100.7259,49.2115],[100.7226,49.2168],[100.7116,49.2175],[100.7069,49.2147],[100.6972,49.219],[100.6811,49.2161],[100.6675,49.2152],[100.6683,49.2107],[100.6765,49.2063],[100.691,49.1925],[100.692,49.1891],[100.6841,49.1862],[100.6686,49.1759],[100.671,49.1692],[100.6676,49.1661],[100.6694,49.16],[100.6667,49.1558],[100.6578,49.1525],[100.6501,49.1532],[100.6439,49.15],[100.6343,49.142],[100.6341,49.138],[100.6249,49.1328],[100.6142,49.1161],[100.6097,49.1133],[100.5949,49.1117],[100.5802,49.1084],[100.5751,49.1051],[100.5767,49.0987],[100.5699,49.0944],[100.5716,49.0898],[100.5794,49.0862],[100.5932,49.0847],[100.5976,49.0811],[100.5963,49.0754],[100.5857,49.0696],[100.5615,49.0682],[100.5424,49.0622],[100.5352,49.0584],[100.5263,49.0591],[100.517,49.0556],[100.5113,49.0567],[100.4972,49.055],[100.4903,49.0507],[100.4877,49.0433],[100.4828,49.0412],[100.4695,49.0448],[100.4594,49.0457],[100.4592,49.04],[100.436,49.0436],[100.4223,49.051],[100.4323,49.0566],[100.432,49.0603],[100.4176,49.0591],[100.4126,49.0643],[100.4032,49.0606],[100.4035,49.0548],[100.411,49.0481],[100.4226,49.0428],[100.422,49.0361],[100.4174,49.03],[100.4547,49.0213],[100.4799,49.0125],[100.4887,49.0017],[100.5318,48.999],[100.5754,48.9815],[100.5788,48.9775],[100.5878,48.9767],[100.5978,48.9813],[100.6029,48.9765],[100.5832,48.9643],[100.5827,48.9479],[100.5666,48.9435],[100.5597,48.9367],[100.5466,48.918],[100.5425,48.9152],[100.5333,48.914],[100.5242,48.9157],[100.5179,48.9122],[100.5232,48.9046],[100.5245,48.8972],[100.52,48.8959],[100.5119,48.8992],[100.51,48.9069],[100.5045,48.9091],[100.4979,48.9073],[100.4927,48.8948],[100.4832,48.8972],[100.4758,48.903],[100.4686,48.9023],[100.464,48.8965],[100.4682,48.8875],[100.4656,48.8847],[100.4501,48.8861],[100.4433,48.8887],[100.4215,48.8902],[100.4178,48.8856],[100.4185,48.8759],[100.4155,48.8748],[100.4038,48.8793],[100.3963,48.8777],[100.3977,48.8725],[100.4051,48.8672],[100.4148,48.8656],[100.4197,48.8617],[100.4164,48.8512],[100.4012,48.8508],[100.398,48.8474],[100.4046,48.8345],[100.4043,48.8294],[100.3988,48.8277],[100.3888,48.8368],[100.3736,48.8335],[100.3738,48.826],[100.3658,48.8194],[100.3753,48.8151],[100.3721,48.8105],[100.3527,48.8082],[100.3501,48.8043],[100.354,48.796],[100.3584,48.7964],[100.3666,48.8022],[100.3714,48.7994],[100.3708,48.7878],[100.3775,48.7786],[100.3698,48.7741],[100.3595,48.776],[100.342,48.776],[100.3396,48.7679],[100.3417,48.758],[100.3384,48.7438],[100.3523,48.7455],[100.3545,48.7385],[100.3362,48.7286],[100.3428,48.7239],[100.3429,48.7163],[100.3346,48.7091],[100.3291,48.7085],[100.3212,48.7024],[100.3203,48.6941],[100.3236,48.6824],[100.3211,48.6754],[100.3193,48.6619],[100.3293,48.6579],[100.3428,48.6616],[100.3499,48.658],[100.3484,48.6484],[100.3373,48.6456],[100.3331,48.6386],[100.3432,48.6339],[100.3463,48.6287],[100.3462,48.6177],[100.3521,48.6161],[100.3635,48.609],[100.3705,48.5992],[100.3666,48.5972],[100.3732,48.592],[100.4074,48.5275],[100.3905,48.5138],[100.3529,48.5027],[100.2922,48.4992],[100.2751,48.5017],[100.269,48.5],[100.2499,48.5013],[100.2394,48.5034],[100.2286,48.4999],[100.2083,48.5041],[100.2013,48.5015],[100.1694,48.4972],[100.1597,48.4912],[100.1553,48.4851],[100.1528,48.475],[100.1551,48.4615],[100.1596,48.4458],[100.2081,48.4133],[100.1448,48.3834],[100.0874,48.4061],[100.0195,48.4179],[99.9315,48.464],[99.8319,48.4787],[99.7915,48.487],[99.7391,48.4245],[99.7334,48.3551],[99.7279,48.3333],[99.725,48.3136],[99.6597,48.3155],[99.6142,48.3045],[99.5663,48.2925],[99.477,48.2809],[99.383,48.2924],[99.3557,48.3144],[99.3391,48.2881],[99.2804,48.2556],[99.2181,48.2555],[99.1515,48.304],[99.0809,48.3113],[99.0171,48.3046],[98.9899,48.3054],[98.9568,48.2903],[98.9412,48.2771],[98.9077,48.2611],[98.8042,48.225],[98.7059,48.2321],[98.6815,48.167],[98.6183,48.1563],[98.5816,48.1313],[98.5525,48.1077],[98.4961,48.0815],[98.4092,48.1147],[98.2674,48.0945],[98.2386,48.0725],[98.2241,48.0081],[98.2155,47.9894],[98.2064,47.984],[98.1889,47.9761],[98.1811,47.9634],[98.1752,47.951],[98.1934,47.9342],[98.1939,47.9293],[98.1881,47.9151],[98.1901,47.9113],[98.188,47.9045],[98.1971,47.8928],[98.2047,47.8884],[98.2122,47.8867],[98.2205,47.8781],[98.2174,47.8722],[98.2201,47.8641],[98.2163,47.8565],[98.2018,47.8528],[98.2053,47.8455],[98.2006,47.8426],[98.1963,47.8314],[98.1947,47.8186],[98.1907,47.8124],[98.1925,47.8043],[98.2003,47.7942],[98.199,47.7873],[98.1804,47.7862],[98.1774,47.7834],[98.1903,47.7735],[98.1916,47.761],[98.1735,47.7567],[98.1797,47.7504],[98.1745,47.7463],[98.1882,47.7333],[98.1774,47.7224],[98.1803,47.7179],[98.1904,47.7112],[98.2007,47.709],[98.2025,47.6985],[98.212,47.6931],[98.2452,47.676],[98.241,47.6517],[98.269,47.6487],[98.3443,47.6569],[98.4094,47.6429],[98.4226,47.6577],[98.4499,47.6648],[98.4923,47.6802],[98.5442,47.6999],[98.5913,47.7122],[98.6038,47.7129],[98.6089,47.7114],[98.6142,47.711],[98.6214,47.7113],[98.6248,47.7118],[98.6277,47.7138],[98.6346,47.7266],[98.6467,47.7283],[98.6727,47.7308],[98.6842,47.73],[98.7071,47.7235],[98.7131,47.7234],[98.7238,47.7293],[98.7522,47.7385],[98.7546,47.7357],[98.758,47.7328],[98.7659,47.728],[98.7891,47.7278],[98.782,47.7166],[98.7823,47.7118],[98.7972,47.7052],[98.7964,47.6934],[98.7999,47.682],[98.8138,47.6742],[98.8182,47.6674],[98.8231,47.6179],[98.8254,47.5855],[98.8346,47.5697],[98.8531,47.5355],[98.876,47.5305],[98.8834,47.5241],[98.8883,47.5229],[98.901,47.5154],[98.9238,47.5113],[98.964,47.5065],[99.0791,47.4803],[99.1714,47.479],[99.2449,47.4599],[99.2599,47.4877],[99.3673,47.5222],[99.3918,47.578],[99.398,47.5814],[99.4051,47.5799],[99.4093,47.5838],[99.4212,47.6031],[99.4279,47.6057],[99.4368,47.6031],[99.4519,47.6048],[99.4647,47.6015],[99.4765,47.5862],[99.4939,47.5744],[99.51,47.5745],[99.5566,47.5934],[99.5698,47.6189],[99.6397,47.6309],[99.6556,47.6292],[99.6851,47.6515],[99.698,47.6598],[99.7188,47.6632],[99.736,47.6514],[99.7448,47.6507],[99.6812,47.6159],[99.7076,47.5828],[99.7113,47.5393],[99.7546,47.4923],[99.8177,47.4465],[99.8291,47.4368],[99.8778,47.4279],[99.8871,47.3924],[99.8833,47.3771],[99.8896,47.3578],[99.8531,47.2467],[99.9104,47.2168],[99.8914,47.1466],[99.9311,47.0931],[99.9589,47.1004],[99.9682,47.1039],[99.99,47.0979],[100.0009,47.1075],[100.0175,47.1089],[100.0266,47.1217],[100.0351,47.1262],[100.0535,47.1253],[100.064,47.1289],[100.0752,47.1415],[100.0834,47.1446],[100.1379,47.1293],[100.1743,47.1542],[100.1897,47.1714],[100.228,47.1665],[100.2571,47.1619],[100.2937,47.1877],[100.3232,47.1849],[100.359,47.196],[100.3758,47.1713],[100.3883,47.115],[100.374,47.0986],[100.4278,47.0803],[100.4296,47.003],[100.4278,46.9979],[100.431,46.9904],[100.4421,46.9856],[100.45,46.9801],[100.4704,46.9758],[100.4842,46.9761],[100.4928,46.9781],[100.5284,46.98],[100.5457,46.975],[100.566,46.9736],[100.5752,46.9716],[100.5823,46.9649],[100.5891,46.9633],[100.6026,46.9701],[100.6309,46.9449],[100.6139,46.9176],[100.6284,46.891],[100.6448,46.8681],[100.6637,46.8619],[100.7082,46.8511],[100.7172,46.8537],[100.7244,46.852],[100.7325,46.842],[100.7358,46.8335],[100.7421,46.8321],[100.7942,46.8511],[100.7993,46.8482],[100.8082,46.8497],[100.8163,46.8455],[100.8229,46.8445],[100.836,46.8482],[100.8443,46.8556],[100.851,46.8591],[100.881,46.8452],[100.9204,46.8407],[100.9281,46.8377],[100.9387,46.8401],[100.9458,46.8393],[100.9527,46.8422],[100.9696,46.8384],[100.9812,46.8407],[100.9915,46.8398],[101.0037,46.8451],[101.0244,46.8397],[101.0366,46.8336],[101.0502,46.8399],[101.0625,46.8378],[101.0746,46.8425],[101.0735,46.8593],[101.1254,46.8701],[101.1694,46.8521],[101.1872,46.8339],[101.2092,46.8272],[101.2462,46.8174],[101.2668,46.8047],[101.2987,46.7809],[101.3312,46.7651],[101.355,46.8152],[101.4068,46.8264],[101.4773,46.8461],[101.5151,46.8501],[101.5277,46.8531],[101.634,46.8646],[101.7906,46.8636],[101.827,46.89],[101.8469,46.9057],[101.826,46.9306],[101.8165,46.9483],[101.8594,46.9689],[101.9787,46.9943],[101.9879,46.991],[102.0244,46.9858],[102.0391,46.9819],[102.0599,46.998],[102.104,46.9887],[102.1365,47.0118],[102.2921,47.0407],[102.306,47.0093],[102.3302,46.9857],[102.3533,46.9644],[102.4221,46.9119],[102.429,46.9129],[102.4374,46.9104],[102.4415,46.914],[102.4415,46.9193],[102.4466,46.921],[102.4545,46.9169],[102.4644,46.9256],[102.4728,46.9294],[102.4864,46.9261],[102.4967,46.9313],[102.5022,46.9375],[102.5008,46.9413],[102.506,46.9454],[102.5168,46.9468],[102.5186,46.952],[102.5249,46.9561],[102.5371,47.0334],[102.5109,47.0778],[102.5335,47.1117],[102.6094,47.1349],[102.629,47.1559],[102.6304,47.177],[102.6659,47.2221],[102.6708,47.2264],[102.673,47.2327],[102.6809,47.2407],[102.6885,47.2554],[102.6925,47.2593],[102.6961,47.2706],[102.7066,47.2864],[102.705,47.2902],[102.7122,47.296],[102.6941,47.3098],[102.6762,47.3268],[102.6723,47.3285],[102.6552,47.3254],[102.6134,47.3351],[102.6185,47.3579],[102.5762,47.3935],[102.6603,47.4309],[102.6864,47.4056],[102.6792,47.3993],[102.6853,47.3906],[102.6971,47.3844],[102.6983,47.3792],[102.7035,47.3764],[102.8305,47.3918],[102.8938,47.3388],[103.0341,47.3211],[103.1016,47.2611],[103.114,47.202],[103.3539,47.1901],[103.4866,47.1929],[103.5646,47.2063],[103.6534,47.2377],[103.6936,47.2392],[103.6756,47.2476],[103.6709,47.2588],[103.6614,47.2674],[103.645,47.2782],[103.6427,47.2865],[103.6463,47.2969],[103.6426,47.3196],[103.6392,47.3327],[103.6351,47.3341],[103.6343,47.3421],[103.6261,47.3453],[103.6127,47.3559],[103.5988,47.3708],[103.596,47.3812],[103.5906,47.385],[103.5951,47.3898],[103.5915,47.3981],[103.5806,47.4019],[103.5799,47.4059],[103.5679,47.4062],[103.4506,47.4865],[103.3789,47.5064],[103.3088,47.5611],[103.2644,47.6254],[103.2068,47.7157],[103.1827,47.72],[103.1216,47.7193],[103.0668,47.7629],[102.962,47.815],[102.9585,47.8547],[102.8615,47.8782],[102.8288,47.8858],[102.8167,47.9233],[102.8035,47.9484],[102.8161,47.9816],[102.8234,48.0089],[102.7656,48.0943],[102.7108,48.1931],[102.6614,48.2435],[102.6237,48.2621],[102.5754,48.2875],[102.5192,48.2667],[102.488,48.2539],[102.3966,48.3166],[102.3414,48.3392],[102.3454,48.3601],[102.3761,48.4198],[102.3347,48.4505],[102.3197,48.4648],[102.2473,48.5021],[102.2261,48.5174],[102.2166,48.5732],[102.2149,48.6124],[102.2246,48.6314],[102.207,48.645],[102.1761,48.7042],[102.1936,48.7096],[102.1604,48.7653],[102.1568,48.7801],[102.156,48.8229],[102.1562,48.8354],[102.1099,48.8624],[102.1047,48.8594],[102.1033,48.8481],[102.0977,48.8437],[102.0963,48.8377],[102.0859,48.8376],[102.0787,48.8327],[102.0709,48.8339],[102.048,48.8331],[102.0337,48.8272],[102.0292,48.8236],[102.0324,48.817],[102.0197,48.8086],[102.0054,48.7917],[101.9999,48.7902],[101.9881,48.7915],[101.9793,48.7943],[101.9743,48.7993],[101.9618,48.8028],[101.947,48.815],[101.9478,48.8213],[101.9533,48.832],[101.9474,48.8344],[101.9454,48.8425],[101.9407,48.8432],[101.9362,48.8495],[101.9389,48.8564],[101.9463,48.8655],[101.954,48.867],[101.9575,48.8744],[101.9536,48.8765],[101.9523,48.8837],[101.9318,48.8917],[101.9288,48.8996],[101.91,48.8969],[101.906,48.8903],[101.8882,48.889],[101.8766,48.8893],[101.872,48.897],[101.8613,48.8995],[101.8524,48.8958],[101.8407,48.8946],[101.8235,48.8949],[101.7854,48.9148],[101.7174,48.9481],[101.6588,48.9811],[101.6349,49.0094]]]}},{"type":"Feature","properties":{"id":67,"name":"Хөвсгөл"},"geometry":{"type":"Polygon","coordinates":[[[100.0871,51.7451],[100.0736,51.7407],[100.0647,51.7331],[100.0545,51.7338],[100.0498,51.7372],[100.0389,51.7331],[100.0289,51.7357],[100.0238,51.7404],[100.0073,51.7407],[99.9972,51.7439],[99.9812,51.7529],[99.9646,51.7419],[99.9512,51.7428],[99.942,51.7471],[99.9295,51.7482],[99.925,51.746],[99.922,51.7396],[99.9162,51.7377],[99.9085,51.7402],[99.9094,51.7459],[99.8987,51.7593],[99.8838,51.7617],[99.8787,51.7712],[99.8693,51.7777],[99.8701,51.7808],[99.8633,51.7864],[99.8716,51.7939],[99.8635,51.8054],[99.8303,51.8062],[99.8446,51.8199],[99.8466,51.8357],[99.8328,51.8363],[99.8196,51.8479],[99.8262,51.8523],[99.8291,51.8607],[99.8288,51.8676],[99.8241,51.8744],[99.8278,51.8817],[99.8218,51.8893],[99.8167,51.8903],[99.8172,51.8987],[99.8106,51.9043],[99.8072,51.9122],[99.8021,51.916],[99.7675,51.9131],[99.7523,51.9093],[99.7441,51.9032],[99.7177,51.9045],[99.6937,51.8994],[99.6899,51.8967],[99.6861,51.8883],[99.6827,51.8877],[99.6709,51.8975],[99.6693,51.9037],[99.6627,51.903],[99.6562,51.8985],[99.6368,51.8935],[99.6258,51.8932],[99.6145,51.8816],[99.6129,51.8896],[99.6088,51.8978],[99.6,51.9045],[99.6009,51.9104],[99.5976,51.9183],[99.5981,51.9242],[99.5908,51.9292],[99.5823,51.9289],[99.567,51.934],[99.5509,51.9473],[99.5387,51.953],[99.5451,51.9604],[99.5373,51.9637],[99.5303,51.9631],[99.5203,51.9684],[99.5146,51.9613],[99.4999,51.9562],[99.4984,51.9515],[99.4777,51.9562],[99.4751,51.9521],[99.4642,51.9488],[99.4513,51.9517],[99.4378,51.9568],[99.4234,51.9572],[99.4104,51.9532],[99.4019,51.9665],[99.3929,51.9646],[99.3927,51.9579],[99.3886,51.9552],[99.3698,51.9548],[99.3679,51.9497],[99.3692,51.9409],[99.3592,51.9411],[99.3515,51.9443],[99.3475,51.9515],[99.3342,51.9578],[99.3263,51.956],[99.3159,51.9587],[99.3087,51.9576],[99.2943,51.9614],[99.2771,51.9705],[99.2714,51.9689],[99.2634,51.9767],[99.2684,51.9816],[99.2772,51.9831],[99.283,51.9872],[99.2694,51.9949],[99.2756,52.0033],[99.2749,52.01],[99.2816,52.0135],[99.2767,52.019],[99.2618,52.0208],[99.2564,52.0179],[99.2568,52.013],[99.2502,52.0116],[99.2358,52.0128],[99.227,52.0229],[99.2174,52.0276],[99.1971,52.0286],[99.1923,52.0318],[99.1718,52.0358],[99.1617,52.0288],[99.1555,52.0318],[99.1457,52.0329],[99.1414,52.0285],[99.1326,52.0243],[99.1255,52.0259],[99.1153,52.0316],[99.1101,52.0423],[99.1051,52.0445],[99.1031,52.0504],[99.0888,52.0486],[99.0824,52.053],[99.0827,52.0638],[99.0745,52.065],[99.0682,52.0703],[99.0578,52.0682],[99.0454,52.0688],[99.0253,52.0654],[99.0176,52.0736],[99.0107,52.0726],[99.0023,52.0762],[99.0113,52.0803],[99.0012,52.0834],[98.9974,52.0867],[99.0036,52.0928],[98.9967,52.1056],[98.988,52.1122],[98.9797,52.1156],[98.9812,52.1274],[98.9755,52.1297],[98.9685,52.1422],[98.9713,52.1455],[98.9532,52.1456],[98.946,52.1473],[98.9194,52.1472],[98.9109,52.1484],[98.907,52.1417],[98.8939,52.14],[98.8913,52.1349],[98.8798,52.1352],[98.8712,52.1375],[98.8651,52.1318],[98.8527,52.1261],[98.8547,52.1164],[98.86,52.1117],[98.8549,52.1041],[98.8536,52.0971],[98.8422,52.0962],[98.8417,52.0907],[98.8493,52.0805],[98.8475,52.0633],[98.8495,52.0536],[98.8475,52.0496],[98.8323,52.0408],[98.8293,52.0324],[98.8153,52.0287],[98.81,52.022],[98.819,52.01],[98.8097,51.9993],[98.8048,51.9964],[98.8036,51.9911],[98.8092,51.9748],[98.8045,51.96],[98.7825,51.9455],[98.782,51.9322],[98.767,51.8994],[98.7667,51.89],[98.7745,51.8846],[98.7715,51.8806],[98.764,51.8778],[98.7569,51.8713],[98.7501,51.868],[98.7431,51.8593],[98.7293,51.8573],[98.7108,51.8482],[98.7077,51.844],[98.6952,51.8387],[98.6922,51.835],[98.6823,51.8298],[98.6755,51.8238],[98.6598,51.8178],[98.6489,51.8165],[98.6359,51.8102],[98.6273,51.8088],[98.6192,51.8038],[98.6091,51.8033],[98.5948,51.7992],[98.5864,51.7994],[98.5739,51.8025],[98.5654,51.8022],[98.5605,51.7991],[98.5499,51.7972],[98.5348,51.7965],[98.5227,51.8001],[98.5171,51.7941],[98.5236,51.7805],[98.4917,51.76],[98.469,51.7475],[98.4517,51.7399],[98.3823,51.7431],[98.3551,51.7342],[98.361,51.7045],[98.3359,51.7048],[98.3128,51.6754],[98.3115,51.6675],[98.3061,51.6645],[98.3018,51.647],[98.2958,51.639],[98.2851,51.6357],[98.2835,51.6301],[98.2763,51.628],[98.2771,51.6234],[98.2715,51.6167],[98.2596,51.6072],[98.2502,51.6053],[98.2454,51.6006],[98.2395,51.5998],[98.2282,51.6028],[98.2206,51.6002],[98.225,51.5916],[98.2218,51.586],[98.2364,51.5854],[98.2396,51.5797],[98.236,51.5765],[98.2355,51.5652],[98.238,51.5616],[98.2349,51.5569],[98.2363,51.5483],[98.248,51.545],[98.2553,51.5381],[98.2562,51.5271],[98.2511,51.5138],[98.2496,51.5038],[98.236,51.4909],[98.2366,51.486],[98.2289,51.4585],[98.2177,51.4619],[98.2064,51.4575],[98.1967,51.4603],[98.1868,51.4606],[98.1763,51.4656],[98.1586,51.465],[98.1476,51.4727],[98.1376,51.4718],[98.1257,51.4767],[98.1089,51.4735],[98.0973,51.4735],[98.0867,51.4668],[98.0736,51.4637],[98.0694,51.4602],[98.0512,51.4588],[98.0394,51.4483],[98.0343,51.4473],[98.0383,51.438],[98.0224,51.4236],[98.0216,51.4103],[98.0114,51.396],[98.003,51.3947],[98.0053,51.3895],[97.9963,51.385],[97.995,51.3784],[97.9877,51.3769],[97.9868,51.3689],[97.9825,51.3642],[97.9841,51.3597],[97.9777,51.3523],[97.979,51.3462],[97.9641,51.3427],[97.9608,51.336],[97.9545,51.3338],[97.9503,51.3253],[97.9551,51.3201],[97.9528,51.3163],[97.956,51.3092],[97.9514,51.2973],[97.9538,51.2925],[97.9491,51.2672],[97.9449,51.2607],[97.9465,51.2527],[97.9425,51.25],[97.9507,51.2452],[97.9525,51.2357],[97.9564,51.2289],[97.9506,51.2267],[97.9481,51.2189],[97.9414,51.2087],[97.9342,51.2069],[97.9325,51.1948],[97.9266,51.1918],[97.9277,51.1855],[97.9199,51.1845],[97.914,51.1779],[97.9078,51.1781],[97.9086,51.1683],[97.9137,51.1655],[97.9028,51.1466],[97.906,51.1396],[97.8983,51.1356],[97.9001,51.1297],[97.8956,51.1242],[97.9006,51.1166],[97.895,51.1094],[97.8968,51.1057],[97.8883,51.1008],[97.8794,51.0933],[97.878,51.0838],[97.8718,51.0802],[97.8773,51.076],[97.8781,51.0708],[97.8677,51.0645],[97.8669,51.0557],[97.8716,51.0522],[97.8651,51.0453],[97.8489,51.0378],[97.8459,51.0309],[97.8348,51.0274],[97.8273,51.0179],[97.8251,51.0091],[97.8286,51.0033],[97.8495,50.9962],[97.8544,50.9889],[97.8545,50.983],[97.8621,50.9745],[97.8558,50.9692],[97.8575,50.9599],[97.8673,50.9555],[97.8689,50.9482],[97.8798,50.9451],[97.8834,50.9412],[97.8867,50.9305],[97.8972,50.9285],[97.8953,50.9243],[97.9105,50.9243],[97.9249,50.9164],[97.9308,50.9157],[97.9477,50.9054],[97.9538,50.8979],[97.9662,50.894],[97.9703,50.8903],[97.9854,50.8903],[98.0016,50.8747],[98.0171,50.8748],[98.0208,50.8713],[98.0356,50.8632],[98.0333,50.8584],[98.0152,50.8484],[98.004,50.8348],[97.9944,50.8208],[97.9825,50.8186],[97.9745,50.8139],[97.9565,50.8092],[97.9613,50.8066],[97.9638,50.7986],[97.973,50.7931],[97.978,50.7863],[97.9722,50.774],[97.9717,50.7546],[97.9738,50.7484],[97.9813,50.7448],[97.983,50.7407],[97.9921,50.7334],[97.9913,50.7245],[97.9942,50.7199],[97.9885,50.7154],[97.9923,50.7127],[97.9925,50.7067],[98.0043,50.6946],[98.0125,50.6954],[98.0229,50.6907],[98.0143,50.6886],[98.0041,50.6815],[98.0095,50.6767],[98.0161,50.6614],[98.0287,50.6551],[98.0365,50.654],[98.0385,50.6475],[98.0443,50.6434],[98.0539,50.6438],[98.0547,50.6393],[98.0614,50.6384],[98.0589,50.6308],[98.0677,50.629],[98.072,50.616],[98.0785,50.613],[98.0833,50.6044],[98.0939,50.6014],[98.0962,50.597],[98.1177,50.5954],[98.1325,50.5871],[98.1483,50.574],[98.1567,50.5741],[98.168,50.567],[98.1747,50.5667],[98.1843,50.5617],[98.1872,50.5568],[98.239,50.5461],[98.2499,50.5458],[98.2582,50.5411],[98.2668,50.5412],[98.2735,50.5384],[98.2876,50.5251],[98.2872,50.5165],[98.2927,50.5046],[98.2991,50.498],[98.3092,50.4941],[98.3229,50.4954],[98.3244,50.4848],[98.3283,50.476],[98.3195,50.4663],[98.3079,50.4605],[98.3074,50.4568],[98.2981,50.4505],[98.3003,50.4413],[98.2946,50.4388],[98.2929,50.4329],[98.2843,50.422],[98.2769,50.418],[98.2721,50.4121],[98.2827,50.4064],[98.2824,50.4036],[98.2727,50.4009],[98.2692,50.3966],[98.2906,50.3761],[98.2919,50.3665],[98.2994,50.3619],[98.299,50.3501],[98.2852,50.3433],[98.2861,50.3406],[98.3045,50.338],[98.3073,50.3225],[98.2978,50.3177],[98.2891,50.3167],[98.281,50.3131],[98.2727,50.3119],[98.2658,50.307],[98.2527,50.2943],[98.2489,50.2869],[98.2504,50.2837],[98.2478,50.2754],[98.2343,50.2619],[98.2287,50.2448],[98.2281,50.2366],[98.2023,50.2231],[98.1928,50.2148],[98.1831,50.2092],[98.1756,50.2075],[98.17,50.2029],[98.1686,50.1941],[98.1853,50.1778],[98.1895,50.1708],[98.1827,50.1574],[98.1826,50.148],[98.1756,50.145],[98.1699,50.1456],[98.1633,50.1376],[98.1521,50.1356],[98.1414,50.1315],[98.1236,50.1331],[98.1183,50.1269],[98.1253,50.12],[98.1205,50.108],[98.1274,50.1041],[98.1045,50.0805],[98.1058,50.074],[98.084,50.0744],[98.0741,50.0703],[98.0668,50.0651],[98.0727,50.0608],[98.0702,50.0542],[98.0686,50.0393],[98.0657,50.0323],[98.0416,50.0359],[98.0274,50.031],[98.016,50.0305],[97.9855,50.0228],[97.9814,50.0173],[97.9776,50.0002],[97.9644,49.9978],[97.9518,49.9865],[97.9412,49.9787],[97.926,49.9815],[97.9198,49.9802],[97.9111,49.9818],[97.9037,49.9862],[97.8949,49.9813],[97.8691,49.9725],[97.8659,49.9591],[97.8721,49.9568],[97.8804,49.9472],[97.8787,49.9413],[97.8865,49.9366],[97.8965,49.935],[97.8987,49.9314],[97.8895,49.9251],[97.879,49.9265],[97.8758,49.9214],[97.8608,49.9175],[97.8545,49.9176],[97.8478,49.9242],[97.828,49.927],[97.8244,49.9373],[97.8144,49.9369],[97.8175,49.9491],[97.8101,49.9544],[97.7903,49.9585],[97.7948,49.9657],[97.7794,49.9733],[97.7774,49.9817],[97.7881,49.9877],[97.7758,49.9963],[97.7634,49.9941],[97.7503,49.9854],[97.7457,49.9856],[97.7331,49.9752],[97.7088,49.9759],[97.7023,49.9657],[97.6875,49.9661],[97.6726,49.9612],[97.6645,49.9558],[97.6258,49.9456],[97.6205,49.9403],[97.6143,49.9428],[97.5787,49.9443],[97.5743,49.935],[97.5617,49.9262],[97.5494,49.9241],[97.5636,49.9199],[97.5693,49.9155],[97.5803,49.9117],[97.5684,49.9077],[97.5686,49.8994],[97.5763,49.8902],[97.5838,49.8869],[97.5861,49.8825],[97.5821,49.8762],[97.5836,49.8691],[97.5797,49.859],[97.5621,49.8529],[97.561,49.8477],[97.5529,49.8428],[97.5451,49.8456],[97.538,49.8442],[97.5347,49.8377],[97.5213,49.8371],[97.5132,49.824],[97.51,49.8153],[97.4968,49.8065],[97.4827,49.8028],[97.4673,49.8038],[97.4564,49.7965],[97.4479,49.7945],[97.4166,49.7791],[97.4042,49.7874],[97.3935,49.7851],[97.3896,49.7796],[97.3825,49.7787],[97.3708,49.7824],[97.3589,49.7823],[97.335,49.7671],[97.3356,49.7576],[97.3149,49.7509],[97.3084,49.7534],[97.2882,49.7512],[97.2818,49.7522],[97.25,49.7491],[97.2313,49.7436],[97.2211,49.7442],[97.2207,49.7499],[97.2043,49.7539],[97.2029,49.7591],[97.1901,49.764],[97.1888,49.7691],[97.1798,49.7763],[97.1673,49.777],[97.147,49.7834],[97.1323,49.79],[97.1198,49.7921],[97.119,49.7911],[97.0776,49.7682],[97.1267,49.7326],[97.0642,49.6847],[97.0441,49.6617],[97.0065,49.628],[97.0004,49.624],[96.9745,49.5975],[96.9602,49.5805],[96.9287,49.5709],[96.8353,49.4703],[96.8561,49.386],[96.8558,49.3852],[96.9762,49.3076],[97.0828,49.2455],[97.0919,49.2382],[97.0928,49.2345],[97.0995,49.2311],[97.1175,49.2133],[97.1289,49.2068],[97.1416,49.203],[97.2232,49.2016],[97.307,49.2097],[97.3733,49.193],[97.4067,49.2027],[97.4469,49.2167],[97.5046,49.1921],[97.6318,49.1626],[97.6591,49.1456],[97.7647,49.0964],[97.792,49.0803],[97.8227,49.0529],[97.8697,49.0337],[97.9121,49.0135],[97.9378,49.0072],[98.0219,49.0169],[98.0904,49.0066],[98.1592,49.0384],[98.2232,49.0571],[98.2614,49.0359],[98.3395,49.0447],[98.3991,49.0502],[98.4405,49.04],[98.4516,49.0074],[98.5691,48.9741],[98.6425,49.0043],[98.7107,49.0238],[98.7582,49.1104],[98.8682,49.1251],[98.9002,49.1168],[98.916,49.107],[98.9287,49.1065],[98.9397,49.1131],[98.9479,49.1198],[98.9552,49.1213],[98.9612,49.1254],[98.9675,49.1243],[98.9827,49.1256],[98.9853,49.1244],[99.0045,49.1284],[99.0173,49.1273],[99.0363,49.1325],[99.0435,49.1398],[99.0383,49.1477],[99.0593,49.1522],[99.0783,49.1531],[99.1013,49.1577],[99.105,49.1532],[99.106,49.146],[99.113,49.1402],[99.1069,49.1335],[99.1033,49.1202],[99.0995,49.1121],[99.1003,49.0996],[99.1036,49.0929],[99.1024,49.0858],[99.0898,49.0771],[99.1116,49.0537],[99.1155,49.0064],[99.1194,48.9779],[99.1209,48.9283],[99.1946,48.8698],[99.2073,48.8429],[99.1926,48.8053],[99.1856,48.8035],[99.1752,48.7923],[99.1639,48.7573],[99.1583,48.7547],[99.1453,48.7416],[99.1357,48.737],[99.1352,48.7187],[99.13,48.712],[99.0905,48.6854],[99.0835,48.6727],[99.0806,48.6513],[99.0819,48.6428],[99.0792,48.6336],[99.0799,48.6259],[99.0725,48.5726],[99.0738,48.5127],[99.0631,48.5038],[99.0608,48.4986],[99.0659,48.4897],[99.0695,48.4785],[99.0801,48.4759],[99.0924,48.4772],[99.0908,48.4634],[99.1022,48.4487],[99.1029,48.4403],[99.0966,48.4311],[99.1142,48.3967],[99.0905,48.3384],[99.0809,48.3113],[99.1515,48.304],[99.2181,48.2555],[99.2804,48.2556],[99.3391,48.2881],[99.3557,48.3144],[99.383,48.2924],[99.477,48.2809],[99.5663,48.2925],[99.6142,48.3045],[99.6597,48.3155],[99.725,48.3136],[99.7279,48.3333],[99.7334,48.3551],[99.7391,48.4245],[99.7915,48.487],[99.8319,48.4787],[99.9315,48.464],[100.0195,48.4179],[100.0874,48.4061],[100.1448,48.3834],[100.2081,48.4133],[100.1596,48.4458],[100.1551,48.4615],[100.1528,48.475],[100.1553,48.4851],[100.1597,48.4912],[100.1694,48.4972],[100.2013,48.5015],[100.2083,48.5041],[100.2286,48.4999],[100.2394,48.5034],[100.2499,48.5013],[100.269,48.5],[100.2751,48.5017],[100.2922,48.4992],[100.3529,48.5027],[100.3905,48.5138],[100.4074,48.5275],[100.3732,48.592],[100.3666,48.5972],[100.3705,48.5992],[100.3635,48.609],[100.3521,48.6161],[100.3462,48.6177],[100.3463,48.6287],[100.3432,48.6339],[100.3331,48.6386],[100.3373,48.6456],[100.3484,48.6484],[100.3499,48.658],[100.3428,48.6616],[100.3293,48.6579],[100.3193,48.6619],[100.3211,48.6754],[100.3236,48.6824],[100.3203,48.6941],[100.3212,48.7024],[100.3291,48.7085],[100.3346,48.7091],[100.3429,48.7163],[100.3428,48.7239],[100.3362,48.7286],[100.3545,48.7385],[100.3523,48.7455],[100.3384,48.7438],[100.3417,48.758],[100.3396,48.7679],[100.342,48.776],[100.3595,48.776],[100.3698,48.7741],[100.3775,48.7786],[100.3708,48.7878],[100.3714,48.7994],[100.3666,48.8022],[100.3584,48.7964],[100.354,48.796],[100.3501,48.8043],[100.3527,48.8082],[100.3721,48.8105],[100.3753,48.8151],[100.3658,48.8194],[100.3738,48.826],[100.3736,48.8335],[100.3888,48.8368],[100.3988,48.8277],[100.4043,48.8294],[100.4046,48.8345],[100.398,48.8474],[100.4012,48.8508],[100.4164,48.8512],[100.4197,48.8617],[100.4148,48.8656],[100.4051,48.8672],[100.3977,48.8725],[100.3963,48.8777],[100.4038,48.8793],[100.4155,48.8748],[100.4185,48.8759],[100.4178,48.8856],[100.4215,48.8902],[100.4433,48.8887],[100.4501,48.8861],[100.4656,48.8847],[100.4682,48.8875],[100.464,48.8965],[100.4686,48.9023],[100.4758,48.903],[100.4832,48.8972],[100.4927,48.8948],[100.4979,48.9073],[100.5045,48.9091],[100.51,48.9069],[100.5119,48.8992],[100.52,48.8959],[100.5245,48.8972],[100.5232,48.9046],[100.5179,48.9122],[100.5242,48.9157],[100.5333,48.914],[100.5425,48.9152],[100.5466,48.918],[100.5597,48.9367],[100.5666,48.9435],[100.5827,48.9479],[100.5832,48.9643],[100.6029,48.9765],[100.5978,48.9813],[100.5878,48.9767],[100.5788,48.9775],[100.5754,48.9815],[100.5318,48.999],[100.4887,49.0017],[100.4799,49.0125],[100.4547,49.0213],[100.4174,49.03],[100.422,49.0361],[100.4226,49.0428],[100.411,49.0481],[100.4035,49.0548],[100.4032,49.0606],[100.4126,49.0643],[100.4176,49.0591],[100.432,49.0603],[100.4323,49.0566],[100.4223,49.051],[100.436,49.0436],[100.4592,49.04],[100.4594,49.0457],[100.4695,49.0448],[100.4828,49.0412],[100.4877,49.0433],[100.4903,49.0507],[100.4972,49.055],[100.5113,49.0567],[100.517,49.0556],[100.5263,49.0591],[100.5352,49.0584],[100.5424,49.0622],[100.5615,49.0682],[100.5857,49.0696],[100.5963,49.0754],[100.5976,49.0811],[100.5932,49.0847],[100.5794,49.0862],[100.5716,49.0898],[100.5699,49.0944],[100.5767,49.0987],[100.5751,49.1051],[100.5802,49.1084],[100.5949,49.1117],[100.6097,49.1133],[100.6142,49.1161],[100.6249,49.1328],[100.6341,49.138],[100.6343,49.142],[100.6439,49.15],[100.6501,49.1532],[100.6578,49.1525],[100.6667,49.1558],[100.6694,49.16],[100.6676,49.1661],[100.671,49.1692],[100.6686,49.1759],[100.6841,49.1862],[100.692,49.1891],[100.691,49.1925],[100.6765,49.2063],[100.6683,49.2107],[100.6675,49.2152],[100.6811,49.2161],[100.6972,49.219],[100.7069,49.2147],[100.7116,49.2175],[100.7226,49.2168],[100.7259,49.2115],[100.7859,49.1891],[100.8316,49.1617],[100.8509,49.1531],[101.0077,49.1099],[101.087,49.0913],[101.1204,49.0706],[101.1617,49.0533],[101.1922,49.0455],[101.1995,49.041],[101.2082,49.0318],[101.2103,49.0265],[101.2851,49.0094],[101.3087,49.0003],[101.3163,48.9961],[101.3263,48.9933],[101.3476,48.978],[101.3754,48.9664],[101.3805,48.9652],[101.4032,48.9649],[101.4139,48.9661],[101.4159,48.9602],[101.4789,48.953],[101.4997,48.9586],[101.5364,48.9662],[101.5676,48.9784],[101.6349,49.0094],[101.6291,49.0351],[101.6146,49.0543],[101.6125,49.0893],[101.618,49.1071],[101.6377,49.1335],[101.6497,49.1785],[101.6734,49.2115],[101.7765,49.2465],[101.837,49.2623],[101.8517,49.2898],[101.8553,49.3113],[101.8905,49.31],[101.9179,49.3216],[101.9633,49.3295],[102.0359,49.4011],[102.1166,49.415],[102.2124,49.4445],[102.2673,49.4479],[102.3782,49.4685],[102.4356,49.5453],[102.4428,49.5808],[102.4805,49.6123],[102.4785,49.7074],[102.5813,49.6627],[102.648,49.6328],[102.657,49.6253],[102.6606,49.616],[102.668,49.6166],[102.6639,49.6225],[102.6637,49.628],[102.671,49.6339],[102.6896,49.66],[102.6988,49.6798],[102.7036,49.6862],[102.7009,49.6896],[102.7074,49.7037],[102.7163,49.7149],[102.7227,49.7165],[102.7333,49.7233],[102.7388,49.7302],[102.7534,49.7399],[102.7536,49.743],[102.7339,49.7443],[102.722,49.7499],[102.7101,49.7585],[102.7112,49.7616],[102.7063,49.7713],[102.7031,49.7714],[102.6106,49.7779],[102.5364,49.8006],[102.4976,49.8248],[102.3659,49.8452],[102.0999,49.9249],[102.0434,49.9485],[102.0674,49.9956],[102.1034,50.0205],[102.1338,50.0524],[102.1657,50.0848],[102.2118,50.1476],[102.336,50.1987],[102.3605,50.2189],[102.3648,50.2877],[102.3987,50.3082],[102.4284,50.3292],[102.4772,50.3524],[102.5362,50.3883],[102.6252,50.4336],[102.6225,50.4417],[102.6167,50.4517],[102.6206,50.4609],[102.6184,50.4793],[102.6163,50.4861],[102.6091,50.4956],[102.6106,50.5056],[102.596,50.5134],[102.5928,50.5175],[102.5832,50.5206],[102.5727,50.5185],[102.5732,50.5242],[102.5459,50.5273],[102.5409,50.5323],[102.5543,50.55],[102.5541,50.5562],[102.5468,50.5677],[102.5362,50.589],[102.5251,50.5948],[102.5057,50.5951],[102.4972,50.5971],[102.4791,50.5976],[102.4678,50.6018],[102.4501,50.6154],[102.4467,50.6213],[102.4495,50.6313],[102.4486,50.6441],[102.446,50.6459],[102.4223,50.641],[102.412,50.6427],[102.4017,50.6411],[102.3942,50.6457],[102.3916,50.655],[102.3854,50.6629],[102.3768,50.6669],[102.3565,50.6652],[102.3471,50.663],[102.3271,50.6751],[102.3055,50.6805],[102.3022,50.6826],[102.3024,50.69],[102.3085,50.7049],[102.3325,50.7188],[102.3326,50.7216],[102.3406,50.7319],[102.3364,50.7395],[102.3248,50.7463],[102.3219,50.7533],[102.305,50.7631],[102.2948,50.7731],[102.2944,50.7802],[102.2739,50.7933],[102.2518,50.7984],[102.2423,50.7977],[102.2365,50.8014],[102.2296,50.8103],[102.2166,50.8132],[102.2099,50.8172],[102.2134,50.8236],[102.2207,50.8283],[102.2122,50.8351],[102.21,50.8444],[102.2149,50.852],[102.2212,50.852],[102.2153,50.8607],[102.2115,50.8724],[102.2121,50.876],[102.2379,50.8901],[102.2456,50.9022],[102.2406,50.9175],[102.2178,50.9302],[102.2251,50.9378],[102.215,50.9483],[102.2139,50.954],[102.224,50.9624],[102.2346,50.9751],[102.2304,50.9768],[102.2234,50.9919],[102.2257,50.9992],[102.2158,51.01],[102.212,51.0213],[102.2033,51.0295],[102.2037,51.0397],[102.1967,51.0397],[102.1834,51.0432],[102.1811,51.0486],[102.1633,51.0542],[102.1497,51.0597],[102.1517,51.0657],[102.1473,51.0695],[102.1498,51.0802],[102.1536,51.0833],[102.1641,51.0851],[102.1705,51.0957],[102.1578,51.0943],[102.1419,51.0988],[102.134,51.1099],[102.1322,51.1286],[102.1346,51.1326],[102.1232,51.1392],[102.1257,51.1421],[102.1242,51.1498],[102.1345,51.1575],[102.1364,51.1747],[102.1465,51.1764],[102.1563,51.1749],[102.1669,51.1789],[102.1599,51.1894],[102.155,51.1925],[102.1441,51.1943],[102.1382,51.2009],[102.1337,51.2021],[102.1294,51.209],[102.1431,51.2206],[102.113,51.2379],[102.105,51.2471],[102.1153,51.2515],[102.1179,51.2549],[102.1142,51.2596],[102.1196,51.265],[102.1154,51.2701],[102.1195,51.28],[102.1158,51.2876],[102.1271,51.2853],[102.1601,51.2832],[102.1739,51.2854],[102.1775,51.2921],[102.1841,51.2952],[102.179,51.3016],[102.1686,51.3076],[102.169,51.3184],[102.1606,51.3202],[102.1575,51.3259],[102.1476,51.3336],[102.1473,51.3388],[102.1373,51.3465],[102.1252,51.3489],[102.1276,51.359],[102.1095,51.3682],[102.0813,51.3765],[102.0591,51.3802],[102.0483,51.3872],[102.0304,51.39],[102.0224,51.396],[102.018,51.3959],[102.0022,51.3864],[101.9894,51.3951],[101.9794,51.3955],[101.9716,51.3927],[101.9623,51.4078],[101.9557,51.4125],[101.9467,51.4143],[101.9394,51.4129],[101.9283,51.4169],[101.9213,51.4139],[101.9124,51.4146],[101.9091,51.4108],[101.8948,51.4018],[101.8839,51.4089],[101.8672,51.4086],[101.8638,51.4171],[101.8573,51.4154],[101.8385,51.419],[101.8307,51.4185],[101.8178,51.4218],[101.8121,51.4262],[101.8112,51.4321],[101.8041,51.4382],[101.7957,51.437],[101.7865,51.4418],[101.7781,51.4414],[101.7704,51.4457],[101.7562,51.4507],[101.7492,51.4555],[101.7339,51.4534],[101.7184,51.4548],[101.6972,51.4486],[101.6937,51.4532],[101.6782,51.4508],[101.6718,51.4468],[101.6664,51.4473],[101.6586,51.4437],[101.6442,51.4427],[101.621,51.4441],[101.615,51.4534],[101.6222,51.4629],[101.6224,51.4694],[101.6058,51.472],[101.5968,51.4795],[101.5818,51.4813],[101.57,51.4766],[101.5667,51.4825],[101.5562,51.4933],[101.542,51.4998],[101.5291,51.4999],[101.5223,51.4964],[101.5006,51.5033],[101.4918,51.4982],[101.4759,51.4921],[101.4597,51.4913],[101.4577,51.4794],[101.4589,51.4709],[101.4379,51.4552],[101.4197,51.4568],[101.4022,51.453],[101.391,51.4563],[101.3699,51.4559],[101.3698,51.4612],[101.3634,51.4619],[101.3571,51.4672],[101.3602,51.4733],[101.3565,51.478],[101.344,51.485],[101.3384,51.4908],[101.3145,51.4958],[101.2945,51.5065],[101.2838,51.5085],[101.2826,51.5167],[101.279,51.5182],[101.262,51.5361],[101.2602,51.5428],[101.2427,51.5478],[101.2285,51.5431],[101.2236,51.5381],[101.2048,51.5309],[101.1916,51.5222],[101.1758,51.5248],[101.1588,51.521],[101.1465,51.5205],[101.1365,51.5226],[101.1328,51.5277],[101.1353,51.5447],[101.1252,51.5522],[101.1264,51.5609],[101.1026,51.5793],[101.0982,51.5852],[101.091,51.581],[101.0885,51.5697],[101.0791,51.5601],[101.0659,51.5699],[101.0568,51.5723],[101.0385,51.5734],[101.0176,51.5704],[101.0163,51.5828],[101.0225,51.5873],[101.0187,51.5956],[100.9983,51.6041],[100.9902,51.613],[100.9789,51.6166],[100.958,51.6161],[100.9299,51.607],[100.8909,51.6225],[100.8571,51.6339],[100.8628,51.6419],[100.8513,51.6483],[100.823,51.6487],[100.8155,51.6528],[100.8084,51.663],[100.7974,51.6633],[100.7873,51.6665],[100.7676,51.6699],[100.7523,51.6759],[100.7378,51.6782],[100.7181,51.6895],[100.7124,51.6899],[100.6986,51.7021],[100.6934,51.7099],[100.686,51.7117],[100.6687,51.7069],[100.6574,51.7145],[100.6575,51.7259],[100.6544,51.7276],[100.6323,51.7248],[100.6173,51.7263],[100.6099,51.7254],[100.6048,51.7204],[100.5969,51.7189],[100.5924,51.7261],[100.5912,51.7369],[100.5858,51.7408],[100.5727,51.7396],[100.5656,51.7373],[100.5318,51.7375],[100.5329,51.743],[100.5278,51.7502],[100.5035,51.7501],[100.4954,51.7421],[100.4859,51.7442],[100.4754,51.7439],[100.4618,51.7383],[100.4513,51.7387],[100.4433,51.7294],[100.4277,51.7329],[100.4099,51.7306],[100.4121,51.745],[100.4025,51.7476],[100.3857,51.738],[100.3706,51.7413],[100.3574,51.738],[100.3541,51.7423],[100.3397,51.7414],[100.3331,51.7385],[100.3209,51.7391],[100.3087,51.7373],[100.2962,51.743],[100.2829,51.7373],[100.2739,51.7407],[100.2624,51.751],[100.2468,51.7465],[100.2391,51.7492],[100.218,51.7449],[100.2144,51.7428],[100.2011,51.7432],[100.1977,51.7475],[100.1845,51.7497],[100.1753,51.7496],[100.1635,51.7522],[100.1563,51.7575],[100.1455,51.7565],[100.1388,51.7588],[100.1265,51.7558],[100.1186,51.7575],[100.11,51.7544],[100.1037,51.7547],[100.0871,51.7451]]]}},{"type":"Feature","properties":{"id":81,"name":"Завхан"},"geometry":{"type":"Polygon","coordinates":[[[97.1198,49.7921],[97.1238,49.8019],[97.1305,49.8075],[97.1283,49.816],[97.1162,49.8201],[97.0701,49.8232],[97.0434,49.8334],[97.0227,49.8336],[97.0147,49.8318],[97.0072,49.8342],[97.0101,49.8394],[97.002,49.8459],[96.9978,49.8572],[96.9961,49.8672],[97.0005,49.8775],[96.9951,49.8926],[96.9912,49.8921],[96.9674,49.8948],[96.9587,49.8916],[96.9522,49.8933],[96.9416,49.892],[96.9313,49.8953],[96.9114,49.8962],[96.8923,49.8952],[96.8803,49.8982],[96.8712,49.8956],[96.8484,49.8963],[96.8399,49.9014],[96.8198,49.9109],[96.7715,49.9117],[96.7547,49.9097],[96.7474,49.9073],[96.7325,49.9094],[96.7278,49.9178],[96.71,49.9294],[96.7069,49.9263],[96.6916,49.9225],[96.6909,49.919],[96.6821,49.9112],[96.6674,49.9039],[96.6651,49.9009],[96.6527,49.8989],[96.6415,49.8942],[96.6411,49.8897],[96.6328,49.8887],[96.6118,49.8806],[96.6033,49.8743],[96.5893,49.8843],[96.5856,49.8963],[96.5799,49.9035],[96.5771,49.9121],[96.5702,49.918],[96.5611,49.9289],[96.56,49.9353],[96.5502,49.9433],[96.5239,49.9441],[96.5148,49.9431],[96.507,49.9349],[96.5013,49.9256],[96.4749,49.918],[96.4706,49.9135],[96.4592,49.9075],[96.4637,49.9028],[96.4629,49.8961],[96.4447,49.8844],[96.4373,49.8827],[96.434,49.877],[96.4175,49.8769],[96.3976,49.8845],[96.3893,49.8899],[96.3828,49.8972],[96.351,49.9055],[96.3403,49.9153],[96.3477,49.9265],[96.338,49.9319],[96.3381,49.9413],[96.3245,49.949],[96.3178,49.9447],[96.3022,49.9446],[96.3026,49.9524],[96.2949,49.9567],[96.2807,49.9554],[96.2777,49.9601],[96.2692,49.9652],[96.259,49.9773],[96.2431,49.9802],[96.2311,49.9798],[96.2217,49.9774],[96.2119,49.982],[96.2062,49.9823],[96.1977,49.9884],[96.1643,49.9882],[96.1535,49.99],[96.1346,49.9882],[96.1322,49.9864],[96.107,49.9891],[96.093,49.9976],[96.0915,50.0018],[96.0829,50.0099],[96.0715,50.0109],[96.0512,50.0108],[96.0362,50.0053],[96.0219,50.0049],[96.0154,50.0019],[96.0027,49.989],[95.9968,49.9757],[95.9798,49.9718],[95.968,49.9712],[95.9587,49.9809],[95.9577,49.9843],[95.9407,49.9893],[95.9357,49.9966],[95.9125,49.998],[95.9064,50.0091],[95.915,50.0231],[95.9003,50.0283],[95.8804,50.0372],[95.8778,50.041],[95.8594,50.0439],[95.8413,50.0433],[95.8339,50.0372],[95.815,50.0368],[95.7963,50.0308],[95.7909,50.0355],[95.7849,50.0286],[95.7721,50.0194],[95.7648,50.0167],[95.7613,50.0123],[95.7619,50.0008],[95.7638,49.9978],[95.7896,49.9834],[95.7923,49.9712],[95.796,49.964],[95.7782,49.9645],[95.7721,49.9623],[95.7499,49.9631],[95.744,49.9677],[95.7311,49.9612],[95.7208,49.9616],[95.7087,49.9593],[95.696,49.9596],[95.6842,49.9627],[95.6755,49.9625],[95.6659,49.9645],[95.6567,49.9566],[95.6292,49.9563],[95.5722,49.9443],[95.5656,49.9357],[95.5614,49.924],[95.5524,49.91],[95.546,49.9117],[95.5372,49.9047],[95.5323,49.8973],[95.5241,49.9033],[95.5017,49.9082],[95.4957,49.912],[95.49,49.9042],[95.481,49.9031],[95.4733,49.8985],[95.4604,49.894],[95.4583,49.891],[95.4474,49.8851],[95.4459,49.8715],[95.4574,49.857],[95.4721,49.8305],[95.4374,49.7909],[95.428,49.7499],[95.4197,49.7293],[95.3766,49.657],[95.4128,49.6025],[95.452,49.559],[95.4598,49.5238],[95.4634,49.4957],[95.5176,49.4635],[95.5554,49.4427],[95.6023,49.4362],[95.6307,49.4162],[95.6694,49.3784],[95.6889,49.3567],[95.6829,49.2877],[95.6771,49.2668],[95.6676,49.2572],[95.6652,49.251],[95.6731,49.2413],[95.6607,49.2431],[95.6558,49.242],[95.538,49.1725],[95.5436,49.1557],[95.5418,49.1435],[95.5443,49.1365],[95.549,49.1324],[95.5512,49.1208],[95.5376,49.1146],[95.5003,49.0646],[95.5297,49.0201],[95.524,48.9917],[95.5084,48.8609],[95.419,48.8279],[95.3298,48.851],[95.3142,48.7964],[95.2127,48.7701],[95.1773,48.7366],[95.0952,48.7131],[95.0561,48.6978],[95.048,48.6972],[95.0348,48.6925],[95.0154,48.6889],[95.0002,48.6824],[94.9936,48.6813],[94.9802,48.6825],[94.9568,48.6865],[94.8587,48.6934],[94.8234,48.6892],[94.7946,48.6873],[94.7681,48.6767],[94.7485,48.6735],[94.6946,48.6713],[94.6748,48.6787],[94.6497,48.6819],[94.658,48.7208],[94.482,48.7167],[94.4229,48.7311],[94.2464,48.7582],[94.1328,48.8078],[94.0647,48.7825],[94.0382,48.7607],[93.9797,48.7456],[93.9557,48.7364],[93.9311,48.7246],[93.8987,48.7168],[93.8799,48.7049],[93.8681,48.7024],[93.8409,48.7026],[93.8313,48.7007],[93.8226,48.6956],[93.7966,48.6839],[93.7816,48.6798],[93.7724,48.68],[93.7451,48.6911],[93.7344,48.7011],[93.6517,48.6521],[93.6368,48.549],[93.5607,48.5308],[93.4777,48.4892],[93.4099,48.4345],[93.3924,48.4198],[93.418,48.415],[93.4239,48.4124],[93.4537,48.4061],[93.4687,48.3996],[93.4798,48.3933],[93.4907,48.3819],[93.5066,48.3749],[93.5131,48.3686],[93.5133,48.3648],[93.5029,48.3522],[93.4946,48.3454],[93.4899,48.3362],[93.4888,48.3288],[93.4921,48.3241],[93.4899,48.3196],[93.4913,48.3078],[93.4865,48.2966],[93.4879,48.2935],[93.4819,48.2891],[93.4839,48.2845],[93.4763,48.2745],[93.474,48.2629],[93.465,48.2545],[93.4576,48.2501],[93.4529,48.2444],[93.4428,48.2406],[93.4319,48.2321],[93.4259,48.2257],[93.4107,48.2198],[93.4101,48.214],[93.4232,48.1998],[93.4279,48.1861],[93.4276,48.1765],[93.424,48.1578],[93.4201,48.1442],[93.4154,48.1383],[93.4085,48.1255],[93.3902,48.1061],[93.353,48.0761],[93.3377,48.068],[93.3008,48.0506],[93.286,48.0416],[93.2605,48.0214],[93.2548,48.0159],[93.251,48.0069],[93.2622,48.011],[93.2667,48.0174],[93.2825,48.0131],[93.2831,48.0101],[93.2756,47.9998],[93.2639,47.9924],[93.2664,47.985],[93.2561,47.9792],[93.2656,47.9747],[93.2705,47.9665],[93.2831,47.9807],[93.2891,47.9803],[93.2908,47.9849],[93.299,47.9844],[93.3162,47.98],[93.328,47.9709],[93.3195,47.9638],[93.3142,47.9651],[93.2985,47.9601],[93.2859,47.9526],[93.2828,47.9352],[93.2774,47.9315],[93.2702,47.9331],[93.2585,47.9387],[93.2534,47.9337],[93.2631,47.9283],[93.2608,47.9233],[93.2748,47.9207],[93.2879,47.916],[93.2797,47.9139],[93.2785,47.9031],[93.2799,47.8956],[93.284,47.89],[93.2806,47.8794],[93.2724,47.873],[93.2717,47.8688],[93.2779,47.8581],[93.2867,47.8606],[93.2927,47.8594],[93.2933,47.8525],[93.2968,47.8505],[93.2997,47.838],[93.3107,47.8311],[93.3234,47.826],[93.3408,47.8141],[93.3478,47.818],[93.3602,47.8171],[93.366,47.8097],[93.376,47.8086],[93.384,47.8017],[93.3914,47.7847],[93.3771,47.7734],[93.4137,47.7719],[93.431,47.7662],[93.4394,47.7617],[93.4553,47.7505],[93.4759,47.738],[93.4858,47.7349],[93.5002,47.727],[93.5143,47.7141],[93.5238,47.7112],[93.5299,47.7055],[93.5444,47.6976],[93.5642,47.6923],[93.5751,47.6854],[93.5867,47.6836],[93.602,47.6777],[93.6104,47.676],[93.6219,47.6645],[93.626,47.6647],[93.7877,47.6953],[93.9936,47.7338],[94.1207,47.7799],[94.1951,47.7934],[94.1979,47.786],[94.2036,47.7792],[94.2086,47.7768],[94.2145,47.7664],[94.2364,47.7531],[94.2471,47.7529],[94.2582,47.7417],[94.2642,47.7388],[94.2815,47.725],[94.2984,47.7168],[94.3069,47.7175],[94.3229,47.716],[94.3493,47.7097],[94.3677,47.708],[94.3771,47.7043],[94.4008,47.7018],[94.4264,47.6971],[94.4498,47.6882],[94.4708,47.6843],[94.4843,47.6793],[94.4956,47.6765],[94.5157,47.6748],[94.5426,47.6759],[94.5618,47.6757],[94.5784,47.672],[94.6018,47.6732],[94.614,47.673],[94.6288,47.6691],[94.6598,47.6687],[94.6774,47.6712],[94.696,47.6692],[94.7462,47.6704],[94.7745,47.6684],[94.781,47.6697],[94.7892,47.6679],[94.7958,47.6605],[94.8062,47.6656],[94.8183,47.666],[94.8288,47.6632],[94.8477,47.6622],[94.8612,47.6662],[94.8704,47.6629],[94.885,47.6604],[94.894,47.6638],[94.9093,47.6619],[94.9126,47.6573],[94.9402,47.6602],[94.9493,47.6576],[94.9614,47.6574],[94.9773,47.6522],[94.9883,47.643],[94.9944,47.6296],[95.0095,47.6202],[95.0201,47.6182],[95.0302,47.6123],[95.0329,47.6059],[95.034,47.5961],[95.033,47.5869],[95.0467,47.5767],[95.0572,47.5708],[95.0617,47.5624],[95.0729,47.5586],[95.0879,47.5492],[95.0932,47.549],[95.0993,47.5531],[95.1157,47.5553],[95.1389,47.5644],[95.1536,47.569],[95.1704,47.5707],[95.1877,47.5777],[95.2084,47.5805],[95.2218,47.5775],[95.234,47.578],[95.2515,47.5832],[95.274,47.5814],[95.2928,47.5838],[95.3097,47.5793],[95.3258,47.5703],[95.3467,47.5685],[95.388,47.5679],[95.4035,47.5635],[95.4083,47.5653],[95.4203,47.5647],[95.4323,47.56],[95.4404,47.5597],[95.7564,47.4387],[95.8885,47.377],[95.894,47.3687],[95.9105,47.362],[95.9192,47.3539],[95.9252,47.3527],[95.9323,47.3548],[95.9418,47.3513],[95.9503,47.3543],[95.9613,47.3548],[95.9776,47.3502],[95.9852,47.3417],[95.9928,47.343],[96.0053,47.3405],[96.0175,47.3321],[96.0319,47.3296],[96.0349,47.3256],[96.0513,47.3254],[96.0682,47.323],[96.172,47.2909],[96.163,47.2596],[96.2307,47.2041],[96.2485,47.2049],[96.2658,47.2027],[96.2723,47.1019],[96.2593,47.0354],[96.237,47.0148],[96.2411,46.9764],[96.2919,46.924],[96.3087,46.892],[96.2897,46.8617],[96.2904,46.8482],[96.2946,46.8503],[96.3131,46.8524],[96.3211,46.8554],[96.3222,46.8623],[96.3313,46.858],[96.3422,46.8444],[96.3484,46.8412],[96.3561,46.8418],[96.3607,46.8457],[96.5527,46.8929],[96.6613,46.9604],[96.7317,46.8971],[96.7914,46.8749],[96.8402,46.7949],[96.8778,46.7401],[96.9451,46.6983],[96.9415,46.6563],[96.987,46.5895],[97.0182,46.5996],[97.0927,46.5882],[97.2095,46.5655],[97.2757,46.5865],[97.2824,46.5967],[97.2869,46.5971],[97.2939,46.6039],[97.3097,46.6107],[97.3096,46.6169],[97.3196,46.6225],[97.3183,46.6279],[97.3322,46.6391],[97.3445,46.6456],[97.3512,46.6472],[97.3527,46.6556],[97.3565,46.6595],[97.3643,46.6738],[97.3707,46.6786],[97.3734,46.6944],[97.3789,46.6982],[97.3803,46.7061],[97.3835,46.7089],[97.3856,46.7196],[97.4026,46.7184],[97.4105,46.7204],[97.4119,46.7268],[97.4311,46.7174],[97.4658,46.637],[97.5301,46.5913],[97.6323,46.6024],[97.6696,46.6757],[97.7403,46.7649],[97.7456,46.8083],[97.7453,46.83],[97.7638,46.8588],[97.7735,46.8821],[97.7676,46.9156],[97.7684,46.9331],[97.7893,47.0005],[97.7869,47.0221],[97.7884,47.0377],[97.8139,47.0457],[97.825,47.0472],[97.8356,47.0519],[97.8394,47.0622],[97.8701,47.0972],[97.854,47.1617],[97.874,47.2053],[97.8851,47.2145],[97.892,47.2229],[97.9685,47.2176],[98.0729,47.2266],[98.0864,47.234],[98.1502,47.2535],[98.1848,47.2767],[98.1866,47.2758],[98.1884,47.2757],[98.19,47.2764],[98.1914,47.2774],[98.1945,47.2781],[98.199,47.2786],[98.211,47.2873],[98.2178,47.2888],[98.2203,47.2904],[98.2266,47.292],[98.2304,47.2922],[98.2319,47.2918],[98.2337,47.2931],[98.236,47.2945],[98.2424,47.2993],[98.2433,47.3007],[98.2471,47.303],[98.2562,47.3281],[98.2533,47.3334],[98.2568,47.3381],[98.2694,47.3425],[98.2737,47.3468],[98.3079,47.3856],[98.2469,47.4459],[98.3053,47.4953],[98.3726,47.5435],[98.383,47.611],[98.4096,47.6247],[98.4094,47.6429],[98.3443,47.6569],[98.269,47.6487],[98.241,47.6517],[98.2452,47.676],[98.212,47.6931],[98.2025,47.6985],[98.2007,47.709],[98.1904,47.7112],[98.1803,47.7179],[98.1774,47.7224],[98.1882,47.7333],[98.1745,47.7463],[98.1797,47.7504],[98.1735,47.7567],[98.1916,47.761],[98.1903,47.7735],[98.1774,47.7834],[98.1804,47.7862],[98.199,47.7873],[98.2003,47.7942],[98.1925,47.8043],[98.1907,47.8124],[98.1947,47.8186],[98.1963,47.8314],[98.2006,47.8426],[98.2053,47.8455],[98.2018,47.8528],[98.2163,47.8565],[98.2201,47.8641],[98.2174,47.8722],[98.2205,47.8781],[98.2122,47.8867],[98.2047,47.8884],[98.1971,47.8928],[98.188,47.9045],[98.1901,47.9113],[98.1881,47.9151],[98.1939,47.9293],[98.1934,47.9342],[98.1752,47.951],[98.1811,47.9634],[98.1889,47.9761],[98.2064,47.984],[98.2155,47.9894],[98.2241,48.0081],[98.2386,48.0725],[98.2674,48.0945],[98.4092,48.1147],[98.4961,48.0815],[98.5525,48.1077],[98.5816,48.1313],[98.6183,48.1563],[98.6815,48.167],[98.7059,48.2321],[98.8042,48.225],[98.9077,48.2611],[98.9412,48.2771],[98.9568,48.2903],[98.9899,48.3054],[99.0171,48.3046],[99.0809,48.3113],[99.0905,48.3384],[99.1142,48.3967],[99.0966,48.4311],[99.1029,48.4403],[99.1022,48.4487],[99.0908,48.4634],[99.0924,48.4772],[99.0801,48.4759],[99.0695,48.4785],[99.0659,48.4897],[99.0608,48.4986],[99.0631,48.5038],[99.0738,48.5127],[99.0725,48.5726],[99.0799,48.6259],[99.0792,48.6336],[99.0819,48.6428],[99.0806,48.6513],[99.0835,48.6727],[99.0905,48.6854],[99.13,48.712],[99.1352,48.7187],[99.1357,48.737],[99.1453,48.7416],[99.1583,48.7547],[99.1639,48.7573],[99.1752,48.7923],[99.1856,48.8035],[99.1926,48.8053],[99.2073,48.8429],[99.1946,48.8698],[99.1209,48.9283],[99.1194,48.9779],[99.1155,49.0064],[99.1116,49.0537],[99.0898,49.0771],[99.1024,49.0858],[99.1036,49.0929],[99.1003,49.0996],[99.0995,49.1121],[99.1033,49.1202],[99.1069,49.1335],[99.113,49.1402],[99.106,49.146],[99.105,49.1532],[99.1013,49.1577],[99.0783,49.1531],[99.0593,49.1522],[99.0383,49.1477],[99.0435,49.1398],[99.0363,49.1325],[99.0173,49.1273],[99.0045,49.1284],[98.9853,49.1244],[98.9827,49.1256],[98.9675,49.1243],[98.9612,49.1254],[98.9552,49.1213],[98.9479,49.1198],[98.9397,49.1131],[98.9287,49.1065],[98.916,49.107],[98.9002,49.1168],[98.8682,49.1251],[98.7582,49.1104],[98.7107,49.0238],[98.6425,49.0043],[98.5691,48.9741],[98.4516,49.0074],[98.4405,49.04],[98.3991,49.0502],[98.3395,49.0447],[98.2614,49.0359],[98.2232,49.0571],[98.1592,49.0384],[98.0904,49.0066],[98.0219,49.0169],[97.9378,49.0072],[97.9121,49.0135],[97.8697,49.0337],[97.8227,49.0529],[97.792,49.0803],[97.7647,49.0964],[97.6591,49.1456],[97.6318,49.1626],[97.5046,49.1921],[97.4469,49.2167],[97.4067,49.2027],[97.3733,49.193],[97.307,49.2097],[97.2232,49.2016],[97.1416,49.203],[97.1289,49.2068],[97.1175,49.2133],[97.0995,49.2311],[97.0928,49.2345],[97.0919,49.2382],[97.0828,49.2455],[96.9762,49.3076],[96.8558,49.3852],[96.8561,49.386],[96.8353,49.4703],[96.9287,49.5709],[96.9602,49.5805],[96.9745,49.5975],[97.0004,49.624],[97.0065,49.628],[97.0441,49.6617],[97.0642,49.6847],[97.1267,49.7326],[97.0776,49.7682],[97.119,49.7911],[97.1198,49.7921]]]}},{"type":"Feature","properties":{"id":82,"name":"Говь-Алтай"},"geometry":{"type":"Polygon","coordinates":[[[97.6323,46.6024],[97.5301,46.5913],[97.4658,46.637],[97.4311,46.7174],[97.4119,46.7268],[97.4105,46.7204],[97.4026,46.7184],[97.3856,46.7196],[97.3835,46.7089],[97.3803,46.7061],[97.3789,46.6982],[97.3734,46.6944],[97.3707,46.6786],[97.3643,46.6738],[97.3565,46.6595],[97.3527,46.6556],[97.3512,46.6472],[97.3445,46.6456],[97.3322,46.6391],[97.3183,46.6279],[97.3196,46.6225],[97.3096,46.6169],[97.3097,46.6107],[97.2939,46.6039],[97.2869,46.5971],[97.2824,46.5967],[97.2757,46.5865],[97.2095,46.5655],[97.0927,46.5882],[97.0182,46.5996],[96.987,46.5895],[96.9415,46.6563],[96.9451,46.6983],[96.8778,46.7401],[96.8402,46.7949],[96.7914,46.8749],[96.7317,46.8971],[96.6613,46.9604],[96.5527,46.8929],[96.3607,46.8457],[96.3561,46.8418],[96.3484,46.8412],[96.3422,46.8444],[96.3313,46.858],[96.3222,46.8623],[96.3211,46.8554],[96.3131,46.8524],[96.2946,46.8503],[96.2904,46.8482],[96.2897,46.8617],[96.3087,46.892],[96.2919,46.924],[96.2411,46.9764],[96.237,47.0148],[96.2593,47.0354],[96.2723,47.1019],[96.2658,47.2027],[96.2485,47.2049],[96.2307,47.2041],[96.163,47.2596],[96.172,47.2909],[96.0682,47.323],[96.0513,47.3254],[96.0349,47.3256],[96.0319,47.3296],[96.0175,47.3321],[96.0053,47.3405],[95.9928,47.343],[95.9852,47.3417],[95.9776,47.3502],[95.9613,47.3548],[95.9503,47.3543],[95.9418,47.3513],[95.9323,47.3548],[95.9252,47.3527],[95.9192,47.3539],[95.9105,47.362],[95.894,47.3687],[95.8885,47.377],[95.7564,47.4387],[95.4404,47.5597],[95.4323,47.56],[95.4203,47.5647],[95.4083,47.5653],[95.4035,47.5635],[95.388,47.5679],[95.3467,47.5685],[95.3258,47.5703],[95.3097,47.5793],[95.2928,47.5838],[95.274,47.5814],[95.2515,47.5832],[95.234,47.578],[95.2218,47.5775],[95.2084,47.5805],[95.1877,47.5777],[95.1704,47.5707],[95.1536,47.569],[95.1389,47.5644],[95.1157,47.5553],[95.0993,47.5531],[95.0932,47.549],[95.0879,47.5492],[95.0729,47.5586],[95.0617,47.5624],[95.0572,47.5708],[95.0467,47.5767],[95.033,47.5869],[95.034,47.5961],[95.0329,47.6059],[95.0302,47.6123],[95.0201,47.6182],[95.0095,47.6202],[94.9944,47.6296],[94.9883,47.643],[94.9773,47.6522],[94.9614,47.6574],[94.9493,47.6576],[94.9402,47.6602],[94.9126,47.6573],[94.9093,47.6619],[94.894,47.6638],[94.885,47.6604],[94.8704,47.6629],[94.8612,47.6662],[94.8477,47.6622],[94.8288,47.6632],[94.8183,47.666],[94.8062,47.6656],[94.7958,47.6605],[94.7892,47.6679],[94.781,47.6697],[94.7745,47.6684],[94.7462,47.6704],[94.696,47.6692],[94.6774,47.6712],[94.6598,47.6687],[94.6288,47.6691],[94.614,47.673],[94.6018,47.6732],[94.5784,47.672],[94.5618,47.6757],[94.5426,47.6759],[94.5157,47.6748],[94.4956,47.6765],[94.4843,47.6793],[94.4708,47.6843],[94.4498,47.6882],[94.4264,47.6971],[94.4008,47.7018],[94.3771,47.7043],[94.3677,47.708],[94.3493,47.7097],[94.3229,47.716],[94.3069,47.7175],[94.2984,47.7168],[94.2815,47.725],[94.2642,47.7388],[94.2582,47.7417],[94.2471,47.7529],[94.2364,47.7531],[94.2145,47.7664],[94.2086,47.7768],[94.2036,47.7792],[94.1979,47.786],[94.1951,47.7934],[94.1207,47.7799],[93.9936,47.7338],[93.7877,47.6953],[93.626,47.6647],[93.6174,47.6487],[93.6004,47.6265],[93.5855,47.6134],[93.5637,47.5978],[93.5444,47.5878],[93.5234,47.579],[93.5153,47.5669],[93.557,47.5323],[93.5728,47.5208],[93.6494,47.4918],[93.7179,47.4445],[93.7912,47.3489],[93.9913,47.306],[94.0246,47.2734],[94.0576,47.2471],[94.0423,47.2135],[94.1555,46.994],[94.2737,46.857],[94.3069,46.7788],[94.0882,46.7209],[93.9362,46.7072],[93.8382,46.6222],[93.8179,46.6137],[93.7952,46.6069],[93.7862,46.6031],[93.7752,46.6033],[93.7574,46.6005],[93.7347,46.6005],[93.7248,46.6031],[93.6996,46.6162],[93.6895,46.6234],[93.5824,46.6205],[93.5438,46.6354],[93.5009,46.5984],[93.5282,46.5719],[93.5664,46.5231],[93.6073,46.4956],[93.5918,46.4644],[93.6473,46.394],[93.6245,46.3481],[93.6063,46.3201],[93.5551,46.2519],[93.5406,46.2048],[93.5309,46.1988],[93.5331,46.1954],[93.5288,46.1894],[93.5227,46.1895],[93.5103,46.1828],[93.4806,46.1365],[93.4617,46.117],[93.4744,46.0976],[93.4403,46.0586],[93.4276,46.0417],[93.4014,46.0277],[93.4025,46.006],[93.4445,45.9854],[93.4423,45.9775],[93.4472,45.971],[93.4426,45.9542],[93.4354,45.9473],[93.4246,45.9423],[93.4168,45.934],[93.4057,45.9291],[93.4044,45.9239],[93.3955,45.9191],[93.3834,45.9093],[93.3801,45.9028],[93.3754,45.8846],[93.372,45.8814],[93.3633,45.8655],[93.3603,45.8552],[93.3622,45.8428],[93.2392,45.8058],[93.1843,45.7672],[93.1128,45.7421],[93.1198,45.6937],[93.1255,45.6731],[93.1128,45.6603],[93.0991,45.6297],[93.113,45.6032],[93.1378,45.565],[93.1464,45.3258],[93.1664,45.1288],[93.1926,45.0734],[93.1968,45.0553],[93.2055,45.0023],[93.233,44.9951],[93.2776,44.9852],[93.2869,44.9827],[93.3025,44.9841],[93.3135,44.98],[93.3193,44.9864],[93.323,44.9947],[93.3531,44.986],[93.3671,44.9883],[93.3782,44.9853],[93.3777,44.9815],[93.398,44.9773],[93.4009,44.972],[93.4104,44.9693],[93.413,44.9654],[93.429,44.9562],[93.4346,44.956],[93.4399,44.9595],[93.4501,44.9584],[93.4589,44.9597],[93.4628,44.9576],[93.4785,44.9658],[93.489,44.9604],[93.5019,44.9566],[93.5043,44.9682],[93.515,44.9644],[93.5154,44.9613],[93.5242,44.9569],[93.5389,44.9547],[93.5432,44.9488],[93.5541,44.9484],[93.575,44.9409],[93.583,44.9401],[93.5913,44.9337],[93.6359,44.9208],[93.6529,44.9169],[93.6774,44.9083],[93.6796,44.9012],[93.6941,44.895],[93.7099,44.8968],[93.7141,44.8897],[93.712,44.8754],[93.7287,44.8615],[93.731,44.8624],[93.8999,44.7966],[93.9828,44.7641],[94.0621,44.7324],[94.15,44.6836],[94.1839,44.6768],[94.2114,44.6677],[94.2197,44.6554],[94.2214,44.6475],[94.2263,44.6445],[94.2762,44.6049],[94.2894,44.5979],[94.3038,44.5934],[94.3263,44.5823],[94.3326,44.5719],[94.3398,44.5636],[94.3438,44.5492],[94.3474,44.5414],[94.3431,44.5228],[94.348,44.5167],[94.3608,44.5148],[94.3786,44.5207],[94.3905,44.5225],[94.4141,44.5168],[94.4336,44.516],[94.4435,44.5126],[94.4622,44.5104],[94.4904,44.4986],[94.5043,44.4863],[94.5317,44.4712],[94.5559,44.4591],[94.5604,44.4588],[94.6029,44.4468],[94.6617,44.3998],[94.6717,44.3938],[94.7128,44.345],[94.7238,44.3391],[94.7659,44.34],[94.7842,44.3369],[94.7954,44.3279],[94.8238,44.3179],[94.8686,44.3095],[94.8824,44.3091],[94.8986,44.2994],[94.9099,44.3008],[94.9374,44.2922],[94.9439,44.2892],[94.9495,44.282],[94.9704,44.2677],[94.9778,44.2594],[94.9869,44.2584],[94.9986,44.2509],[95.0526,44.2584],[95.1235,44.2669],[95.1884,44.27],[95.2515,44.2781],[95.3126,44.2843],[95.3673,44.2886],[95.4038,44.2951],[95.4098,44.2939],[95.426,44.28],[95.4226,44.2648],[95.4057,44.2411],[95.3731,44.2263],[95.3525,44.1666],[95.3492,44.1183],[95.3476,44.0893],[95.3396,44.0715],[95.3381,44.0611],[95.3232,44.0259],[95.3726,44.0244],[95.4231,44.0083],[95.446,44.0048],[95.4664,44.0056],[95.5228,44.0051],[95.5731,43.9259],[95.623,43.8519],[95.6475,43.7764],[95.7116,43.6531],[95.7359,43.5944],[95.8146,43.4777],[95.8576,43.4137],[95.8664,43.3541],[95.8717,43.3124],[95.8771,43.2772],[95.9092,43.2356],[96.039,43.1402],[96.1073,43.0898],[96.1626,43.0483],[96.2824,42.9596],[96.3631,42.8987],[96.3875,42.7246],[96.5329,42.737],[96.7486,42.755],[96.9777,42.7543],[97.1715,42.7946],[97.2694,42.7814],[97.4645,42.755],[97.5917,42.7376],[97.7793,42.7117],[97.8647,42.6998],[97.8282,42.8956],[97.8225,43.0121],[97.8212,43.0315],[97.7799,43.3003],[97.7757,43.3072],[97.7755,43.3146],[97.7877,43.3273],[97.8004,43.3338],[97.8273,43.3524],[97.8353,43.3631],[97.8443,43.3701],[97.8456,43.3745],[97.8431,43.3823],[97.8459,43.389],[97.8514,43.3926],[97.8521,43.3969],[97.8628,43.409],[97.8984,43.4759],[97.9062,43.4836],[97.916,43.5024],[97.9225,43.5075],[97.924,43.5144],[97.9195,43.5206],[97.9085,43.5259],[97.901,43.5311],[97.9007,43.5379],[97.905,43.5441],[97.9208,43.5587],[97.9401,43.575],[97.9481,43.585],[97.9579,43.5952],[97.9622,43.6058],[97.9608,43.6118],[97.9639,43.6195],[97.9737,43.6271],[97.9734,43.6349],[97.9642,43.6459],[97.9607,43.6529],[97.9512,43.6608],[97.948,43.6665],[97.9489,43.6955],[97.9504,43.699],[97.9461,43.7053],[97.9426,43.7173],[97.9336,43.7232],[97.9438,43.7481],[97.9408,43.7597],[97.9526,43.7829],[97.9496,43.7879],[97.9487,43.7988],[97.9545,43.8111],[97.959,43.8272],[97.9678,43.844],[97.9706,43.8595],[97.9676,43.8711],[97.968,43.8891],[97.9696,43.9095],[97.9736,43.9205],[97.9777,43.937],[97.9795,43.9489],[97.981,43.9721],[97.9824,43.9807],[97.9889,43.997],[97.9813,44.0058],[97.9802,44.013],[97.9717,44.0187],[97.9695,44.0294],[97.9702,44.0397],[97.9754,44.0501],[97.9827,44.0544],[97.9815,44.0578],[97.9854,44.0672],[97.9911,44.0746],[97.9901,44.0775],[97.9696,44.0876],[97.9511,44.4038],[97.9481,44.4108],[98.0099,44.4282],[98.1055,44.4527],[98.1987,44.5216],[98.2215,44.6361],[98.2637,44.7212],[98.2134,44.8371],[98.2427,44.8536],[98.2377,44.885],[98.2478,44.9456],[98.3272,45.0394],[98.3424,45.12],[98.3494,45.1253],[98.3603,45.1419],[98.4053,45.2028],[98.4851,45.3886],[98.4865,45.4506],[98.4752,45.5578],[98.4564,45.7555],[98.4218,45.8124],[98.3531,45.8781],[98.31,45.8904],[98.2361,45.9605],[98.2188,45.9791],[98.1955,46.001],[98.1804,46.0138],[98.1736,46.0449],[98.1249,46.0868],[98.062,46.1074],[98.0024,46.1308],[97.9494,46.2081],[97.8,46.2654],[97.7952,46.2854],[97.7899,46.3022],[97.7749,46.3231],[97.7293,46.3341],[97.7362,46.3583],[97.7278,46.4104],[97.7072,46.4266],[97.6747,46.4439],[97.6692,46.4723],[97.6666,46.517],[97.6505,46.5369],[97.6506,46.5696],[97.6323,46.6024]]]}},{"type":"Feature","properties":{"id":83,"name":"Баян-Өлгий"},"geometry":{"type":"Polygon","coordinates":[[[90.0748,47.775],[90.0815,47.7679],[90.0806,47.765],[90.1019,47.7531],[90.1085,47.7477],[90.1187,47.7457],[90.1187,47.7414],[90.1285,47.7297],[90.1389,47.7219],[90.1469,47.7243],[90.1578,47.7225],[90.1649,47.7247],[90.1778,47.7256],[90.1815,47.721],[90.1919,47.719],[90.1969,47.7135],[90.2055,47.7124],[90.2163,47.7038],[90.2267,47.7029],[90.2421,47.7079],[90.25,47.6981],[90.2578,47.6934],[90.2824,47.6937],[90.297,47.6926],[90.3034,47.6881],[90.3115,47.6856],[90.3214,47.6854],[90.3271,47.6795],[90.3379,47.6785],[90.3438,47.6737],[90.3489,47.6732],[90.3516,47.6682],[90.3672,47.6574],[90.3716,47.6526],[90.3724,47.6446],[90.3503,47.6436],[90.3425,47.6361],[90.3438,47.6268],[90.3526,47.6217],[90.3597,47.6146],[90.3638,47.6054],[90.375,47.6001],[90.3816,47.5903],[90.3781,47.5854],[90.3825,47.582],[90.3926,47.566],[90.3909,47.5586],[90.3958,47.5554],[90.3985,47.547],[90.3958,47.5424],[90.4001,47.5388],[90.4117,47.5377],[90.428,47.5273],[90.4356,47.5249],[90.447,47.5152],[90.4511,47.5021],[90.4606,47.5003],[90.4702,47.4886],[90.4658,47.4751],[90.472,47.4667],[90.4666,47.46],[90.4676,47.4478],[90.4543,47.4404],[90.4532,47.4311],[90.4583,47.4271],[90.4597,47.4156],[90.4556,47.4136],[90.4619,47.4041],[90.4736,47.3969],[90.483,47.3958],[90.4986,47.4027],[90.5067,47.3957],[90.5142,47.3815],[90.5203,47.3765],[90.5091,47.3631],[90.4984,47.3562],[90.4977,47.3495],[90.5031,47.3466],[90.5057,47.3378],[90.4963,47.3333],[90.4891,47.3249],[90.4769,47.3233],[90.4847,47.3125],[90.4946,47.3121],[90.4949,47.3059],[90.5025,47.3051],[90.5117,47.2988],[90.5107,47.2932],[90.5233,47.283],[90.5219,47.2737],[90.5302,47.2688],[90.5292,47.257],[90.5376,47.2518],[90.5368,47.2396],[90.5474,47.2352],[90.5572,47.2256],[90.5596,47.2113],[90.559,47.2049],[90.5706,47.2012],[90.5816,47.1958],[90.5867,47.1849],[90.5911,47.1807],[90.5943,47.1671],[90.607,47.161],[90.6185,47.1587],[90.6213,47.1548],[90.6205,47.1479],[90.6292,47.1431],[90.627,47.1386],[90.63,47.1341],[90.6509,47.1327],[90.6499,47.1096],[90.66,47.105],[90.66,47.0989],[90.6645,47.0935],[90.6719,47.0913],[90.6872,47.0821],[90.6933,47.0705],[90.7027,47.0625],[90.7076,47.0526],[90.718,47.0486],[90.7195,47.0422],[90.7282,47.0346],[90.7273,47.0298],[90.7321,47.0255],[90.7412,47.0267],[90.7508,47.019],[90.7636,47.0048],[90.7593,47.0013],[90.7601,46.9947],[90.7664,46.992],[90.7805,46.9917],[90.7969,46.9957],[90.801,46.9952],[90.8211,46.9988],[90.8285,46.9898],[90.8425,46.9867],[90.8523,46.9888],[90.8537,46.98],[90.8635,46.976],[90.8769,46.9682],[90.8916,46.963],[90.8931,46.9596],[90.9017,46.9571],[90.9022,46.952],[90.9088,46.9423],[90.9207,46.9389],[90.9154,46.9299],[90.9131,46.9185],[90.9225,46.9021],[90.9369,46.8885],[90.9422,46.8898],[90.9495,46.8848],[90.9552,46.8784],[90.9522,46.8712],[90.9544,46.8635],[90.953,46.8518],[90.944,46.8392],[90.9372,46.8335],[90.9384,46.8234],[90.9448,46.8171],[90.9545,46.8147],[90.9564,46.8095],[90.9639,46.8067],[90.9652,46.7996],[90.9699,46.7962],[90.9846,46.7967],[90.987,46.7817],[90.9913,46.7758],[90.9889,46.771],[90.9987,46.7669],[91.0075,46.7674],[91.0157,46.7636],[91.0204,46.7496],[91.0313,46.7439],[91.0394,46.7301],[91.0467,46.7222],[91.0912,46.708],[91.1136,46.6904],[91.1464,46.6704],[91.1779,46.6637],[91.2013,46.6541],[91.2709,46.6563],[91.2687,46.6502],[91.2701,46.6441],[91.2776,46.6379],[91.2822,46.6306],[91.2962,46.6169],[91.3036,46.6112],[91.32,46.6045],[91.3149,46.596],[91.312,46.5662],[91.3892,46.5537],[91.3972,46.5518],[91.4026,46.5547],[91.4264,46.5561],[91.4414,46.5614],[91.4526,46.5633],[91.464,46.5682],[91.4705,46.5685],[91.4913,46.5895],[91.504,46.6523],[91.5165,46.6433],[91.5538,46.6134],[91.5596,46.6066],[91.5891,46.5931],[91.6269,46.6171],[91.6932,46.6299],[91.7633,46.6271],[91.7981,46.6241],[91.8626,46.6126],[91.9056,46.6153],[91.9217,46.6888],[91.8678,46.7153],[91.847,46.7352],[91.7924,46.7509],[91.8009,46.7658],[91.7901,46.7833],[91.7464,46.7911],[91.6784,46.8178],[91.6455,46.8589],[91.5958,46.8777],[91.5086,46.8889],[91.4725,46.8904],[91.4509,46.9157],[91.4089,46.9417],[91.4128,46.964],[91.403,47.0119],[91.429,47.024],[91.42,47.0491],[91.4611,47.0903],[91.4713,47.1216],[91.4695,47.152],[91.4794,47.1826],[91.4433,47.2031],[91.4253,47.2348],[91.4158,47.244],[91.4042,47.2419],[91.3501,47.2761],[91.2986,47.3092],[91.2985,47.335],[91.2635,47.3684],[91.208,47.3999],[91.2553,47.4549],[91.2527,47.491],[91.2537,47.5138],[91.2446,47.5621],[91.2336,47.5765],[91.2353,47.5962],[91.1682,47.6085],[91.1755,47.6184],[91.1778,47.6242],[91.1824,47.6271],[91.1785,47.639],[91.1832,47.6452],[91.1778,47.6517],[91.1821,47.6609],[91.1842,47.6702],[91.1907,47.6724],[91.1932,47.6795],[91.1897,47.6851],[91.1929,47.6902],[91.1851,47.6944],[91.1796,47.7042],[91.1607,47.7173],[91.1089,47.7123],[91.0644,47.7355],[91.0673,47.7993],[91.041,47.8234],[91.0645,47.8573],[91.0535,47.8711],[91.0202,47.8822],[90.9916,47.9467],[90.9574,47.9712],[90.9464,48.0013],[90.9461,48.0349],[90.8841,48.0509],[90.8669,48.0718],[90.8321,48.0747],[90.8126,48.1061],[90.8059,48.1546],[90.8192,48.1737],[90.8051,48.2073],[90.8047,48.2473],[90.7835,48.3071],[90.7879,48.3347],[90.8139,48.3811],[90.8255,48.3856],[90.8311,48.391],[90.8408,48.3943],[90.8543,48.4032],[90.8381,48.4491],[90.7702,48.4801],[90.7773,48.5104],[90.7765,48.5269],[90.765,48.5661],[90.7362,48.563],[90.6504,48.604],[90.664,48.6287],[90.6823,48.635],[90.6945,48.6359],[90.7842,48.6395],[90.902,48.6184],[90.9529,48.6245],[90.9773,48.632],[91.015,48.6552],[91.0846,48.6732],[91.1623,48.7069],[91.1954,48.7074],[91.2683,48.6882],[91.3506,48.6831],[91.3423,48.6892],[91.3407,48.6957],[91.343,48.7055],[91.3424,48.7126],[91.3392,48.7157],[91.3379,48.7266],[91.3455,48.7354],[91.3441,48.746],[91.341,48.7486],[91.3435,48.7597],[91.3288,48.7688],[91.3231,48.7742],[91.3275,48.7788],[91.3311,48.7979],[91.3287,48.8014],[91.3189,48.8024],[91.3175,48.8124],[91.31,48.822],[91.3131,48.8318],[91.3056,48.837],[91.3046,48.8427],[91.2954,48.8504],[91.2807,48.8572],[91.2791,48.8637],[91.2714,48.866],[91.2686,48.8744],[91.2641,48.8803],[91.2624,48.8884],[91.2674,48.8924],[91.264,48.8998],[91.2579,48.9029],[91.2574,48.9074],[91.2467,48.9115],[91.2415,48.9173],[91.2418,48.9228],[91.2319,48.9252],[91.2381,48.9302],[91.23,48.9353],[91.2195,48.9358],[91.2116,48.9381],[91.2104,48.9453],[91.2053,48.9509],[91.1969,48.9563],[91.199,48.9619],[91.1722,48.967],[91.1434,48.9688],[91.1356,48.9719],[91.1278,48.9689],[91.1182,48.9685],[91.1071,48.9707],[91.1063,48.9824],[91.1021,48.9862],[91.0916,48.9904],[91.0776,48.9932],[91.0637,49.0006],[91.0672,49.0044],[91.0636,49.009],[91.0658,49.025],[91.0584,49.0324],[91.0486,49.0294],[91.0388,49.0417],[91.0303,49.0554],[91.0339,49.0647],[91.0394,49.0687],[91.0299,49.0707],[91.0232,49.078],[91.0077,49.0868],[91.0131,49.0944],[91.0096,49.0956],[91.0028,49.1053],[91.0039,49.1115],[90.9968,49.1144],[90.9926,49.1222],[90.9916,49.1296],[90.9792,49.1321],[90.978,49.1371],[90.969,49.1446],[90.9504,49.1554],[90.9535,49.166],[90.9491,49.1658],[90.9464,49.1752],[90.9305,49.1813],[90.9321,49.1909],[90.9276,49.1957],[90.9278,49.2017],[90.9214,49.2082],[90.9136,49.2111],[90.9167,49.2175],[90.9127,49.223],[90.9143,49.2315],[90.9004,49.2407],[90.9044,49.2469],[90.9014,49.2508],[90.9037,49.2551],[90.8989,49.2627],[90.8811,49.2634],[90.853,49.2706],[90.8314,49.2801],[90.8205,49.2831],[90.8156,49.2896],[90.8052,49.2918],[90.7986,49.291],[90.7821,49.2939],[90.7759,49.2933],[90.7661,49.2964],[90.7604,49.3005],[90.7503,49.3015],[90.7324,49.3067],[90.7163,49.3136],[90.7136,49.3173],[90.6925,49.3213],[90.6835,49.3287],[90.6761,49.3318],[90.6686,49.3434],[90.664,49.3539],[90.6518,49.3599],[90.6474,49.3657],[90.6519,49.3918],[90.6579,49.3995],[90.6467,49.4031],[90.65,49.4084],[90.6638,49.4132],[90.6673,49.4262],[90.5009,49.533],[90.4676,49.5198],[90.4437,49.5325],[90.441,49.5368],[90.4232,49.5479],[90.4195,49.5545],[90.4128,49.5538],[90.3983,49.5654],[90.387,49.5882],[90.3815,49.5912],[90.372,49.6038],[90.3628,49.6108],[90.3524,49.6207],[90.3293,49.6287],[90.3186,49.6296],[90.3071,49.6341],[90.3017,49.6384],[90.2962,49.6381],[90.2871,49.6464],[90.2821,49.6546],[90.2681,49.6496],[90.2634,49.6497],[90.2591,49.6609],[90.2508,49.6657],[90.252,49.669],[90.243,49.6787],[90.2377,49.6938],[90.2327,49.6977],[90.2277,49.709],[90.2164,49.7175],[90.2024,49.7353],[90.1865,49.7454],[90.1815,49.7526],[90.1766,49.7546],[90.1761,49.7608],[90.171,49.7723],[90.1693,49.7806],[90.1711,49.7915],[90.17,49.7998],[90.1665,49.8056],[90.1663,49.8132],[90.1628,49.8166],[90.1687,49.8232],[90.1652,49.8329],[90.1593,49.8379],[90.1567,49.8532],[90.1495,49.8581],[90.152,49.8646],[90.1475,49.8699],[90.1404,49.8723],[90.1357,49.8785],[90.1322,49.896],[90.1337,49.9009],[90.1292,49.9038],[90.1295,49.9154],[90.1239,49.9203],[90.1185,49.9208],[90.1155,49.9262],[90.1154,49.9338],[90.1076,49.9348],[90.1078,49.9401],[90.1,49.9465],[90.1012,49.9489],[90.097,49.9608],[90.0903,49.9666],[90.0918,49.9709],[90.0832,49.9768],[90.0766,49.9767],[90.0684,49.9801],[90.0494,49.9815],[90.0427,49.984],[90.0389,49.9918],[90.0311,49.9977],[90.0213,49.9998],[90.0182,49.993],[90.0025,49.9876],[89.9979,49.9841],[89.985,49.9795],[89.9756,49.9717],[89.9655,49.9733],[89.9403,49.9698],[89.9272,49.9632],[89.913,49.9627],[89.8993,49.9562],[89.8796,49.9533],[89.8624,49.9597],[89.8569,49.9593],[89.8205,49.9513],[89.7993,49.9535],[89.7812,49.951],[89.7751,49.9514],[89.7641,49.9479],[89.7538,49.9486],[89.7324,49.9472],[89.721,49.9433],[89.7038,49.9427],[89.6844,49.9393],[89.6312,49.9203],[89.596,49.9129],[89.6099,49.9053],[89.618,49.9074],[89.6291,49.9051],[89.6319,49.898],[89.633,49.8857],[89.6239,49.8837],[89.6174,49.879],[89.6129,49.8695],[89.6126,49.8628],[89.6208,49.8595],[89.6263,49.8542],[89.63,49.845],[89.6438,49.8433],[89.6396,49.8374],[89.6436,49.8313],[89.6517,49.8283],[89.6453,49.8201],[89.6364,49.8181],[89.6265,49.8188],[89.6296,49.8084],[89.6212,49.8043],[89.639,49.8005],[89.6505,49.7926],[89.6638,49.7885],[89.6642,49.7858],[89.6752,49.7829],[89.6958,49.7861],[89.6998,49.791],[89.7086,49.7913],[89.7138,49.7881],[89.7129,49.7771],[89.7189,49.7721],[89.7136,49.7679],[89.7124,49.7592],[89.7214,49.7501],[89.7132,49.7418],[89.7227,49.7277],[89.7169,49.7238],[89.7096,49.7252],[89.6974,49.7215],[89.68,49.7133],[89.6759,49.7032],[89.6627,49.7012],[89.6514,49.6974],[89.6285,49.6921],[89.5953,49.6816],[89.5735,49.6793],[89.5531,49.684],[89.5384,49.68],[89.5172,49.6773],[89.5053,49.6681],[89.4956,49.6636],[89.4672,49.6596],[89.4583,49.6646],[89.4519,49.6585],[89.4442,49.6454],[89.4311,49.6351],[89.4365,49.6306],[89.4344,49.625],[89.4182,49.6154],[89.4071,49.6204],[89.3988,49.6173],[89.3912,49.6113],[89.3818,49.6091],[89.3854,49.6018],[89.3834,49.5958],[89.3708,49.5928],[89.3625,49.5869],[89.3606,49.5831],[89.3501,49.5845],[89.3456,49.5822],[89.3341,49.5836],[89.3433,49.5932],[89.3302,49.5975],[89.3163,49.6042],[89.3088,49.6032],[89.2986,49.6135],[89.2851,49.6182],[89.2764,49.63],[89.2651,49.6354],[89.2566,49.6372],[89.2496,49.645],[89.2343,49.6448],[89.2253,49.6426],[89.212,49.6361],[89.1971,49.6344],[89.1883,49.6315],[89.1822,49.6199],[89.1875,49.6129],[89.1987,49.6054],[89.1994,49.6015],[89.1949,49.5933],[89.1893,49.5885],[89.1996,49.5826],[89.2047,49.572],[89.2142,49.5699],[89.2261,49.5622],[89.2321,49.5514],[89.2276,49.5435],[89.2119,49.5387],[89.2019,49.5298],[89.2016,49.5222],[89.1897,49.5174],[89.1813,49.5162],[89.1738,49.5178],[89.1575,49.517],[89.1529,49.515],[89.1495,49.5061],[89.1419,49.5002],[89.1289,49.4979],[89.1123,49.4974],[89.1087,49.4916],[89.0954,49.4894],[89.0778,49.4838],[89.0453,49.4836],[89.0361,49.488],[89.0181,49.4798],[89.0098,49.4665],[88.9997,49.4701],[88.9775,49.4613],[88.9677,49.4627],[88.9554,49.4824],[88.9564,49.4866],[88.9659,49.4929],[88.9595,49.5015],[88.9458,49.5056],[88.9421,49.5093],[88.9336,49.5108],[88.9282,49.5188],[88.9287,49.5254],[88.9343,49.5272],[88.9339,49.5349],[88.9295,49.5418],[88.9236,49.5452],[88.9154,49.5439],[88.907,49.5457],[88.9052,49.5541],[88.8989,49.5576],[88.8868,49.5578],[88.8681,49.547],[88.8765,49.5415],[88.8752,49.5299],[88.8798,49.5203],[88.8791,49.5145],[88.8748,49.5069],[88.8756,49.5031],[88.8677,49.4975],[88.8529,49.496],[88.851,49.4896],[88.8718,49.4856],[88.8711,49.4822],[88.8794,49.4763],[88.8853,49.4752],[88.8704,49.467],[88.8589,49.4659],[88.8659,49.4551],[88.8578,49.4538],[88.8461,49.4428],[88.8395,49.442],[88.827,49.4442],[88.8213,49.4516],[88.812,49.4589],[88.7878,49.4586],[88.778,49.4549],[88.7514,49.4611],[88.7404,49.45],[88.7241,49.4551],[88.7148,49.4527],[88.7045,49.4596],[88.683,49.462],[88.6734,49.4649],[88.6699,49.4723],[88.6615,49.4796],[88.6534,49.4823],[88.6411,49.4904],[88.6303,49.4932],[88.6254,49.4979],[88.6078,49.494],[88.6025,49.5012],[88.595,49.503],[88.5794,49.4975],[88.5675,49.4949],[88.5634,49.4907],[88.5554,49.4875],[88.5518,49.4827],[88.524,49.4871],[88.5136,49.485],[88.502,49.4769],[88.4997,49.4729],[88.4648,49.4698],[88.4474,49.4714],[88.4349,49.4704],[88.4315,49.477],[88.4238,49.4812],[88.423,49.4854],[88.4145,49.4875],[88.4049,49.495],[88.3899,49.4863],[88.3811,49.4861],[88.3786,49.4832],[88.3618,49.4831],[88.3593,49.4897],[88.3479,49.4909],[88.3389,49.4948],[88.3272,49.4878],[88.3215,49.4821],[88.3185,49.4752],[88.3093,49.4744],[88.2997,49.4713],[88.2859,49.4762],[88.268,49.4793],[88.2636,49.4823],[88.2507,49.4788],[88.2446,49.4798],[88.2402,49.4755],[88.2218,49.4795],[88.2116,49.4712],[88.1985,49.4653],[88.1884,49.456],[88.1732,49.4535],[88.1657,49.4452],[88.1665,49.4397],[88.1752,49.4387],[88.1787,49.4347],[88.1789,49.4247],[88.1849,49.4191],[88.1815,49.4143],[88.1715,49.4139],[88.1651,49.4085],[88.1536,49.4074],[88.1437,49.4016],[88.1187,49.3909],[88.1167,49.3828],[88.1246,49.3728],[88.1519,49.3642],[88.1606,49.3628],[88.1597,49.3564],[88.166,49.3517],[88.1658,49.3405],[88.157,49.3387],[88.1565,49.3354],[88.1653,49.3321],[88.1698,49.3272],[88.1659,49.3179],[88.1589,49.3171],[88.1665,49.3076],[88.1627,49.2992],[88.1704,49.2961],[88.1687,49.2922],[88.1538,49.2864],[88.1493,49.2815],[88.126,49.2787],[88.1237,49.2728],[88.1167,49.2673],[88.107,49.2562],[88.0855,49.2555],[88.0813,49.2591],[88.0632,49.2602],[88.0523,49.2563],[88.058,49.2429],[88.0532,49.2392],[88.0273,49.2316],[88.0178,49.2263],[88.0199,49.2209],[88.0141,49.219],[88.0066,49.21],[88.0005,49.2088],[88.0031,49.2002],[87.9885,49.1832],[87.9769,49.1866],[87.9658,49.1844],[87.957,49.1857],[87.9482,49.181],[87.9342,49.1807],[87.9294,49.1757],[87.9208,49.1732],[87.9043,49.1773],[87.8933,49.1763],[87.8839,49.1722],[87.875,49.1714],[87.8613,49.1781],[87.8343,49.1768],[87.8233,49.1779],[87.8144,49.1702],[87.8201,49.1659],[87.8154,49.1554],[87.8123,49.1533],[87.8184,49.1464],[87.8301,49.1484],[87.8333,49.1447],[87.8324,49.1385],[87.852,49.1209],[87.8535,49.1183],[87.8653,49.1174],[87.8656,49.1103],[87.8564,49.1053],[87.8559,49.1007],[87.8477,49.0957],[87.839,49.0959],[87.835,49.0883],[87.8366,49.0814],[87.8516,49.0755],[87.8543,49.0702],[87.8486,49.0624],[87.8341,49.0593],[87.8261,49.0493],[87.829,49.0434],[87.836,49.0379],[87.8496,49.0358],[87.8585,49.0369],[87.8634,49.0249],[87.8734,49.0244],[87.8807,49.0154],[87.8752,49.0131],[87.8693,49.0055],[87.8732,48.9987],[87.8732,48.9921],[87.8876,48.9865],[87.8975,48.9865],[87.9009,48.9826],[87.8959,48.9764],[87.8795,48.9748],[87.867,48.9684],[87.8663,48.9591],[87.8713,48.9516],[87.8685,48.9483],[87.8491,48.9463],[87.8379,48.9468],[87.8291,48.9453],[87.8128,48.9493],[87.8072,48.9424],[87.7962,48.9378],[87.7901,48.9314],[87.7792,48.9262],[87.7749,48.928],[87.7572,48.9291],[87.7649,48.9183],[87.7521,48.9144],[87.7539,48.9074],[87.7466,48.9026],[87.7408,48.8947],[87.7345,48.8805],[87.7376,48.8788],[87.7399,48.8695],[87.7506,48.8649],[87.7719,48.8672],[87.7811,48.8698],[87.7868,48.8637],[87.7864,48.8604],[87.7929,48.8528],[87.7904,48.8492],[87.7932,48.844],[87.802,48.8443],[87.8127,48.8422],[87.8121,48.8378],[87.8185,48.8306],[87.8247,48.8278],[87.8209,48.8241],[87.8139,48.8232],[87.8022,48.8251],[87.803,48.8192],[87.8124,48.8167],[87.8175,48.81],[87.8171,48.805],[87.8303,48.7982],[87.8404,48.7977],[87.8559,48.8015],[87.8628,48.7968],[87.8733,48.795],[87.8759,48.7883],[87.8874,48.7839],[87.8893,48.7794],[87.8985,48.7747],[87.9068,48.7726],[87.9114,48.7679],[87.9352,48.7554],[87.9453,48.7642],[87.9602,48.7706],[87.9702,48.7705],[87.9766,48.7658],[88.0004,48.7601],[88.0067,48.7534],[88.0148,48.7499],[88.0256,48.7494],[88.0308,48.7393],[88.0412,48.732],[88.0488,48.7219],[88.0499,48.7163],[88.0544,48.7119],[88.0718,48.7167],[88.0874,48.7148],[88.0905,48.7119],[88.0857,48.7048],[88.0863,48.6998],[88.0746,48.6931],[88.0741,48.6875],[88.069,48.6809],[88.0557,48.677],[88.0491,48.6689],[88.0316,48.6626],[88.0227,48.6576],[88.018,48.6507],[88.0217,48.6403],[88.0281,48.6345],[88.0278,48.63],[88.0134,48.6251],[87.9971,48.6151],[87.991,48.6155],[87.9698,48.6071],[87.968,48.6028],[87.955,48.5936],[87.9654,48.5868],[87.9686,48.5754],[87.9822,48.5679],[87.9912,48.5668],[87.9979,48.5693],[88.0137,48.5621],[88.0132,48.553],[88.0202,48.5481],[88.0319,48.5503],[88.0491,48.5407],[88.0686,48.5471],[88.0788,48.5474],[88.0856,48.5404],[88.0967,48.5442],[88.1068,48.5374],[88.109,48.5268],[88.1153,48.522],[88.1302,48.5269],[88.1426,48.5278],[88.144,48.5209],[88.1519,48.518],[88.155,48.5132],[88.1748,48.4987],[88.1925,48.4944],[88.1957,48.4986],[88.2098,48.5022],[88.2342,48.4968],[88.2409,48.4992],[88.2527,48.4992],[88.2576,48.4914],[88.2671,48.4877],[88.2928,48.4844],[88.2952,48.4812],[88.3076,48.4794],[88.3127,48.4742],[88.3219,48.4743],[88.3299,48.4721],[88.3361,48.4664],[88.3478,48.4648],[88.3559,48.459],[88.3522,48.4516],[88.3464,48.4477],[88.351,48.439],[88.3493,48.4353],[88.3562,48.4311],[88.3672,48.4304],[88.3914,48.413],[88.4015,48.4101],[88.4091,48.4048],[88.4258,48.3999],[88.436,48.3866],[88.4418,48.3861],[88.4612,48.3903],[88.4689,48.3951],[88.4757,48.3962],[88.4771,48.4029],[88.4844,48.4067],[88.4988,48.4027],[88.5062,48.4035],[88.5156,48.4],[88.52,48.3923],[88.5194,48.3878],[88.5107,48.3823],[88.5216,48.3737],[88.5265,48.372],[88.532,48.3655],[88.5397,48.3647],[88.5458,48.3705],[88.5556,48.3664],[88.5679,48.3643],[88.5705,48.3618],[88.5654,48.3523],[88.5744,48.3493],[88.582,48.342],[88.5915,48.343],[88.6023,48.3387],[88.6064,48.3298],[88.602,48.3189],[88.5915,48.3073],[88.583,48.3018],[88.5772,48.2894],[88.5655,48.2758],[88.5707,48.2697],[88.5781,48.2658],[88.5824,48.2604],[88.5886,48.258],[88.59,48.2496],[88.5969,48.2459],[88.5913,48.23],[88.5873,48.2258],[88.5868,48.2164],[88.6002,48.2182],[88.6139,48.2115],[88.6187,48.2119],[88.6294,48.1937],[88.6275,48.1907],[88.6361,48.1824],[88.6374,48.1785],[88.6468,48.1759],[88.6609,48.1688],[88.6705,48.1675],[88.6835,48.1725],[88.6939,48.1784],[88.7019,48.1751],[88.7144,48.1731],[88.7109,48.1656],[88.707,48.1629],[88.7072,48.1569],[88.7128,48.1535],[88.7205,48.1532],[88.7296,48.158],[88.7384,48.1502],[88.7443,48.1501],[88.7472,48.1448],[88.7549,48.1384],[88.7557,48.133],[88.77,48.1293],[88.779,48.1316],[88.7853,48.126],[88.8038,48.1166],[88.8062,48.1065],[88.8156,48.1064],[88.8221,48.0996],[88.8347,48.1034],[88.8367,48.1075],[88.8437,48.1108],[88.8603,48.1058],[88.8692,48.1077],[88.8828,48.1061],[88.8988,48.1089],[88.9115,48.1088],[88.9222,48.1042],[88.9336,48.1083],[88.9371,48.105],[88.935,48.0989],[88.9427,48.0931],[88.95,48.0935],[88.9589,48.0813],[88.9682,48.0767],[88.97,48.0723],[88.9785,48.0687],[88.9863,48.0689],[88.9878,48.0619],[88.999,48.0582],[89.0091,48.05],[89.008,48.0446],[89.0126,48.0388],[89.0272,48.0306],[89.0355,48.0229],[89.0404,48.0107],[89.0531,48.0038],[89.0571,47.9978],[89.0598,47.9889],[89.0635,47.9872],[89.074,47.9885],[89.091,47.9863],[89.098,47.9869],[89.1144,47.9847],[89.1284,47.9853],[89.1491,47.9932],[89.1565,47.9945],[89.1766,47.99],[89.1862,47.9824],[89.2057,47.9771],[89.2234,47.9773],[89.2332,47.9755],[89.2414,47.9781],[89.2465,47.9857],[89.2563,47.991],[89.2713,47.9863],[89.2798,47.9867],[89.2903,48.0107],[89.2953,48.0138],[89.3112,48.0137],[89.3272,48.0208],[89.3428,48.0217],[89.3537,48.0157],[89.3679,48.0227],[89.3763,48.0424],[89.383,48.0441],[89.3914,48.0389],[89.3983,48.0311],[89.4063,48.0305],[89.4194,48.0322],[89.443,48.0319],[89.4682,48.0274],[89.4914,48.0245],[89.5076,48.0308],[89.5086,48.0332],[89.5347,48.0359],[89.549,48.0353],[89.5604,48.0316],[89.5739,48.0329],[89.5816,48.0302],[89.5844,48.0217],[89.5943,48.0197],[89.5964,48.0125],[89.6009,48.008],[89.5937,48.0011],[89.5859,47.9982],[89.5864,47.9917],[89.5949,47.9713],[89.5927,47.9672],[89.6128,47.9592],[89.6169,47.9503],[89.6383,47.947],[89.6418,47.9435],[89.6392,47.9334],[89.6431,47.9282],[89.6437,47.9205],[89.649,47.9097],[89.6583,47.9046],[89.6875,47.9042],[89.6958,47.901],[89.71,47.9007],[89.7162,47.8978],[89.7268,47.8998],[89.7297,47.8939],[89.7458,47.8799],[89.7518,47.8772],[89.7494,47.8716],[89.7396,47.8675],[89.7435,47.8616],[89.7525,47.8566],[89.751,47.8508],[89.7545,47.8458],[89.7525,47.8407],[89.7609,47.836],[89.7591,47.8277],[89.7771,47.8268],[89.7895,47.8309],[89.7913,47.8337],[89.8041,47.8355],[89.8144,47.8343],[89.8205,47.83],[89.8274,47.832],[89.8334,47.8302],[89.8416,47.832],[89.849,47.8272],[89.8697,47.8322],[89.8807,47.8379],[89.8901,47.8392],[89.9029,47.8356],[89.9095,47.8362],[89.9269,47.8309],[89.9328,47.8325],[89.9414,47.831],[89.951,47.8332],[89.9497,47.8392],[89.9546,47.8506],[89.9492,47.8578],[89.9555,47.8608],[89.9533,47.8649],[89.9557,47.8769],[89.9528,47.8833],[89.9584,47.8868],[89.9674,47.8816],[89.9791,47.8797],[89.9886,47.8833],[89.9973,47.88],[90.0129,47.8803],[90.0207,47.8734],[90.0271,47.877],[90.0383,47.871],[90.0512,47.8741],[90.0507,47.8807],[90.0568,47.884],[90.0672,47.8735],[90.0749,47.8697],[90.0841,47.868],[90.0873,47.8598],[90.0799,47.8576],[90.0695,47.8441],[90.0733,47.8392],[90.0653,47.8289],[90.0661,47.8156],[90.0692,47.8098],[90.0659,47.8058],[90.0685,47.8012],[90.0743,47.7991],[90.0656,47.792],[90.0712,47.786],[90.0698,47.7831],[90.0748,47.775]]]}},{"type":"Feature","properties":{"id":84,"name":"Ховд"},"geometry":{"type":"MultiPolygon","coordinates":[[[[90.7801,45.3844],[90.7897,45.3614],[90.808,45.3299],[90.7801,45.3844]]],[[[93.3924,48.4198],[93.3876,48.4239],[93.3803,48.4246],[93.3621,48.4356],[93.3593,48.4397],[93.3453,48.4424],[93.3404,48.4454],[93.322,48.4501],[93.3093,48.4582],[93.3023,48.4606],[93.2971,48.4674],[93.2837,48.4764],[93.2754,48.4841],[93.2646,48.4975],[93.2651,48.501],[93.2549,48.5172],[93.2482,48.5227],[93.2323,48.5411],[93.2312,48.5505],[93.2331,48.553],[93.2227,48.5709],[93.2155,48.5761],[93.2095,48.5851],[93.203,48.5896],[93.2007,48.5955],[93.2014,48.6026],[93.1958,48.6081],[93.1958,48.6147],[93.1853,48.621],[93.1773,48.6207],[92.9728,48.6481],[92.9725,48.6451],[92.9623,48.6387],[92.9491,48.6382],[92.9418,48.6424],[92.8674,48.5445],[92.7748,48.53],[92.672,48.5961],[92.6005,48.6099],[92.379,48.6232],[92.366,48.6277],[92.3343,48.6235],[92.2739,48.6303],[92.2745,48.626],[92.2615,48.6188],[92.2561,48.6126],[92.239,48.6028],[92.2328,48.6005],[92.187,48.6706],[92.1836,48.7062],[92.2017,48.7471],[92.1226,48.7677],[92.058,48.7603],[91.9642,48.752],[91.9672,48.7849],[91.9533,48.8013],[91.9309,48.8438],[91.9353,48.8856],[91.9074,48.8962],[91.8941,48.9101],[91.9064,48.94],[91.8644,48.957],[91.8522,48.9602],[91.7958,48.9664],[91.7254,48.9292],[91.6808,48.9031],[91.6257,48.8899],[91.5935,48.8443],[91.5347,48.8166],[91.5285,48.7844],[91.4819,48.7682],[91.4415,48.731],[91.391,48.6979],[91.3506,48.6831],[91.2683,48.6882],[91.1954,48.7074],[91.1623,48.7069],[91.0846,48.6732],[91.015,48.6552],[90.9773,48.632],[90.9529,48.6245],[90.902,48.6184],[90.7842,48.6395],[90.6945,48.6359],[90.6823,48.635],[90.664,48.6287],[90.6504,48.604],[90.7362,48.563],[90.765,48.5661],[90.7765,48.5269],[90.7773,48.5104],[90.7702,48.4801],[90.8381,48.4491],[90.8543,48.4032],[90.8408,48.3943],[90.8311,48.391],[90.8255,48.3856],[90.8139,48.3811],[90.7879,48.3347],[90.7835,48.3071],[90.8047,48.2473],[90.8051,48.2073],[90.8192,48.1737],[90.8059,48.1546],[90.8126,48.1061],[90.8321,48.0747],[90.8669,48.0718],[90.8841,48.0509],[90.9461,48.0349],[90.9464,48.0013],[90.9574,47.9712],[90.9916,47.9467],[91.0202,47.8822],[91.0535,47.8711],[91.0645,47.8573],[91.041,47.8234],[91.0673,47.7993],[91.0644,47.7355],[91.1089,47.7123],[91.1607,47.7173],[91.1796,47.7042],[91.1851,47.6944],[91.1929,47.6902],[91.1897,47.6851],[91.1932,47.6795],[91.1907,47.6724],[91.1842,47.6702],[91.1821,47.6609],[91.1778,47.6517],[91.1832,47.6452],[91.1785,47.639],[91.1824,47.6271],[91.1778,47.6242],[91.1755,47.6184],[91.1682,47.6085],[91.2353,47.5962],[91.2336,47.5765],[91.2446,47.5621],[91.2537,47.5138],[91.2527,47.491],[91.2553,47.4549],[91.208,47.3999],[91.2635,47.3684],[91.2985,47.335],[91.2986,47.3092],[91.3501,47.2761],[91.4042,47.2419],[91.4158,47.244],[91.4253,47.2348],[91.4433,47.2031],[91.4794,47.1826],[91.4695,47.152],[91.4713,47.1216],[91.4611,47.0903],[91.42,47.0491],[91.429,47.024],[91.403,47.0119],[91.4128,46.964],[91.4089,46.9417],[91.4509,46.9157],[91.4725,46.8904],[91.5086,46.8889],[91.5958,46.8777],[91.6455,46.8589],[91.6784,46.8178],[91.7464,46.7911],[91.7901,46.7833],[91.8009,46.7658],[91.7924,46.7509],[91.847,46.7352],[91.8678,46.7153],[91.9217,46.6888],[91.9056,46.6153],[91.8626,46.6126],[91.7981,46.6241],[91.7633,46.6271],[91.6932,46.6299],[91.6269,46.6171],[91.5891,46.5931],[91.5596,46.6066],[91.5538,46.6134],[91.5165,46.6433],[91.504,46.6523],[91.4913,46.5895],[91.4705,46.5685],[91.464,46.5682],[91.4526,46.5633],[91.4414,46.5614],[91.4264,46.5561],[91.4026,46.5547],[91.3972,46.5518],[91.3892,46.5537],[91.312,46.5662],[91.3149,46.596],[91.32,46.6045],[91.3036,46.6112],[91.2962,46.6169],[91.2822,46.6306],[91.2776,46.6379],[91.2701,46.6441],[91.2687,46.6502],[91.2709,46.6563],[91.2013,46.6541],[91.1779,46.6637],[91.1464,46.6704],[91.1136,46.6904],[91.0912,46.708],[91.0467,46.7222],[91.0427,46.6998],[91.0142,46.6109],[91.0136,46.5803],[91.0234,46.5809],[91.0314,46.5792],[91.0418,46.5798],[91.0455,46.578],[91.064,46.5784],[91.0724,46.5658],[91.0728,46.5601],[91.0612,46.5512],[91.0565,46.541],[91.0503,46.5352],[91.0568,46.5289],[91.0513,46.5219],[91.0531,46.5129],[91.0428,46.5089],[91.0351,46.5006],[91.0312,46.4894],[91.0251,46.4861],[91.0246,46.4768],[91.0196,46.4741],[91.0099,46.4611],[91.0087,46.4495],[91.0062,46.4414],[91.0072,46.4357],[90.9945,46.4224],[90.9741,46.3677],[90.9698,46.3609],[90.9451,46.3453],[90.9303,46.3334],[90.9137,46.3241],[90.9056,46.3143],[90.8919,46.312],[90.9497,46.2291],[90.944,46.2256],[90.9456,46.2145],[90.954,46.2022],[90.9753,46.1621],[91.0105,46.1239],[91.0093,46.1044],[91.0117,46.09],[91.0159,46.0854],[91.0076,46.0791],[91.0142,46.0656],[91.0181,46.0606],[91.0215,46.0226],[90.8472,45.887],[90.773,45.8029],[90.7148,45.7275],[90.6784,45.6054],[90.6677,45.5436],[90.6702,45.4869],[90.6886,45.4731],[90.6993,45.4681],[90.731,45.4561],[90.7444,45.4488],[90.7596,45.4382],[90.7703,45.4283],[90.7717,45.4044],[90.7801,45.3844],[90.808,45.3299],[90.8111,45.3245],[90.804,45.2898],[90.8345,45.2991],[90.8683,45.282],[90.8729,45.2783],[90.8967,45.2508],[90.8806,45.2243],[90.8654,45.2035],[90.8817,45.1916],[90.8795,45.1894],[90.9341,45.1934],[90.9591,45.1988],[90.9965,45.2147],[91.0105,45.2134],[91.0492,45.2065],[91.0798,45.2149],[91.0937,45.215],[91.1101,45.2113],[91.1237,45.2142],[91.1477,45.2035],[91.162,45.2006],[91.167,45.1963],[91.1672,45.1853],[91.1706,45.1752],[91.179,45.1683],[91.1847,45.1681],[91.1918,45.1576],[91.2079,45.1533],[91.2189,45.1534],[91.2266,45.1505],[91.2377,45.1368],[91.2429,45.1331],[91.2494,45.1349],[91.2971,45.1287],[91.3278,45.1293],[91.3397,45.1224],[91.3744,45.1105],[91.3847,45.1121],[91.3867,45.1248],[91.4276,45.1564],[91.4326,45.1571],[91.4549,45.153],[91.4661,45.1386],[91.4777,45.1321],[91.4864,45.1239],[91.4916,45.1169],[91.4927,45.1061],[91.4995,45.1002],[91.5162,45.0924],[91.534,45.0886],[91.5597,45.0702],[91.568,45.0825],[91.5814,45.08],[91.609,45.0718],[91.6159,45.0678],[91.6361,45.0679],[91.67,45.066],[91.6809,45.0639],[91.704,45.0657],[91.7123,45.0686],[91.8011,45.0826],[91.891,45.0784],[92.0519,45.0826],[92.0951,45.0774],[92.1249,45.0639],[92.1957,45.0344],[92.2346,45.0132],[92.2482,45.0217],[92.2651,45.0186],[92.3124,45.027],[92.3431,45.0124],[92.4121,45.0179],[92.4364,45.0113],[92.456,45.0074],[92.4634,45.0027],[92.4806,45.0021],[92.4838,44.9998],[92.5198,45.0082],[92.5418,45.0191],[92.5602,45.0183],[92.5696,45.0196],[92.58,45.0172],[92.6092,45.0228],[92.6173,45.0206],[92.6257,45.0206],[92.6834,45.0262],[92.7233,45.0342],[92.7391,45.0416],[92.7736,45.0448],[92.7764,45.0502],[92.8011,45.0436],[92.8401,45.0382],[92.8501,45.0373],[92.8624,45.0416],[92.8699,45.0384],[92.8792,45.0472],[92.89,45.0456],[92.9032,45.0363],[92.9184,45.0367],[92.9247,45.0344],[92.9233,45.0293],[92.9296,45.0154],[92.9513,45.0172],[92.9714,45.0147],[92.9779,45.0066],[92.9802,45.0005],[93.0001,45.01],[93.0073,45.01],[93.0237,45.013],[93.0312,45.0128],[93.0406,45.0171],[93.0479,45.0177],[93.0733,45.0122],[93.0809,45.0083],[93.0938,45.0076],[93.1261,45.0097],[93.1323,45.0146],[93.1567,45.0109],[93.1682,45.0134],[93.2055,45.0023],[93.1968,45.0553],[93.1926,45.0734],[93.1664,45.1288],[93.1464,45.3258],[93.1378,45.565],[93.113,45.6032],[93.0991,45.6297],[93.1128,45.6603],[93.1255,45.6731],[93.1198,45.6937],[93.1128,45.7421],[93.1843,45.7672],[93.2392,45.8058],[93.3622,45.8428],[93.3603,45.8552],[93.3633,45.8655],[93.372,45.8814],[93.3754,45.8846],[93.3801,45.9028],[93.3834,45.9093],[93.3955,45.9191],[93.4044,45.9239],[93.4057,45.9291],[93.4168,45.934],[93.4246,45.9423],[93.4354,45.9473],[93.4426,45.9542],[93.4472,45.971],[93.4423,45.9775],[93.4445,45.9854],[93.4025,46.006],[93.4014,46.0277],[93.4276,46.0417],[93.4403,46.0586],[93.4744,46.0976],[93.4617,46.117],[93.4806,46.1365],[93.5103,46.1828],[93.5227,46.1895],[93.5288,46.1894],[93.5331,46.1954],[93.5309,46.1988],[93.5406,46.2048],[93.5551,46.2519],[93.6063,46.3201],[93.6245,46.3481],[93.6473,46.394],[93.5918,46.4644],[93.6073,46.4956],[93.5664,46.5231],[93.5282,46.5719],[93.5009,46.5984],[93.5438,46.6354],[93.5824,46.6205],[93.6895,46.6234],[93.6996,46.6162],[93.7248,46.6031],[93.7347,46.6005],[93.7574,46.6005],[93.7752,46.6033],[93.7862,46.6031],[93.7952,46.6069],[93.8179,46.6137],[93.8382,46.6222],[93.9362,46.7072],[94.0882,46.7209],[94.3069,46.7788],[94.2737,46.857],[94.1555,46.994],[94.0423,47.2135],[94.0576,47.2471],[94.0246,47.2734],[93.9913,47.306],[93.7912,47.3489],[93.7179,47.4445],[93.6494,47.4918],[93.5728,47.5208],[93.557,47.5323],[93.5153,47.5669],[93.5234,47.579],[93.5444,47.5878],[93.5637,47.5978],[93.5855,47.6134],[93.6004,47.6265],[93.6174,47.6487],[93.626,47.6647],[93.6219,47.6645],[93.6104,47.676],[93.602,47.6777],[93.5867,47.6836],[93.5751,47.6854],[93.5642,47.6923],[93.5444,47.6976],[93.5299,47.7055],[93.5238,47.7112],[93.5143,47.7141],[93.5002,47.727],[93.4858,47.7349],[93.4759,47.738],[93.4553,47.7505],[93.4394,47.7617],[93.431,47.7662],[93.4137,47.7719],[93.3771,47.7734],[93.3914,47.7847],[93.384,47.8017],[93.376,47.8086],[93.366,47.8097],[93.3602,47.8171],[93.3478,47.818],[93.3408,47.8141],[93.3234,47.826],[93.3107,47.8311],[93.2997,47.838],[93.2968,47.8505],[93.2933,47.8525],[93.2927,47.8594],[93.2867,47.8606],[93.2779,47.8581],[93.2717,47.8688],[93.2724,47.873],[93.2806,47.8794],[93.284,47.89],[93.2799,47.8956],[93.2785,47.9031],[93.2797,47.9139],[93.2879,47.916],[93.2748,47.9207],[93.2608,47.9233],[93.2631,47.9283],[93.2534,47.9337],[93.2585,47.9387],[93.2702,47.9331],[93.2774,47.9315],[93.2828,47.9352],[93.2859,47.9526],[93.2985,47.9601],[93.3142,47.9651],[93.3195,47.9638],[93.328,47.9709],[93.3162,47.98],[93.299,47.9844],[93.2908,47.9849],[93.2891,47.9803],[93.2831,47.9807],[93.2705,47.9665],[93.2656,47.9747],[93.2561,47.9792],[93.2664,47.985],[93.2639,47.9924],[93.2756,47.9998],[93.2831,48.0101],[93.2825,48.0131],[93.2667,48.0174],[93.2622,48.011],[93.251,48.0069],[93.2548,48.0159],[93.2605,48.0214],[93.286,48.0416],[93.3008,48.0506],[93.3377,48.068],[93.353,48.0761],[93.3902,48.1061],[93.4085,48.1255],[93.4154,48.1383],[93.4201,48.1442],[93.424,48.1578],[93.4276,48.1765],[93.4279,48.1861],[93.4232,48.1998],[93.4101,48.214],[93.4107,48.2198],[93.4259,48.2257],[93.4319,48.2321],[93.4428,48.2406],[93.4529,48.2444],[93.4576,48.2501],[93.465,48.2545],[93.474,48.2629],[93.4763,48.2745],[93.4839,48.2845],[93.4819,48.2891],[93.4879,48.2935],[93.4865,48.2966],[93.4913,48.3078],[93.4899,48.3196],[93.4921,48.3241],[93.4888,48.3288],[93.4899,48.3362],[93.4946,48.3454],[93.5029,48.3522],[93.5133,48.3648],[93.5131,48.3686],[93.5066,48.3749],[93.4907,48.3819],[93.4798,48.3933],[93.4687,48.3996],[93.4537,48.4061],[93.4239,48.4124],[93.418,48.415],[93.3924,48.4198]]]]}},{"type":"Feature","properties":{"id":85,"name":"Увс"},"geometry":{"type":"Polygon","coordinates":[[[95.4957,49.912],[95.4264,49.9577],[95.3842,49.9579],[95.3454,49.9588],[95.3026,49.9581],[95.2591,49.9609],[95.1989,49.9654],[95.082,49.963],[95.0168,49.9806],[94.9966,50.0179],[94.9992,50.0266],[94.9981,50.0448],[94.9894,50.0478],[94.9713,50.0436],[94.9612,50.0442],[94.9009,50.051],[94.8065,50.0545],[94.761,50.055],[94.6751,50.0374],[94.615,50.0353],[94.6099,50.0382],[94.6122,50.0443],[94.6094,50.0584],[94.6039,50.0642],[94.5995,50.074],[94.5919,50.0779],[94.5821,50.0901],[94.5716,50.0934],[94.5687,50.099],[94.5581,50.105],[94.5563,50.1129],[94.5503,50.1136],[94.5392,50.121],[94.5353,50.1307],[94.526,50.138],[94.5256,50.1447],[94.5287,50.1501],[94.5244,50.155],[94.5242,50.1655],[94.5218,50.1726],[94.5098,50.1782],[94.5023,50.178],[94.4908,50.1846],[94.4857,50.1853],[94.4751,50.1922],[94.4594,50.1902],[94.4532,50.1923],[94.4473,50.1891],[94.4228,50.1919],[94.4111,50.1973],[94.4048,50.2035],[94.3968,50.207],[94.3879,50.2138],[94.3834,50.2398],[94.3843,50.2534],[94.357,50.4103],[94.3412,50.5013],[94.3044,50.5258],[94.2958,50.5528],[94.2838,50.572],[94.2404,50.5877],[94.1939,50.5921],[94.1609,50.5923],[94.119,50.5939],[94.077,50.5938],[94.0421,50.5955],[94.031,50.5966],[93.9942,50.6052],[93.9707,50.5979],[93.9419,50.5899],[93.9018,50.5957],[93.856,50.6012],[93.8231,50.5979],[93.7876,50.5978],[93.7496,50.5952],[93.7032,50.5863],[93.6672,50.5904],[93.636,50.6071],[93.5792,50.6049],[93.5726,50.6058],[93.5639,50.6029],[93.5553,50.6054],[93.547,50.6019],[93.5275,50.6049],[93.521,50.6035],[93.5178,50.6126],[93.5115,50.617],[93.5048,50.6166],[93.4612,50.6288],[93.4566,50.6309],[93.4246,50.6283],[93.3972,50.6344],[93.3439,50.6169],[93.332,50.6101],[93.2814,50.6055],[93.2277,50.5975],[93.214,50.5973],[93.1809,50.6003],[93.1405,50.5991],[93.1227,50.5887],[93.1109,50.5868],[93.1024,50.5895],[93.0959,50.5944],[93.0938,50.5992],[93.0806,50.599],[93.0715,50.6038],[93.072,50.6096],[93.0682,50.6127],[93.0584,50.6126],[93.0429,50.6191],[93.0112,50.6103],[92.9701,50.6674],[93.0229,50.7163],[93.0296,50.7594],[93.0294,50.7674],[93.0209,50.7704],[93.0193,50.7824],[93.0142,50.7867],[93.0064,50.7863],[93.0023,50.7926],[92.9926,50.7923],[92.9818,50.7949],[92.9685,50.7936],[92.9613,50.7949],[92.9379,50.7891],[92.9276,50.7897],[92.9245,50.7938],[92.9162,50.7959],[92.9124,50.8009],[92.9012,50.803],[92.8946,50.8007],[92.8832,50.8016],[92.8729,50.8003],[92.8569,50.8115],[92.8495,50.8098],[92.8376,50.8112],[92.8093,50.8082],[92.7975,50.804],[92.7923,50.8052],[92.7862,50.7963],[92.7647,50.7765],[92.7595,50.7595],[92.7669,50.7411],[92.7649,50.7313],[92.7436,50.7177],[92.7053,50.7083],[92.6277,50.7034],[92.6022,50.7207],[92.6016,50.727],[92.6079,50.7346],[92.6076,50.7522],[92.6134,50.7566],[92.6122,50.7617],[92.6164,50.7661],[92.6097,50.775],[92.6007,50.7824],[92.5869,50.7912],[92.5615,50.7992],[92.5057,50.7851],[92.4767,50.7863],[92.4319,50.8033],[92.4207,50.8111],[92.4242,50.8144],[92.4203,50.8185],[92.4067,50.8271],[92.404,50.8315],[92.407,50.8391],[92.4059,50.843],[92.4085,50.8536],[92.4013,50.8605],[92.3937,50.8599],[92.383,50.8724],[92.3721,50.8804],[92.3607,50.8844],[92.3461,50.8832],[92.3437,50.8797],[92.3122,50.8791],[92.319,50.8583],[92.327,50.8426],[92.3287,50.8328],[92.3278,50.8248],[92.3196,50.818],[92.3064,50.8114],[92.3027,50.8055],[92.3073,50.7962],[92.3136,50.7911],[92.3182,50.7826],[92.3155,50.7775],[92.3203,50.7695],[92.3166,50.7624],[92.3167,50.7561],[92.3126,50.7526],[92.2904,50.7474],[92.2811,50.7406],[92.2701,50.7295],[92.2418,50.7247],[92.2042,50.7152],[92.1721,50.7064],[92.0998,50.6973],[92.0717,50.6965],[92.0166,50.7062],[91.9999,50.713],[91.9939,50.7124],[91.9719,50.7185],[91.855,50.7339],[91.8242,50.7245],[91.7994,50.7203],[91.7458,50.6997],[91.7231,50.6991],[91.7026,50.6814],[91.6948,50.6736],[91.682,50.6632],[91.6554,50.6441],[91.6522,50.628],[91.65,50.5863],[91.6374,50.5837],[91.6108,50.583],[91.5987,50.5805],[91.59,50.5848],[91.5819,50.5838],[91.5643,50.5855],[91.5622,50.5838],[91.5342,50.5813],[91.5339,50.5725],[91.5225,50.5708],[91.5248,50.5619],[91.4571,50.5476],[91.4588,50.5086],[91.4386,50.4901],[91.4309,50.4895],[91.4152,50.481],[91.4073,50.4804],[91.4005,50.4761],[91.4,50.4663],[91.4049,50.4599],[91.4002,50.4553],[91.3872,50.4634],[91.3799,50.4625],[91.3638,50.4644],[91.3509,50.4681],[91.3329,50.4679],[91.3182,50.4706],[91.3137,50.47],[91.2943,50.472],[91.2765,50.4637],[91.2678,50.4625],[91.2526,50.453],[91.2196,50.4437],[91.2051,50.4371],[91.1687,50.4253],[91.1636,50.4224],[91.1432,50.4265],[91.1309,50.4241],[91.1291,50.4274],[91.101,50.432],[91.0848,50.4308],[91.08,50.4291],[91.0506,50.4296],[91.0268,50.4321],[91.0228,50.4288],[91.0062,50.4296],[90.9781,50.4287],[90.9643,50.4231],[90.9474,50.4177],[90.9333,50.4152],[90.9251,50.412],[90.9101,50.412],[90.9045,50.4059],[90.915,50.3921],[90.9131,50.3839],[90.9198,50.3802],[90.9165,50.371],[90.911,50.3654],[90.9151,50.359],[90.914,50.351],[90.9,50.346],[90.8914,50.3467],[90.8832,50.3521],[90.8735,50.3468],[90.8652,50.3476],[90.8608,50.3438],[90.8477,50.3446],[90.8392,50.3533],[90.8274,50.3531],[90.8223,50.343],[90.8113,50.3409],[90.8087,50.3367],[90.7986,50.3334],[90.7957,50.3273],[90.7884,50.3294],[90.7831,50.3354],[90.7777,50.3362],[90.7574,50.3318],[90.7474,50.3245],[90.7334,50.3194],[90.718,50.3191],[90.7079,50.3144],[90.7161,50.3038],[90.715,50.3016],[90.7328,50.2497],[90.7351,50.2451],[90.7351,50.2363],[90.676,50.2088],[90.6674,50.2113],[90.6641,50.2181],[90.6568,50.2202],[90.6431,50.2156],[90.6296,50.2191],[90.6256,50.222],[90.6108,50.2237],[90.6062,50.2306],[90.598,50.2329],[90.596,50.2364],[90.583,50.2427],[90.567,50.239],[90.558,50.2434],[90.5512,50.2441],[90.5366,50.2359],[90.529,50.237],[90.516,50.2357],[90.5064,50.2301],[90.4939,50.2295],[90.4833,50.2251],[90.4864,50.2186],[90.4827,50.2108],[90.4887,50.2053],[90.4504,50.1968],[90.4427,50.1965],[90.4232,50.1985],[90.414,50.2006],[90.4025,50.198],[90.3826,50.1982],[90.3722,50.1842],[90.3659,50.1795],[90.3495,50.1598],[90.3247,50.1549],[90.3169,50.1498],[90.2912,50.1223],[90.2604,50.1119],[90.2454,50.1092],[90.2215,50.1122],[90.2119,50.1067],[90.2031,50.1052],[90.1781,50.112],[90.1657,50.1112],[90.1355,50.1052],[90.0881,50.0935],[90.0247,50.0639],[90.0038,50.0529],[90,50.0492],[90.0073,50.0426],[90.0084,50.0333],[90.012,50.0237],[90.0196,50.0148],[90.0301,50.0087],[90.0311,49.9977],[90.0389,49.9918],[90.0427,49.984],[90.0494,49.9815],[90.0684,49.9801],[90.0766,49.9767],[90.0832,49.9768],[90.0918,49.9709],[90.0903,49.9666],[90.097,49.9608],[90.1012,49.9489],[90.1,49.9465],[90.1078,49.9401],[90.1076,49.9348],[90.1154,49.9338],[90.1155,49.9262],[90.1185,49.9208],[90.1239,49.9203],[90.1295,49.9154],[90.1292,49.9038],[90.1337,49.9009],[90.1322,49.896],[90.1357,49.8785],[90.1404,49.8723],[90.1475,49.8699],[90.152,49.8646],[90.1495,49.8581],[90.1567,49.8532],[90.1593,49.8379],[90.1652,49.8329],[90.1687,49.8232],[90.1628,49.8166],[90.1663,49.8132],[90.1665,49.8056],[90.17,49.7998],[90.1711,49.7915],[90.1693,49.7806],[90.171,49.7723],[90.1761,49.7608],[90.1766,49.7546],[90.1815,49.7526],[90.1865,49.7454],[90.2024,49.7353],[90.2164,49.7175],[90.2277,49.709],[90.2327,49.6977],[90.2377,49.6938],[90.243,49.6787],[90.252,49.669],[90.2508,49.6657],[90.2591,49.6609],[90.2634,49.6497],[90.2681,49.6496],[90.2821,49.6546],[90.2871,49.6464],[90.2962,49.6381],[90.3017,49.6384],[90.3071,49.6341],[90.3186,49.6296],[90.3293,49.6287],[90.3524,49.6207],[90.3628,49.6108],[90.372,49.6038],[90.3815,49.5912],[90.387,49.5882],[90.3983,49.5654],[90.4128,49.5538],[90.4195,49.5545],[90.4232,49.5479],[90.441,49.5368],[90.4437,49.5325],[90.4676,49.5198],[90.5009,49.533],[90.6673,49.4262],[90.6638,49.4132],[90.65,49.4084],[90.6467,49.4031],[90.6579,49.3995],[90.6519,49.3918],[90.6474,49.3657],[90.6518,49.3599],[90.664,49.3539],[90.6686,49.3434],[90.6761,49.3318],[90.6835,49.3287],[90.6925,49.3213],[90.7136,49.3173],[90.7163,49.3136],[90.7324,49.3067],[90.7503,49.3015],[90.7604,49.3005],[90.7661,49.2964],[90.7759,49.2933],[90.7821,49.2939],[90.7986,49.291],[90.8052,49.2918],[90.8156,49.2896],[90.8205,49.2831],[90.8314,49.2801],[90.853,49.2706],[90.8811,49.2634],[90.8989,49.2627],[90.9037,49.2551],[90.9014,49.2508],[90.9044,49.2469],[90.9004,49.2407],[90.9143,49.2315],[90.9127,49.223],[90.9167,49.2175],[90.9136,49.2111],[90.9214,49.2082],[90.9278,49.2017],[90.9276,49.1957],[90.9321,49.1909],[90.9305,49.1813],[90.9464,49.1752],[90.9491,49.1658],[90.9535,49.166],[90.9504,49.1554],[90.969,49.1446],[90.978,49.1371],[90.9792,49.1321],[90.9916,49.1296],[90.9926,49.1222],[90.9968,49.1144],[91.0039,49.1115],[91.0028,49.1053],[91.0096,49.0956],[91.0131,49.0944],[91.0077,49.0868],[91.0232,49.078],[91.0299,49.0707],[91.0394,49.0687],[91.0339,49.0647],[91.0303,49.0554],[91.0388,49.0417],[91.0486,49.0294],[91.0584,49.0324],[91.0658,49.025],[91.0636,49.009],[91.0672,49.0044],[91.0637,49.0006],[91.0776,48.9932],[91.0916,48.9904],[91.1021,48.9862],[91.1063,48.9824],[91.1071,48.9707],[91.1182,48.9685],[91.1278,48.9689],[91.1356,48.9719],[91.1434,48.9688],[91.1722,48.967],[91.199,48.9619],[91.1969,48.9563],[91.2053,48.9509],[91.2104,48.9453],[91.2116,48.9381],[91.2195,48.9358],[91.23,48.9353],[91.2381,48.9302],[91.2319,48.9252],[91.2418,48.9228],[91.2415,48.9173],[91.2467,48.9115],[91.2574,48.9074],[91.2579,48.9029],[91.264,48.8998],[91.2674,48.8924],[91.2624,48.8884],[91.2641,48.8803],[91.2686,48.8744],[91.2714,48.866],[91.2791,48.8637],[91.2807,48.8572],[91.2954,48.8504],[91.3046,48.8427],[91.3056,48.837],[91.3131,48.8318],[91.31,48.822],[91.3175,48.8124],[91.3189,48.8024],[91.3287,48.8014],[91.3311,48.7979],[91.3275,48.7788],[91.3231,48.7742],[91.3288,48.7688],[91.3435,48.7597],[91.341,48.7486],[91.3441,48.746],[91.3455,48.7354],[91.3379,48.7266],[91.3392,48.7157],[91.3424,48.7126],[91.343,48.7055],[91.3407,48.6957],[91.3423,48.6892],[91.3506,48.6831],[91.391,48.6979],[91.4415,48.731],[91.4819,48.7682],[91.5285,48.7844],[91.5347,48.8166],[91.5935,48.8443],[91.6257,48.8899],[91.6808,48.9031],[91.7254,48.9292],[91.7958,48.9664],[91.8522,48.9602],[91.8644,48.957],[91.9064,48.94],[91.8941,48.9101],[91.9074,48.8962],[91.9353,48.8856],[91.9309,48.8438],[91.9533,48.8013],[91.9672,48.7849],[91.9642,48.752],[92.058,48.7603],[92.1226,48.7677],[92.2017,48.7471],[92.1836,48.7062],[92.187,48.6706],[92.2328,48.6005],[92.239,48.6028],[92.2561,48.6126],[92.2615,48.6188],[92.2745,48.626],[92.2739,48.6303],[92.3343,48.6235],[92.366,48.6277],[92.379,48.6232],[92.6005,48.6099],[92.672,48.5961],[92.7748,48.53],[92.8674,48.5445],[92.9418,48.6424],[92.9491,48.6382],[92.9623,48.6387],[92.9725,48.6451],[92.9728,48.6481],[93.1773,48.6207],[93.1853,48.621],[93.1958,48.6147],[93.1958,48.6081],[93.2014,48.6026],[93.2007,48.5955],[93.203,48.5896],[93.2095,48.5851],[93.2155,48.5761],[93.2227,48.5709],[93.2331,48.553],[93.2312,48.5505],[93.2323,48.5411],[93.2482,48.5227],[93.2549,48.5172],[93.2651,48.501],[93.2646,48.4975],[93.2754,48.4841],[93.2837,48.4764],[93.2971,48.4674],[93.3023,48.4606],[93.3093,48.4582],[93.322,48.4501],[93.3404,48.4454],[93.3453,48.4424],[93.3593,48.4397],[93.3621,48.4356],[93.3803,48.4246],[93.3876,48.4239],[93.3924,48.4198],[93.4099,48.4345],[93.4777,48.4892],[93.5607,48.5308],[93.6368,48.549],[93.6517,48.6521],[93.7344,48.7011],[93.7451,48.6911],[93.7724,48.68],[93.7816,48.6798],[93.7966,48.6839],[93.8226,48.6956],[93.8313,48.7007],[93.8409,48.7026],[93.8681,48.7024],[93.8799,48.7049],[93.8987,48.7168],[93.9311,48.7246],[93.9557,48.7364],[93.9797,48.7456],[94.0382,48.7607],[94.0647,48.7825],[94.1328,48.8078],[94.2464,48.7582],[94.4229,48.7311],[94.482,48.7167],[94.658,48.7208],[94.6497,48.6819],[94.6748,48.6787],[94.6946,48.6713],[94.7485,48.6735],[94.7681,48.6767],[94.7946,48.6873],[94.8234,48.6892],[94.8587,48.6934],[94.9568,48.6865],[94.9802,48.6825],[94.9936,48.6813],[95.0002,48.6824],[95.0154,48.6889],[95.0348,48.6925],[95.048,48.6972],[95.0561,48.6978],[95.0952,48.7131],[95.1773,48.7366],[95.2127,48.7701],[95.3142,48.7964],[95.3298,48.851],[95.419,48.8279],[95.5084,48.8609],[95.524,48.9917],[95.5297,49.0201],[95.5003,49.0646],[95.5376,49.1146],[95.5512,49.1208],[95.549,49.1324],[95.5443,49.1365],[95.5418,49.1435],[95.5436,49.1557],[95.538,49.1725],[95.6558,49.242],[95.6607,49.2431],[95.6731,49.2413],[95.6652,49.251],[95.6676,49.2572],[95.6771,49.2668],[95.6829,49.2877],[95.6889,49.3567],[95.6694,49.3784],[95.6307,49.4162],[95.6023,49.4362],[95.5554,49.4427],[95.5176,49.4635],[95.4634,49.4957],[95.4598,49.5238],[95.452,49.559],[95.4128,49.6025],[95.3766,49.657],[95.4197,49.7293],[95.428,49.7499],[95.4374,49.7909],[95.4721,49.8305],[95.4574,49.857],[95.4459,49.8715],[95.4474,49.8851],[95.4583,49.891],[95.4604,49.894],[95.4733,49.8985],[95.481,49.9031],[95.49,49.9042],[95.4957,49.912]]]}}]}