{"type":"FeatureCollection","features":[{"type":"Feature","properties":{"aimagId":46,"aimagName":"Өмнөговь","asCode":4625,"soumId":25,"name":"Номгон","nameEn":"Nomgon"},"geometry":{"type":"Polygon","coordinates":[[[105.9544,42.0113],[105.923,42.0707],[105.874,42.1874],[105.8785,42.2633],[105.8784,42.3461],[105.8683,42.3681],[105.7241,42.6123],[105.677,42.6933],[105.7105,42.8304],[105.6916,42.8481],[105.6789,42.8507],[105.6232,42.8973],[105.5712,42.9251],[105.4821,42.9649],[105.4533,43.0059],[105.4093,43.0248],[105.3261,43.1984],[105.2591,43.2303],[105.1513,43.1835],[104.9009,43.148],[104.6525,43.134],[104.396,43.116],[104.3869,43.0169],[104.3402,42.9235],[104.3095,42.8013],[104.2866,42.7315],[104.2567,42.7278],[104.2076,42.6251],[104.187,42.521],[104.1879,42.4923],[104.186,42.452],[104.2319,42.4286],[104.2765,42.4108],[104.2814,42.3568],[104.2737,42.2537],[104.3086,42.1206],[104.3214,42.0089],[104.3047,41.9338],[104.3053,41.9099],[104.3032,41.84],[104.5252,41.8747],[104.5177,41.6608],[104.6816,41.6451],[104.9171,41.6542],[105.0067,41.5818],[105.2298,41.7484],[105.2899,41.7478],[105.3283,41.7656],[105.3614,41.7783],[105.3828,41.7948],[105.4839,41.8356],[105.5219,41.8526],[105.5836,41.885],[105.7161,41.9382],[105.9544,42.0113]]]}},{"type":"Feature","properties":{"aimagId":46,"aimagName":"Өмнөговь","asCode":4622,"soumId":22,"name":"Ноён","nameEn":"Noyon"},"geometry":{"type":"Polygon","coordinates":[[[102.8729,43.2571],[102.8476,43.2725],[102.7768,43.2881],[102.6979,43.309],[102.6774,43.3227],[102.6527,43.3284],[102.5383,43.3599],[102.4689,43.3557],[102.3581,43.3572],[102.2158,43.3496],[102.1908,43.3581],[102.1561,43.3627],[102.0178,43.3776],[101.9303,43.279],[101.9344,43.271],[101.9294,43.2574],[101.9298,43.2349],[101.9188,43.2317],[101.9111,43.2152],[101.8944,43.2078],[101.8418,43.2056],[101.8399,43.1315],[101.8445,43.0711],[101.8131,42.9189],[101.8145,42.7985],[101.8564,42.601],[101.8005,42.5039],[101.9886,42.3144],[102.0766,42.2251],[102.446,42.1447],[102.5413,42.1608],[102.6419,42.152],[102.7095,42.1513],[102.7084,42.1775],[102.7531,42.2535],[102.7741,42.2922],[102.8569,42.4295],[102.9166,42.5451],[102.9496,42.6755],[102.9196,42.8325],[102.8981,43.0339],[102.8936,43.0533],[102.8841,43.061],[102.8746,43.0764],[102.8559,43.0941],[102.8581,43.1093],[102.8513,43.1272],[102.8565,43.1721],[102.8729,43.2571]]]}},{"type":"Feature","properties":{"aimagId":46,"aimagName":"Өмнөговь","asCode":4637,"soumId":37,"name":"Хүрмэн","nameEn":"Xu'rmen"},"geometry":{"type":"Polygon","coordinates":[[[104.0294,43.4758],[103.9826,43.4735],[103.952,43.4797],[103.9439,43.4758],[103.9087,43.4779],[103.8915,43.4609],[103.8706,43.4517],[103.858,43.4376],[103.8277,43.426],[103.7619,43.3116],[103.655,43.236],[103.6473,43.2165],[103.6434,43.1945],[103.6013,43.134],[103.5513,43.0685],[103.5408,43.0321],[103.5352,43.0222],[103.4541,42.8336],[103.4751,42.7428],[103.4721,42.7218],[103.4596,42.4827],[103.3995,42.4118],[103.3602,42.3996],[103.3077,42.3692],[103.1988,42.309],[103.1267,42.2065],[103.0885,42.1321],[103.0504,42.1103],[102.9931,42.0358],[103.1871,41.965],[103.4132,41.8817],[103.6126,41.8452],[103.7417,41.8252],[103.8549,41.7999],[104.0738,41.8038],[104.3032,41.84],[104.3053,41.9099],[104.3047,41.9338],[104.3214,42.0089],[104.3086,42.1206],[104.2737,42.2537],[104.2814,42.3568],[104.2765,42.4108],[104.2319,42.4286],[104.186,42.452],[104.1879,42.4923],[104.187,42.521],[104.2076,42.6251],[104.2567,42.7278],[104.2866,42.7315],[104.3095,42.8013],[104.3402,42.9235],[104.3869,43.0169],[104.396,43.116],[104.2819,43.1356],[104.2893,43.2471],[104.213,43.3062],[104.1219,43.4178],[104.0294,43.4758]]]}},{"type":"Feature","properties":{"aimagId":46,"aimagName":"Өмнөговь","asCode":4631,"soumId":31,"name":"Ханбогд","nameEn":"Xanbogd"},"geometry":{"type":"Polygon","coordinates":[[[107.9882,43.5325],[107.7577,43.5283],[107.5583,43.4985],[107.4271,43.5097],[107.2037,43.4796],[107.0872,43.4909],[106.8905,43.4697],[106.7463,43.4278],[106.4621,43.3741],[106.4709,43.3544],[106.4406,43.2669],[106.4852,43.1994],[106.536,43.1459],[106.6101,43.0546],[106.6084,42.9727],[106.5825,42.896],[106.5886,42.8761],[106.6144,42.8142],[106.5945,42.7962],[106.6205,42.7596],[106.5787,42.6845],[106.5606,42.665],[106.5717,42.5495],[106.5786,42.5355],[106.6081,42.4494],[106.6448,42.3264],[106.6847,42.2615],[106.783,42.29],[106.9183,42.3033],[107.0438,42.315],[107.136,42.3344],[107.2651,42.3624],[107.2879,42.4073],[107.4599,42.4579],[107.4945,42.4559],[107.5684,42.4112],[107.7274,42.4138],[107.9301,42.4027],[107.9604,42.4133],[107.9776,42.4135],[108.0192,42.4341],[108.0416,42.5149],[108.0313,42.582],[108.0704,42.7192],[108.0683,42.8291],[108.0885,42.8957],[108.0781,42.9994],[108.0657,43.0597],[108.0633,43.0977],[108.0591,43.2001],[107.9935,43.2843],[107.9882,43.5325]]]}},{"type":"Feature","properties":{"aimagId":46,"aimagName":"Өмнөговь","asCode":4601,"soumId":1,"name":"Даланзадгад","nameEn":"Dalanzadgad"},"geometry":{"type":"Polygon","coordinates":[[[104.4383,43.5537],[104.4575,43.5709],[104.4661,43.5906],[104.4541,43.598],[104.4362,43.6011],[104.4077,43.593],[104.3981,43.5708],[104.3984,43.5515],[104.4107,43.5467],[104.4383,43.5537]]]}},{"type":"Feature","properties":{"aimagId":44,"aimagName":"Дорноговь","asCode":4434,"soumId":34,"name":"Хатанбулаг","nameEn":"Xatanbulag"},"geometry":{"type":"Polygon","coordinates":[[[110.4646,42.8345],[110.3363,42.967],[110.1354,43.0452],[110.0133,43.0833],[109.9649,43.133],[109.7583,43.2186],[109.6613,43.289],[109.5156,43.3168],[109.4792,43.3453],[109.4477,43.3736],[109.3072,43.4938],[109.1439,43.541],[109.1295,43.5447],[109.0065,43.6034],[108.9748,43.6116],[108.8462,43.651],[108.6081,43.4883],[108.4711,43.5199],[108.3668,43.5282],[108.2352,43.5578],[108.1459,43.5458],[107.9882,43.5325],[107.9935,43.2843],[108.0591,43.2001],[108.0633,43.0977],[108.0657,43.0597],[108.0781,42.9994],[108.0885,42.8957],[108.0683,42.8291],[108.0704,42.7192],[108.0313,42.582],[108.0416,42.5149],[108.0192,42.4341],[108.0839,42.4372],[108.1885,42.4522],[108.2449,42.4633],[108.2949,42.439],[108.3609,42.4393],[108.4472,42.4438],[108.5373,42.443],[108.698,42.4146],[108.7879,42.4159],[108.8307,42.4048],[108.84,42.397],[108.943,42.4369],[108.9944,42.4524],[109.0028,42.4464],[109.018,42.4574],[109.2844,42.4351],[109.3058,42.4402],[109.4789,42.4559],[109.4966,42.4672],[109.5352,42.4704],[109.6795,42.5587],[109.8982,42.6327],[110.0048,42.6376],[110.1023,42.6413],[110.1326,42.6712],[110.3328,42.7348],[110.4333,42.7798],[110.4646,42.8345]]]}},{"type":"Feature","properties":{"aimagId":46,"aimagName":"Өмнөговь","asCode":4604,"soumId":4,"name":"Баяндалай","nameEn":"Bayandalai"},"geometry":{"type":"Polygon","coordinates":[[[103.8374,43.7549],[103.7631,43.7744],[103.7518,43.7714],[103.7164,43.7739],[103.6528,43.7671],[103.6337,43.7756],[103.5825,43.764],[103.5248,43.7635],[103.4951,43.7694],[103.3277,43.8065],[103.2641,43.8366],[103.1791,43.8592],[103.1709,43.8487],[103.1282,43.8328],[103.0642,43.7796],[102.9622,43.7516],[102.8606,43.6514],[102.9074,43.5482],[102.9098,43.5238],[102.8895,43.4198],[102.8922,43.3918],[102.8883,43.3703],[102.8729,43.2571],[102.8565,43.1721],[102.8513,43.1272],[102.8581,43.1093],[102.8559,43.0941],[102.8746,43.0764],[102.8841,43.061],[102.8936,43.0533],[102.8981,43.0339],[102.9196,42.8325],[102.9496,42.6755],[102.9166,42.5451],[102.8569,42.4295],[102.7741,42.2922],[102.7531,42.2535],[102.7084,42.1775],[102.7095,42.1513],[102.9931,42.0358],[103.0504,42.1103],[103.0885,42.1321],[103.1267,42.2065],[103.1988,42.309],[103.3077,42.3692],[103.3602,42.3996],[103.3995,42.4118],[103.4596,42.4827],[103.4721,42.7218],[103.4751,42.7428],[103.4541,42.8336],[103.5352,43.0222],[103.5408,43.0321],[103.5513,43.0685],[103.6013,43.134],[103.6434,43.1945],[103.6473,43.2165],[103.655,43.236],[103.7619,43.3116],[103.8277,43.426],[103.858,43.4376],[103.8706,43.4517],[103.8915,43.4609],[103.9087,43.4779],[103.9439,43.4758],[103.952,43.4797],[103.9826,43.4735],[104.0294,43.4758],[104.0111,43.5082],[104.0473,43.5679],[103.9904,43.6566],[103.9445,43.6884],[103.8848,43.7185],[103.8374,43.7549]]]}},{"type":"Feature","properties":{"aimagId":44,"aimagName":"Дорноговь","asCode":4416,"soumId":16,"name":"Замын-Үүд","nameEn":"Zamyn U'ud"},"geometry":{"type":"Polygon","coordinates":[[[111.787,43.6693],[111.8842,43.6732],[111.9222,43.6873],[111.9466,43.6904],[111.9647,43.7442],[111.9604,43.7993],[111.9548,43.8208],[111.9383,43.8437],[111.8969,43.8945],[111.8671,43.9383],[111.8059,43.9291],[111.6659,43.8883],[111.7346,43.7896],[111.7522,43.6898],[111.787,43.6693]]]}},{"type":"Feature","properties":{"aimagId":44,"aimagName":"Дорноговь","asCode":4437,"soumId":37,"name":"Хөвсгөл","nameEn":"Xo'vsgol"},"geometry":{"type":"Polygon","coordinates":[[[110.9625,43.286],[110.8723,43.3298],[110.7853,43.3667],[110.5603,43.3974],[110.3909,43.4388],[110.1921,43.492],[110.0929,43.5587],[110.0266,43.63],[109.9069,43.6829],[109.8525,43.8295],[109.5304,44.0158],[109.4289,43.9221],[109.2056,43.931],[109.1527,43.9325],[109.1355,43.903],[109.048,43.828],[108.996,43.7974],[108.95,43.7652],[108.9096,43.7193],[108.8462,43.651],[108.9748,43.6116],[109.0065,43.6034],[109.1295,43.5447],[109.1439,43.541],[109.3072,43.4938],[109.4477,43.3736],[109.4792,43.3453],[109.5156,43.3168],[109.6613,43.289],[109.7583,43.2186],[109.9649,43.133],[110.0133,43.0833],[110.1354,43.0452],[110.3363,42.967],[110.4646,42.8345],[110.6237,42.9336],[110.6825,43.0174],[110.6813,43.0371],[110.7298,43.0856],[110.7656,43.0997],[110.9625,43.286]]]}},{"type":"Feature","properties":{"aimagId":46,"aimagName":"Өмнөговь","asCode":4613,"soumId":13,"name":"Гурвантэс","nameEn":"Gurvantes"},"geometry":{"type":"Polygon","coordinates":[[[100.0753,43.9896],[99.9908,44.0591],[99.7621,44.1631],[99.6681,44.1424],[99.426,44.1184],[99.4951,43.2358],[99.5764,42.9155],[99.5908,42.7554],[99.5985,42.6652],[99.6319,42.5892],[99.9682,42.6484],[100.2675,42.6359],[100.2685,42.6417],[100.3181,42.6874],[100.6489,42.6784],[100.8482,42.6725],[101.0158,42.6388],[101.2774,42.5857],[101.5674,42.526],[101.8005,42.5039],[101.8564,42.601],[101.8145,42.7985],[101.8131,42.9189],[101.8445,43.0711],[101.8399,43.1315],[101.8418,43.2056],[101.8944,43.2078],[101.9111,43.2152],[101.9188,43.2317],[101.9298,43.2349],[101.9294,43.2574],[101.9344,43.271],[101.9303,43.279],[102.0178,43.3776],[101.921,43.5044],[101.8531,43.5623],[101.7865,43.6242],[101.7748,43.6554],[101.7422,44.0418],[101.3553,43.9027],[101.2253,43.8539],[101.0237,43.8506],[100.8393,43.8455],[100.2862,43.8295],[100.0753,43.9896]]]}},{"type":"Feature","properties":{"aimagId":46,"aimagName":"Өмнөговь","asCode":4628,"soumId":28,"name":"Сэврэй","nameEn":"Sevrei"},"geometry":{"type":"Polygon","coordinates":[[[102.966,44.1722],[102.8996,44.1755],[102.754,44.1678],[102.6606,44.1669],[102.3935,44.1835],[102.2442,44.1584],[102.0588,44.1433],[102.0039,44.1289],[101.9434,44.1065],[101.9179,44.0956],[101.7423,44.0419],[101.7422,44.0418],[101.7748,43.6554],[101.7865,43.6242],[101.8531,43.5623],[101.921,43.5044],[102.0178,43.3776],[102.1561,43.3627],[102.1908,43.3581],[102.2158,43.3496],[102.3581,43.3572],[102.4689,43.3557],[102.5383,43.3599],[102.6527,43.3284],[102.6774,43.3227],[102.6979,43.309],[102.7768,43.2881],[102.8476,43.2725],[102.8729,43.2571],[102.8883,43.3703],[102.8922,43.3918],[102.8895,43.4198],[102.9098,43.5238],[102.9074,43.5482],[102.8606,43.6514],[102.9622,43.7516],[102.9817,43.8277],[102.9928,43.8573],[103.004,43.8636],[103.0144,43.8842],[103.0191,43.9158],[103.0074,43.9435],[103.0057,43.968],[103.0153,44.007],[103.0192,44.0137],[103.0171,44.0405],[103.0076,44.0624],[103.0031,44.0809],[103.0005,44.1181],[102.9661,44.1435],[102.966,44.1722]]]}},{"type":"Feature","properties":{"aimagId":46,"aimagName":"Өмнөговь","asCode":4643,"soumId":43,"name":"Цогтцэций","nameEn":"Cogt-Cecii"},"geometry":{"type":"Polygon","coordinates":[[[106.3053,44.2087],[106.2067,44.1891],[106.0416,44.1643],[105.9276,44.2036],[105.828,44.2452],[105.6936,44.1662],[105.5927,44.1079],[105.5426,44.0589],[105.453,44.004],[105.3891,43.9828],[105.3182,43.9758],[105.2592,43.9672],[105.2696,43.8422],[105.2614,43.7297],[105.2776,43.578],[105.285,43.5358],[105.3859,43.4888],[105.6095,43.3684],[105.7524,43.3631],[105.9235,43.4099],[105.9908,43.4261],[106.2033,43.4623],[106.4342,43.3807],[106.4306,43.4462],[106.4362,43.4786],[106.4824,43.5718],[106.5116,43.6366],[106.5172,43.6983],[106.5122,43.728],[106.4735,43.7683],[106.3746,43.887],[106.3422,43.9006],[106.3162,44.0715],[106.3129,44.1438],[106.3053,44.2087]]]}},{"type":"Feature","properties":{"aimagId":46,"aimagName":"Өмнөговь","asCode":4634,"soumId":34,"name":"Ханхонгор","nameEn":"Xanxongor"},"geometry":{"type":"Polygon","coordinates":[[[104.4759,44.2163],[104.2758,44.2395],[104.1291,44.2695],[104.1185,44.1482],[104.1142,43.9686],[104.0266,43.9027],[103.8374,43.7549],[103.8848,43.7185],[103.9445,43.6884],[103.9904,43.6566],[104.0473,43.5679],[104.0111,43.5082],[104.0294,43.4758],[104.1219,43.4178],[104.213,43.3062],[104.2893,43.2471],[104.2819,43.1356],[104.396,43.116],[104.6525,43.134],[104.9009,43.148],[105.1513,43.1835],[105.2591,43.2303],[105.3845,43.4064],[105.3859,43.4888],[105.285,43.5358],[105.2776,43.578],[105.2614,43.7297],[105.2696,43.8422],[105.2592,43.9672],[105.151,43.9601],[105.0964,43.9658],[104.8498,44.0087],[104.6143,44.1202],[104.4759,44.2163]],[[104.4383,43.5537],[104.4107,43.5467],[104.3984,43.5515],[104.3981,43.5708],[104.4077,43.593],[104.4362,43.6011],[104.4541,43.598],[104.4661,43.5906],[104.4575,43.5709],[104.4383,43.5537]]]}},{"type":"Feature","properties":{"aimagId":46,"aimagName":"Өмнөговь","asCode":4619,"soumId":19,"name":"Манлай","nameEn":"Manlai"},"geometry":{"type":"Polygon","coordinates":[[[107.9882,43.5325],[107.9665,43.635],[107.9853,43.6688],[107.9844,43.7239],[107.9134,43.8177],[107.8714,43.9281],[107.8482,43.9713],[107.8123,44.0575],[107.7875,44.1339],[107.7684,44.1459],[107.6983,44.2485],[107.6553,44.3163],[107.6681,44.3608],[107.7011,44.4665],[107.7086,44.5317],[107.4416,44.4831],[107.3232,44.5182],[107.2232,44.502],[107.1452,44.4848],[106.791,44.4209],[106.6593,44.3671],[106.5317,44.3135],[106.474,44.2817],[106.4217,44.2748],[106.3053,44.2087],[106.3129,44.1438],[106.3162,44.0715],[106.3422,43.9006],[106.3746,43.887],[106.4735,43.7683],[106.5122,43.728],[106.5172,43.6983],[106.5116,43.6366],[106.4824,43.5718],[106.4362,43.4786],[106.4306,43.4462],[106.4342,43.3807],[106.4621,43.3741],[106.7463,43.4278],[106.8905,43.4697],[107.0872,43.4909],[107.2037,43.4796],[107.4271,43.5097],[107.5583,43.4985],[107.7577,43.5283],[107.9882,43.5325]]]}},{"type":"Feature","properties":{"aimagId":44,"aimagName":"Дорноговь","asCode":4431,"soumId":31,"name":"Улаанбадрах","nameEn":"Ulaanbadrax"},"geometry":{"type":"Polygon","coordinates":[[[111.4522,43.4912],[111.3194,43.6221],[111.2387,43.7075],[111.0081,43.8111],[110.8624,43.883],[110.8281,43.9289],[110.7858,43.9815],[110.7671,44.0149],[110.799,44.0836],[110.7512,44.1805],[110.5421,44.1668],[110.4817,44.1857],[110.4702,44.1947],[110.455,44.1974],[110.4181,44.2212],[110.3876,44.2514],[110.3747,44.2812],[110.3671,44.2915],[110.3594,44.3124],[110.3384,44.3417],[110.3132,44.3867],[110.2889,44.4383],[110.2805,44.5113],[110.2797,44.5508],[110.2819,44.5562],[110.2754,44.5978],[110.2543,44.5696],[110.2376,44.5565],[110.1661,44.516],[110.1076,44.4671],[110.0779,44.4295],[110.0822,44.3649],[110.0507,44.3232],[110.0336,44.2751],[109.9755,44.2629],[109.9771,44.3925],[109.932,44.3912],[109.7966,44.3903],[109.641,44.3716],[109.5264,44.4563],[109.3678,44.3721],[109.3522,44.3565],[109.3147,44.3077],[109.3019,44.2887],[109.1929,44.2186],[109.1719,44.0876],[109.1527,43.9325],[109.2056,43.931],[109.4289,43.9221],[109.5304,44.0158],[109.8525,43.8295],[109.9069,43.6829],[110.0266,43.63],[110.0929,43.5587],[110.1921,43.492],[110.3909,43.4388],[110.5603,43.3974],[110.7853,43.3667],[110.8723,43.3298],[110.9625,43.286],[110.9938,43.3134],[111.0211,43.33],[111.0571,43.3482],[111.0623,43.3551],[111.147,43.3769],[111.1718,43.3906],[111.2255,43.4051],[111.2601,43.4162],[111.3184,43.4292],[111.3361,43.4312],[111.3569,43.4391],[111.3931,43.4711],[111.4522,43.4912]]]}},{"type":"Feature","properties":{"aimagId":46,"aimagName":"Өмнөговь","asCode":4640,"soumId":40,"name":"Цогт-Овоо","nameEn":"Cogt-Ovoo"},"geometry":{"type":"Polygon","coordinates":[[[105.0994,44.7093],[104.8712,44.6906],[104.6834,44.7144],[104.5845,44.5727],[104.5756,44.4923],[104.5703,44.4801],[104.5606,44.4185],[104.5618,44.3888],[104.5371,44.3524],[104.4759,44.2163],[104.6143,44.1202],[104.8498,44.0087],[105.0964,43.9658],[105.151,43.9601],[105.2592,43.9672],[105.3182,43.9758],[105.3891,43.9828],[105.453,44.004],[105.5426,44.0589],[105.5927,44.1079],[105.6936,44.1662],[105.828,44.2452],[105.7644,44.2978],[105.7108,44.3166],[105.73,44.3967],[105.6439,44.4514],[105.4746,44.6893],[105.2294,44.6975],[105.0994,44.7093]]]}},{"type":"Feature","properties":{"aimagId":44,"aimagName":"Дорноговь","asCode":4401,"soumId":1,"name":"Сайншанд","nameEn":"Sainshand"},"geometry":{"type":"Polygon","coordinates":[[[109.5264,44.4563],[109.641,44.3716],[109.7966,44.3903],[109.932,44.3912],[109.9771,44.3925],[109.9755,44.2629],[110.0336,44.2751],[110.0507,44.3232],[110.0822,44.3649],[110.0779,44.4295],[110.1076,44.4671],[110.1661,44.516],[110.2376,44.5565],[110.2543,44.5696],[110.2754,44.5978],[110.282,44.605],[110.2556,44.6293],[110.2554,44.6581],[110.178,44.7663],[110.1532,44.794],[110.2023,44.8609],[110.2295,44.9114],[110.1639,44.9484],[110.091,44.986],[110.0819,44.9801],[110.03,44.945],[109.9718,44.8141],[109.7668,44.7374],[109.6209,44.6076],[109.5264,44.4563]]]}},{"type":"Feature","properties":{"aimagId":46,"aimagName":"Өмнөговь","asCode":4610,"soumId":10,"name":"Булган","nameEn":"Bulgan"},"geometry":{"type":"Polygon","coordinates":[[[104.1291,44.2695],[104.054,44.2728],[103.9427,44.2922],[103.8158,44.351],[103.8233,44.3769],[103.7997,44.4218],[103.7613,44.4581],[103.4986,44.6224],[103.3826,44.7463],[103.3025,44.7997],[103.2542,44.8363],[103.1445,44.7008],[103.0444,44.545],[103.0144,44.4356],[102.9146,44.389],[102.8523,44.3107],[102.8755,44.2822],[102.9153,44.2476],[102.9546,44.2171],[102.966,44.1722],[102.9661,44.1435],[103.0005,44.1181],[103.0031,44.0809],[103.0076,44.0624],[103.0171,44.0405],[103.0192,44.0137],[103.0153,44.007],[103.0057,43.968],[103.0074,43.9435],[103.0191,43.9158],[103.0144,43.8842],[103.004,43.8636],[102.9928,43.8573],[102.9817,43.8277],[102.9622,43.7516],[103.0642,43.7796],[103.1282,43.8328],[103.1709,43.8487],[103.1791,43.8592],[103.2641,43.8366],[103.3277,43.8065],[103.4951,43.7694],[103.5248,43.7635],[103.5825,43.764],[103.6337,43.7756],[103.6528,43.7671],[103.7164,43.7739],[103.7518,43.7714],[103.7631,43.7744],[103.8374,43.7549],[104.0266,43.9027],[104.1142,43.9686],[104.1185,44.1482],[104.1291,44.2695]]]}},{"type":"Feature","properties":{"aimagId":44,"aimagName":"Дорноговь","asCode":4440,"soumId":40,"name":"Эрдэнэ","nameEn":"Erdene"},"geometry":{"type":"Polygon","coordinates":[[[111.8671,43.9383],[111.7756,44.0039],[111.7406,44.013],[111.6794,44.0426],[111.6551,44.063],[111.5999,44.1163],[111.5916,44.135],[111.5578,44.1666],[111.5339,44.2108],[111.5314,44.234],[111.5226,44.2436],[111.5278,44.2633],[111.5105,44.2854],[111.4978,44.2965],[111.4817,44.3039],[111.4241,44.3195],[111.4113,44.3558],[111.4212,44.3811],[111.4232,44.3942],[111.475,44.4867],[111.4994,44.5058],[111.5094,44.5082],[111.5263,44.5498],[111.5558,44.5652],[111.5628,44.5748],[111.5551,44.6441],[111.5666,44.678],[111.5778,44.7042],[111.6187,44.7774],[111.6414,44.804],[111.5706,44.8319],[111.4499,44.877],[111.3859,44.8748],[111.2919,44.8392],[111.1226,44.7719],[111.0455,44.7049],[110.9366,44.6112],[110.587,44.6179],[110.4707,44.571],[110.4494,44.5745],[110.2754,44.5978],[110.2819,44.5562],[110.2797,44.5508],[110.2805,44.5113],[110.2889,44.4383],[110.3132,44.3867],[110.3384,44.3417],[110.3594,44.3124],[110.3671,44.2915],[110.3747,44.2812],[110.3876,44.2514],[110.4181,44.2212],[110.455,44.1974],[110.4702,44.1947],[110.4817,44.1857],[110.5421,44.1668],[110.7512,44.1805],[110.799,44.0836],[110.7671,44.0149],[110.7858,43.9815],[110.8281,43.9289],[110.8624,43.883],[111.0081,43.8111],[111.2387,43.7075],[111.3194,43.6221],[111.4522,43.4912],[111.5021,43.4865],[111.5585,43.488],[111.5998,43.5102],[111.787,43.6693],[111.7522,43.6898],[111.7346,43.7896],[111.6659,43.8883],[111.8059,43.9291],[111.8671,43.9383]]]}},{"type":"Feature","properties":{"aimagId":44,"aimagName":"Дорноговь","asCode":4422,"soumId":22,"name":"Мандах","nameEn":"Mandax"},"geometry":{"type":"Polygon","coordinates":[[[109.1929,44.2186],[109.0662,44.2802],[108.9867,44.3735],[108.9409,44.3994],[108.8237,44.4416],[108.6937,44.4822],[108.669,44.5642],[108.613,44.6622],[108.5062,44.6943],[108.4732,44.7172],[108.3966,44.7547],[108.429,44.8216],[108.4243,44.9013],[108.3921,44.8949],[108.3615,44.8851],[108.1716,44.8805],[108.1071,44.8785],[107.8704,44.8594],[107.8436,44.7965],[107.8078,44.7505],[107.7912,44.6949],[107.7861,44.6086],[107.7086,44.5317],[107.7011,44.4665],[107.6681,44.3608],[107.6553,44.3163],[107.6983,44.2485],[107.7684,44.1459],[107.7875,44.1339],[107.8123,44.0575],[107.8482,43.9713],[107.8714,43.9281],[107.9134,43.8177],[107.9844,43.7239],[107.9853,43.6688],[107.9665,43.635],[107.9882,43.5325],[108.1459,43.5458],[108.2352,43.5578],[108.3668,43.5282],[108.4711,43.5199],[108.6081,43.4883],[108.8462,43.651],[108.9096,43.7193],[108.95,43.7652],[108.996,43.7974],[109.048,43.828],[109.1355,43.903],[109.1527,43.9325],[109.1719,44.0876],[109.1929,44.2186]]]}},{"type":"Feature","properties":{"aimagId":64,"aimagName":"Баянхонгор","asCode":6455,"soumId":55,"name":"Шинэжинст","nameEn":"Shinejinst"},"geometry":{"type":"Polygon","coordinates":[[[99.9908,44.0591],[99.9901,44.0775],[99.973,44.1387],[99.983,44.1855],[99.986,44.2108],[99.9806,44.2288],[99.9671,44.2402],[99.9745,44.2474],[99.9718,44.2578],[99.9345,44.2958],[99.9048,44.31],[99.898,44.3232],[99.9004,44.3658],[99.9077,44.3837],[99.8399,44.4103],[99.8258,44.438],[99.801,44.4681],[99.8079,44.4851],[99.7814,44.5106],[99.7514,44.515],[99.7286,44.5218],[99.7092,44.5323],[99.725,44.553],[99.7224,44.5614],[99.6678,44.5849],[99.67,44.7465],[99.6234,44.8467],[99.617,44.8475],[99.545,44.8708],[99.4084,44.9064],[99.3313,44.8736],[99.2461,44.8607],[99.1478,44.7881],[99.1461,44.761],[99.127,44.7466],[99.1106,44.7385],[99.0849,44.7011],[99.0835,44.6704],[99.0705,44.6455],[99.0742,44.6079],[99.0664,44.5895],[98.9946,44.547],[98.9898,44.5291],[98.9257,44.4784],[98.8401,44.4471],[98.7957,44.4284],[98.7459,44.3375],[98.696,44.2924],[98.6742,44.2697],[98.6398,44.2466],[98.7502,44.1372],[98.7574,44.1053],[98.7478,44.0904],[98.7576,44.0485],[98.7433,44.0173],[98.756,43.9934],[98.7415,43.9017],[98.8356,43.8081],[98.851,43.7395],[98.8511,43.7097],[98.8479,43.6889],[98.8316,43.6784],[98.8052,43.5911],[98.802,43.5272],[98.7888,43.4942],[98.7953,43.443],[98.7574,43.3834],[98.6787,43.3023],[98.7342,43.2174],[98.7206,43.122],[98.6971,43.0906],[98.6724,43.0477],[98.6889,42.972],[98.6326,42.9211],[98.6234,42.9115],[98.6398,42.8995],[98.6374,42.8919],[98.6132,42.8813],[98.635,42.834],[98.6125,42.8229],[98.6076,42.8166],[98.6029,42.7775],[98.6249,42.6715],[98.6479,42.6577],[98.6417,42.6302],[98.9485,42.6067],[99.2894,42.5822],[99.5032,42.5663],[99.6319,42.5892],[99.5985,42.6652],[99.5908,42.7554],[99.5764,42.9155],[99.4951,43.2358],[99.426,44.1184],[99.6681,44.1424],[99.7621,44.1631],[99.9908,44.0591]]]}},{"type":"Feature","properties":{"aimagId":64,"aimagName":"Баянхонгор","asCode":6413,"soumId":13,"name":"Баянлиг","nameEn":"Bayanlig"},"geometry":{"type":"Polygon","coordinates":[[[101.5429,44.787],[101.5264,44.8024],[101.4847,44.8063],[101.3779,44.8216],[101.3662,44.8668],[101.3264,44.8619],[101.2543,44.8589],[101.2235,44.863],[101.1995,44.8634],[101.1496,44.8919],[101.1332,44.9389],[100.9777,44.9432],[100.9812,44.9205],[100.9768,44.9068],[100.9648,44.8902],[100.9484,44.8843],[100.9108,44.8817],[100.8481,44.8673],[100.78,44.8551],[100.6897,44.8327],[100.6222,44.8144],[100.5983,44.8001],[100.5805,44.7821],[100.5668,44.7247],[100.5011,44.7186],[100.4519,44.6483],[100.3712,44.602],[100.2952,44.5103],[100.1936,44.4638],[100.189,44.4316],[100.1725,44.3442],[100.1939,44.2801],[100.1557,44.1583],[100.1337,44.1079],[100.1074,44.0803],[100.0833,44.0727],[100.0764,44.0659],[100.0688,44.0414],[100.0827,44.0132],[100.0753,43.9896],[100.2862,43.8295],[100.8393,43.8455],[101.0237,43.8506],[101.2253,43.8539],[101.3553,43.9027],[101.7422,44.0418],[101.7423,44.0419],[101.7129,44.1258],[101.6825,44.2774],[101.6882,44.313],[101.6489,44.3776],[101.62,44.4887],[101.5841,44.5189],[101.5804,44.5476],[101.5469,44.6307],[101.5256,44.6516],[101.4985,44.6729],[101.5109,44.7079],[101.5429,44.787]]]}},{"type":"Feature","properties":{"aimagId":62,"aimagName":"Өвөрхангай","asCode":6216,"soumId":16,"name":"Богд","nameEn":"Bogd"},"geometry":{"type":"Polygon","coordinates":[[[102.8275,44.9171],[102.7418,44.8986],[102.6211,44.9073],[102.5436,44.9096],[102.3578,44.935],[102.3056,44.9966],[102.3017,45.0266],[102.2022,45.0185],[102.0961,45.0112],[102.0622,45.0216],[102.0212,45.0125],[102.0047,45.0126],[101.9731,44.9986],[101.8813,44.9705],[101.863,44.9836],[101.7559,44.9112],[101.7079,44.877],[101.6307,44.8399],[101.5501,44.8574],[101.5563,44.8194],[101.5429,44.787],[101.5109,44.7079],[101.4985,44.6729],[101.5256,44.6516],[101.5469,44.6307],[101.5804,44.5476],[101.5841,44.5189],[101.62,44.4887],[101.6489,44.3776],[101.6882,44.313],[101.6825,44.2774],[101.7129,44.1258],[101.7423,44.0419],[101.9179,44.0956],[101.9434,44.1065],[102.0039,44.1289],[102.0588,44.1433],[102.2442,44.1584],[102.3935,44.1835],[102.6606,44.1669],[102.754,44.1678],[102.8996,44.1755],[102.966,44.1722],[102.9546,44.2171],[102.9153,44.2476],[102.8755,44.2822],[102.8523,44.3107],[102.9146,44.389],[103.0144,44.4356],[103.0444,44.545],[103.1445,44.7008],[103.2542,44.8363],[103.0806,44.8232],[103.0021,44.9431],[102.9891,44.945],[102.8275,44.9171]]]}},{"type":"Feature","properties":{"aimagId":64,"aimagName":"Баянхонгор","asCode":6419,"soumId":19,"name":"Баян-Өндөр","nameEn":"Bayan-O'ndor"},"geometry":{"type":"Polygon","coordinates":[[[99.1478,44.7881],[99.1129,44.7941],[99.0266,44.8371],[98.9724,44.8466],[98.9533,44.8783],[98.9026,44.893],[98.8636,44.8976],[98.8479,44.9042],[98.8015,44.8952],[98.7813,44.908],[98.7585,44.9175],[98.7294,44.9361],[98.7145,44.96],[98.7089,44.9628],[98.5755,44.9712],[98.4644,44.9762],[98.4395,44.9956],[98.3787,45.0261],[98.3547,45.0293],[98.3272,45.0394],[98.2478,44.9456],[98.2377,44.885],[98.2427,44.8536],[98.2134,44.8371],[98.2637,44.7212],[98.2215,44.6361],[98.1987,44.5216],[98.1055,44.4527],[98.0099,44.4282],[97.9481,44.4108],[97.9511,44.4038],[97.9696,44.0876],[97.9901,44.0775],[97.9702,44.0397],[97.9717,44.0187],[97.9802,44.013],[97.9889,43.997],[97.9824,43.9807],[97.9795,43.9489],[97.9696,43.9095],[97.9676,43.8711],[97.9706,43.8595],[97.9678,43.844],[97.959,43.8272],[97.9487,43.7988],[97.9526,43.7829],[97.9408,43.7597],[97.9438,43.7481],[97.9336,43.7232],[97.9426,43.7173],[97.9489,43.6955],[97.948,43.6665],[97.9734,43.6349],[97.9639,43.6195],[97.9579,43.5952],[97.9401,43.575],[97.905,43.5441],[97.901,43.5311],[97.924,43.5144],[97.9062,43.4836],[97.8984,43.4759],[97.8628,43.409],[97.8459,43.389],[97.8443,43.3701],[97.8273,43.3524],[97.7877,43.3273],[97.7755,43.3146],[97.7799,43.3003],[97.8212,43.0315],[97.8282,42.8956],[97.8647,42.6998],[98.1959,42.6529],[98.5446,42.6375],[98.6417,42.6302],[98.6479,42.6577],[98.6249,42.6715],[98.6029,42.7775],[98.6076,42.8166],[98.6125,42.8229],[98.635,42.834],[98.6132,42.8813],[98.6374,42.8919],[98.6398,42.8995],[98.6234,42.9115],[98.6326,42.9211],[98.6889,42.972],[98.6724,43.0477],[98.6971,43.0906],[98.7206,43.122],[98.7342,43.2174],[98.6787,43.3023],[98.7574,43.3834],[98.7953,43.443],[98.7888,43.4942],[98.802,43.5272],[98.8052,43.5911],[98.8316,43.6784],[98.8479,43.6889],[98.8511,43.7097],[98.851,43.7395],[98.8356,43.8081],[98.7415,43.9017],[98.756,43.9934],[98.7433,44.0173],[98.7576,44.0485],[98.7478,44.0904],[98.7574,44.1053],[98.7502,44.1372],[98.6398,44.2466],[98.6742,44.2697],[98.696,44.2924],[98.7459,44.3375],[98.7957,44.4284],[98.8401,44.4471],[98.9257,44.4784],[98.9898,44.5291],[98.9946,44.547],[99.0664,44.5895],[99.0742,44.6079],[99.0705,44.6455],[99.0835,44.6704],[99.0849,44.7011],[99.1106,44.7385],[99.127,44.7466],[99.1461,44.761],[99.1478,44.7881]]]}},{"type":"Feature","properties":{"aimagId":64,"aimagName":"Баянхонгор","asCode":6410,"soumId":10,"name":"Баянговь","nameEn":"Bayangovi"},"geometry":{"type":"Polygon","coordinates":[[[100.2324,44.9923],[100.2021,45.0032],[100.1822,45.018],[100.1529,45.0335],[100.0581,45.0424],[99.9701,45.0418],[99.919,45.0444],[99.8697,45.0637],[99.7948,45.076],[99.7072,45.0683],[99.6691,45.042],[99.6438,45.0408],[99.6231,45.0061],[99.6234,44.8467],[99.67,44.7465],[99.6678,44.5849],[99.7224,44.5614],[99.725,44.553],[99.7092,44.5323],[99.7286,44.5218],[99.7514,44.515],[99.7814,44.5106],[99.8079,44.4851],[99.801,44.4681],[99.8258,44.438],[99.8399,44.4103],[99.9077,44.3837],[99.9004,44.3658],[99.898,44.3232],[99.9048,44.31],[99.9345,44.2958],[99.9718,44.2578],[99.9745,44.2474],[99.9671,44.2402],[99.9806,44.2288],[99.986,44.2108],[99.983,44.1855],[99.973,44.1387],[99.9901,44.0775],[99.9908,44.0591],[100.0753,43.9896],[100.0827,44.0132],[100.0688,44.0414],[100.0764,44.0659],[100.0833,44.0727],[100.1074,44.0803],[100.1337,44.1079],[100.1557,44.1583],[100.1939,44.2801],[100.1725,44.3442],[100.189,44.4316],[100.1936,44.4638],[100.2952,44.5103],[100.3712,44.602],[100.4519,44.6483],[100.5011,44.7186],[100.5668,44.7247],[100.5805,44.7821],[100.5666,44.8083],[100.5658,44.8199],[100.5576,44.8309],[100.56,44.8462],[100.5555,44.8569],[100.5323,44.8726],[100.5056,44.8848],[100.481,44.8929],[100.4537,44.9203],[100.4228,44.9338],[100.3937,44.9406],[100.3477,44.9261],[100.3103,44.9303],[100.298,44.9471],[100.2324,44.9923]]]}},{"type":"Feature","properties":{"aimagId":46,"aimagName":"Өмнөговь","asCode":4616,"soumId":16,"name":"Мандал-Овоо","nameEn":"Mandal-Ovoo"},"geometry":{"type":"Polygon","coordinates":[[[104.117,45.1538],[103.9464,45.1605],[103.7898,45.1737],[103.7433,45.1344],[103.6009,45.0074],[103.5786,44.9859],[103.3848,44.907],[103.3121,44.8759],[103.2862,44.8634],[103.2542,44.8363],[103.3025,44.7997],[103.3826,44.7463],[103.4986,44.6224],[103.7613,44.4581],[103.7997,44.4218],[103.8233,44.3769],[103.8158,44.351],[103.9427,44.2922],[104.054,44.2728],[104.1291,44.2695],[104.2758,44.2395],[104.4759,44.2163],[104.5371,44.3524],[104.5618,44.3888],[104.5606,44.4185],[104.5703,44.4801],[104.5756,44.4923],[104.5845,44.5727],[104.6834,44.7144],[104.5743,44.7387],[104.4779,44.7539],[104.234,44.8191],[104.1714,44.9463],[104.1272,45.0574],[104.132,45.0891],[104.1225,45.1177],[104.1264,45.1444],[104.117,45.1538]]]}},{"type":"Feature","properties":{"aimagId":82,"aimagName":"Говь-Алтай","asCode":8204,"soumId":4,"name":"Алтай","nameEn":"Altai"},"geometry":{"type":"Polygon","coordinates":[[[94.9518,45.2579],[94.8192,45.3171],[94.8021,45.09],[94.5828,44.9446],[94.4677,44.8979],[94.4635,44.5099],[94.4904,44.4986],[94.5043,44.4863],[94.5559,44.4591],[94.6029,44.4468],[94.6617,44.3998],[94.6717,44.3938],[94.7128,44.345],[94.7238,44.3391],[94.7659,44.34],[94.7842,44.3369],[94.7954,44.3279],[94.8238,44.3179],[94.8686,44.3095],[94.8824,44.3091],[94.8986,44.2994],[94.9099,44.3008],[94.9439,44.2892],[94.9495,44.282],[94.9778,44.2594],[94.9986,44.2509],[95.1235,44.2669],[95.1884,44.27],[95.2515,44.2781],[95.3126,44.2843],[95.3673,44.2886],[95.4038,44.2951],[95.426,44.28],[95.4226,44.2648],[95.4057,44.2411],[95.3731,44.2263],[95.3525,44.1666],[95.3476,44.0893],[95.3381,44.0611],[95.3232,44.0259],[95.3726,44.0244],[95.4231,44.0083],[95.446,44.0048],[95.5228,44.0051],[95.5731,43.9259],[95.623,43.8519],[95.6475,43.7764],[95.7116,43.6531],[95.7359,43.5944],[95.8576,43.4137],[95.8771,43.2772],[95.9092,43.2356],[96.1073,43.0898],[96.1626,43.0483],[96.2824,42.9596],[96.3628,42.8989],[96.3824,42.9808],[96.357,43.1813],[96.3467,43.353],[96.3027,43.9336],[96.2929,44.1],[96.2746,44.2507],[96.2845,44.3389],[96.3054,44.5109],[96.3013,44.6473],[96.2186,44.8088],[96.2044,44.9271],[96.0079,45.031],[95.9274,45.0589],[95.7548,45.1318],[95.6495,45.1741],[95.2809,45.2699],[95.1692,45.2615],[94.9518,45.2579]]]}},{"type":"Feature","properties":{"aimagId":44,"aimagName":"Дорноговь","asCode":4428,"soumId":28,"name":"Сайхандулаан","nameEn":"Saixandulaan"},"geometry":{"type":"Polygon","coordinates":[[[109.786,45.3004],[109.6204,45.2678],[109.4215,45.3018],[109.3236,45.3466],[109.2342,45.2908],[109.1814,45.2608],[109.1605,45.2427],[109.1005,45.1578],[108.8971,45.1376],[108.6727,45.09],[108.4932,45.0616],[108.4243,44.9013],[108.429,44.8216],[108.3966,44.7547],[108.4732,44.7172],[108.5062,44.6943],[108.613,44.6622],[108.669,44.5642],[108.6937,44.4822],[108.8237,44.4416],[108.9409,44.3994],[108.9867,44.3735],[109.0662,44.2802],[109.1929,44.2186],[109.3019,44.2887],[109.3147,44.3077],[109.3522,44.3565],[109.3678,44.3721],[109.5264,44.4563],[109.6209,44.6076],[109.7668,44.7374],[109.9718,44.8141],[110.03,44.945],[110.0819,44.9801],[110.0701,45.0011],[110.0794,45.0172],[110.0829,45.0366],[110.0346,45.0905],[109.9635,45.1529],[109.9012,45.2029],[109.882,45.2117],[109.786,45.3004]]]}},{"type":"Feature","properties":{"aimagId":82,"aimagName":"Говь-Алтай","asCode":8252,"soumId":52,"name":"Эрдэнэ","nameEn":"Erdene"},"geometry":{"type":"Polygon","coordinates":[[[97.5175,45.3395],[97.4121,45.3518],[97.3287,45.3723],[97.3216,45.368],[97.3167,45.3521],[97.3227,45.3401],[97.3178,45.3317],[97.3242,45.3059],[97.3208,45.2905],[97.2978,45.2514],[97.3059,45.239],[97.2958,45.2221],[97.2847,45.2118],[97.2688,45.1834],[97.259,45.1812],[97.2378,45.1625],[97.237,45.1471],[97.2263,45.135],[97.198,45.1197],[97.1929,45.1108],[97.1623,45.1019],[97.1309,45.0875],[97.1169,45.0761],[97.1114,45.0614],[97.0933,45.0546],[97.091,45.035],[97.0851,45.0252],[97.0668,45.0134],[97.0254,44.8347],[96.9885,44.7425],[96.9531,44.5487],[96.9177,43.6561],[96.6876,43.5491],[96.6887,43.3345],[96.6874,43.3178],[96.6681,42.9491],[96.6478,42.8349],[96.7482,42.7549],[96.9777,42.7543],[97.1715,42.7946],[97.4645,42.755],[97.8647,42.6998],[97.8282,42.8956],[97.8212,43.0315],[97.7799,43.3003],[97.7755,43.3146],[97.7877,43.3273],[97.8273,43.3524],[97.8443,43.3701],[97.8459,43.389],[97.8628,43.409],[97.8984,43.4759],[97.9062,43.4836],[97.924,43.5144],[97.901,43.5311],[97.905,43.5441],[97.9401,43.575],[97.9579,43.5952],[97.9639,43.6195],[97.9734,43.6349],[97.948,43.6665],[97.9489,43.6955],[97.9426,43.7173],[97.9336,43.7232],[97.9438,43.7481],[97.9408,43.7597],[97.9526,43.7829],[97.9487,43.7988],[97.959,43.8272],[97.9678,43.844],[97.9706,43.8595],[97.9676,43.8711],[97.9696,43.9095],[97.9795,43.9489],[97.9824,43.9807],[97.9889,43.997],[97.9802,44.013],[97.9717,44.0187],[97.9702,44.0397],[97.9901,44.0775],[97.9696,44.0876],[97.9511,44.4038],[97.9481,44.4108],[98.0099,44.4282],[98.1055,44.4527],[98.1987,44.5216],[98.2215,44.6361],[98.2637,44.7212],[98.2134,44.8371],[98.2427,44.8536],[98.2377,44.885],[98.2478,44.9456],[98.3272,45.0394],[98.2459,45.0806],[98.036,45.1877],[97.8964,45.2046],[97.8038,45.2556],[97.7578,45.2704],[97.7455,45.2713],[97.7241,45.2853],[97.7171,45.2956],[97.5969,45.338],[97.5175,45.3395]]]}},{"type":"Feature","properties":{"aimagId":48,"aimagName":"Дундговь","asCode":4828,"soumId":28,"name":"Өлзийт","nameEn":"O'lziit"},"geometry":{"type":"Polygon","coordinates":[[[106.3831,45.4089],[106.2007,45.4234],[106.077,45.294],[106.0347,45.2505],[106.0303,45.2466],[106.0282,45.1472],[106.0593,45.1076],[106.1401,45.0527],[106.1265,45.0194],[106.1176,45.0045],[106.0557,44.8053],[105.8754,44.7873],[105.8249,44.7779],[105.6032,44.7292],[105.4746,44.6893],[105.6439,44.4514],[105.73,44.3967],[105.7108,44.3166],[105.7644,44.2978],[105.828,44.2452],[105.9276,44.2036],[106.0416,44.1643],[106.2067,44.1891],[106.3053,44.2087],[106.4217,44.2748],[106.474,44.2817],[106.5317,44.3135],[106.6593,44.3671],[106.791,44.4209],[107.1452,44.4848],[107.2232,44.502],[107.3232,44.5182],[107.4416,44.4831],[107.7086,44.5317],[107.7861,44.6086],[107.7912,44.6949],[107.8078,44.7505],[107.8436,44.7965],[107.8704,44.8594],[107.7961,44.9383],[107.7809,44.9573],[107.6678,45.1426],[107.5987,45.2342],[107.2777,45.3209],[106.9864,45.2275],[106.8779,45.2306],[106.6446,45.2387],[106.5665,45.3223],[106.4133,45.3465],[106.3831,45.4089]]]}},{"type":"Feature","properties":{"aimagId":22,"aimagName":"Сүхбаатар","asCode":2216,"soumId":16,"name":"Наран","nameEn":"Naran"},"geometry":{"type":"Polygon","coordinates":[[[114.1763,45.0354],[114.0793,45.0493],[113.9193,45.172],[113.8866,45.1909],[113.7382,45.2645],[113.7347,45.2728],[113.6903,45.2911],[113.6869,45.2967],[113.6645,45.3028],[113.6567,45.3139],[113.6553,45.3354],[113.6379,45.3383],[113.6157,45.3565],[113.6143,45.4329],[113.6118,45.4745],[113.5734,45.503],[113.4739,45.501],[113.52,45.4361],[113.5064,45.3865],[113.421,45.291],[113.3787,45.2342],[113.2732,45.1035],[113.2532,45.0818],[113.1963,44.9887],[113.1773,44.9247],[113.1449,44.8633],[113.1162,44.8123],[113.1194,44.7967],[113.3904,44.7818],[113.4994,44.7753],[113.5199,44.768],[113.5382,44.7571],[113.595,44.7497],[113.6281,44.7435],[113.6443,44.7508],[113.6951,44.7783],[113.7944,44.8491],[113.8153,44.8527],[113.8398,44.8618],[113.8588,44.8648],[113.8594,44.8726],[113.8826,44.88],[113.8802,44.8909],[113.8986,44.8985],[113.9002,44.9103],[113.9111,44.9131],[113.9334,44.9119],[113.9767,44.922],[113.9965,44.9249],[114.0553,44.9266],[114.1094,44.9535],[114.1528,44.9913],[114.1763,45.0354]]]}},{"type":"Feature","properties":{"aimagId":44,"aimagName":"Дорноговь","asCode":4425,"soumId":25,"name":"Өргөн","nameEn":"O'rgon"},"geometry":{"type":"Polygon","coordinates":[[[111.7316,45.519],[111.6717,45.5169],[111.5134,45.5125],[111.5018,45.5132],[111.4235,45.4728],[111.1611,45.4833],[111.1232,45.4809],[111.0286,45.4775],[110.9946,45.463],[110.954,45.2795],[110.9411,45.2061],[110.9053,45.1872],[110.8458,45.1656],[110.819,45.1403],[110.7922,45.1349],[110.7741,45.1276],[110.7067,45.1109],[110.6745,45.1002],[110.6365,45.0826],[110.6231,45.0688],[110.5813,45.0605],[110.5656,45.0544],[110.5009,45.0419],[110.434,45.0181],[110.4026,45.0114],[110.2295,44.9114],[110.2023,44.8609],[110.1532,44.794],[110.178,44.7663],[110.2554,44.6581],[110.2556,44.6293],[110.282,44.605],[110.2754,44.5978],[110.4494,44.5745],[110.4707,44.571],[110.587,44.6179],[110.9366,44.6112],[111.0455,44.7049],[111.1226,44.7719],[111.2919,44.8392],[111.3859,44.8748],[111.4499,44.877],[111.5706,44.8319],[111.6414,44.804],[111.6658,44.8391],[111.6947,44.8719],[111.7014,44.8873],[111.7353,44.9414],[111.7668,44.9784],[111.8004,44.9999],[111.8375,45.018],[111.8826,45.0438],[111.9519,45.0714],[111.9714,45.0837],[111.9634,45.215],[111.9867,45.2722],[111.9359,45.3192],[111.8445,45.3906],[111.8553,45.4526],[111.7732,45.5043],[111.7316,45.519]]]}},{"type":"Feature","properties":{"aimagId":62,"aimagName":"Өвөрхангай","asCode":6204,"soumId":4,"name":"Баруунбаян-Улаа","nameEn":"Baruunbayan-Ulaan"},"geometry":{"type":"Polygon","coordinates":[[[101.6659,45.5109],[101.5607,45.5171],[101.4531,45.5508],[101.2845,45.5507],[101.2222,45.5438],[101.1751,45.5195],[101.174,45.4872],[101.1099,45.4505],[101.1012,45.4287],[101.1158,45.3702],[101.1191,45.3478],[101.1098,45.3366],[101.0906,45.322],[101.0996,45.2947],[101.1221,45.127],[101.145,45.0474],[101.2026,44.985],[101.2226,44.9793],[101.3113,44.9764],[101.328,44.9581],[101.3845,44.9568],[101.3921,44.9433],[101.4093,44.926],[101.4104,44.9179],[101.4395,44.8995],[101.4658,44.8871],[101.486,44.8827],[101.507,44.8888],[101.5322,44.8873],[101.5526,44.8731],[101.5501,44.8574],[101.6307,44.8399],[101.7079,44.877],[101.7559,44.9112],[101.863,44.9836],[101.8794,45.0652],[101.8983,45.0959],[101.9174,45.1852],[101.9377,45.2283],[101.9414,45.2757],[101.8817,45.3382],[101.854,45.4187],[101.8294,45.4294],[101.7816,45.4593],[101.7145,45.4816],[101.6659,45.5109]]]}},{"type":"Feature","properties":{"aimagId":48,"aimagName":"Дундговь","asCode":4816,"soumId":16,"name":"Дэлгэрхангай","nameEn":"Delgerxangai"},"geometry":{"type":"Polygon","coordinates":[[[105.0165,45.4596],[104.9357,45.507],[104.8428,45.5912],[104.8128,45.5935],[104.7019,45.5824],[104.5982,45.5574],[104.5598,45.5385],[104.5491,45.5159],[104.3766,45.4388],[104.2514,45.3488],[104.2224,45.321],[104.0775,45.2406],[104.076,45.2331],[104.1106,45.2018],[104.1189,45.1896],[104.1239,45.1727],[104.117,45.1538],[104.1264,45.1444],[104.1225,45.1177],[104.132,45.0891],[104.1272,45.0574],[104.1714,44.9463],[104.234,44.8191],[104.4779,44.7539],[104.5743,44.7387],[104.6834,44.7144],[104.8712,44.6906],[105.0994,44.7093],[105.0263,44.8292],[105.0419,44.9533],[105.1461,44.9934],[105.1845,45.0071],[105.193,45.0155],[105.1976,45.0509],[105.213,45.1128],[105.182,45.2241],[105.0844,45.2647],[105.07,45.3006],[105.0558,45.3412],[105.0655,45.4195],[105.0165,45.4596]]]}},{"type":"Feature","properties":{"aimagId":64,"aimagName":"Баянхонгор","asCode":6425,"soumId":25,"name":"Богд","nameEn":"Bogd"},"geometry":{"type":"Polygon","coordinates":[[[101.2222,45.5438],[101.2453,45.5948],[101.238,45.635],[101.1887,45.6246],[101.0896,45.5924],[101.0786,45.5879],[101.0572,45.5719],[101.005,45.5793],[100.98,45.5777],[100.8931,45.5253],[100.8735,45.5167],[100.8591,45.4748],[100.8372,45.3857],[100.7854,45.336],[100.7579,45.3352],[100.6255,45.295],[100.5994,45.2795],[100.5377,45.274],[100.3969,45.255],[100.3503,45.153],[100.3507,45.055],[100.3238,45.0327],[100.3219,45.0261],[100.2324,44.9923],[100.298,44.9471],[100.3103,44.9303],[100.3477,44.9261],[100.3937,44.9406],[100.4228,44.9338],[100.4537,44.9203],[100.481,44.8929],[100.5056,44.8848],[100.5323,44.8726],[100.5555,44.8569],[100.56,44.8462],[100.5576,44.8309],[100.5658,44.8199],[100.5666,44.8083],[100.5805,44.7821],[100.5983,44.8001],[100.6222,44.8144],[100.6897,44.8327],[100.78,44.8551],[100.8481,44.8673],[100.9108,44.8817],[100.9484,44.8843],[100.9648,44.8902],[100.9768,44.9068],[100.9812,44.9205],[100.9777,44.9432],[101.1332,44.9389],[101.1496,44.8919],[101.1995,44.8634],[101.2235,44.863],[101.2543,44.8589],[101.3264,44.8619],[101.3662,44.8668],[101.3779,44.8216],[101.4847,44.8063],[101.5264,44.8024],[101.5429,44.787],[101.5563,44.8194],[101.5501,44.8574],[101.5526,44.8731],[101.5322,44.8873],[101.507,44.8888],[101.486,44.8827],[101.4658,44.8871],[101.4395,44.8995],[101.4104,44.9179],[101.4093,44.926],[101.3921,44.9433],[101.3845,44.9568],[101.328,44.9581],[101.3113,44.9764],[101.2226,44.9793],[101.2026,44.985],[101.145,45.0474],[101.1221,45.127],[101.0996,45.2947],[101.0906,45.322],[101.1098,45.3366],[101.1191,45.3478],[101.1158,45.3702],[101.1012,45.4287],[101.1099,45.4505],[101.174,45.4872],[101.1751,45.5195],[101.2222,45.5438]]]}},{"type":"Feature","properties":{"aimagId":48,"aimagName":"Дундговь","asCode":4837,"soumId":37,"name":"Хулд","nameEn":"Xuld"},"geometry":{"type":"Polygon","coordinates":[[[106.0347,45.2505],[105.9423,45.2539],[105.8327,45.2283],[105.8045,45.233],[105.7422,45.2818],[105.7045,45.3001],[105.6724,45.339],[105.6167,45.4003],[105.5384,45.4726],[105.4695,45.5584],[105.3771,45.6698],[105.2213,45.6586],[105.1936,45.6573],[105.0686,45.6283],[105.0622,45.5384],[105.0686,45.4967],[105.0165,45.4596],[105.0655,45.4195],[105.0558,45.3412],[105.07,45.3006],[105.0844,45.2647],[105.182,45.2241],[105.213,45.1128],[105.1976,45.0509],[105.193,45.0155],[105.1845,45.0071],[105.1461,44.9934],[105.0419,44.9533],[105.0263,44.8292],[105.0994,44.7093],[105.2294,44.6975],[105.4746,44.6893],[105.6032,44.7292],[105.8249,44.7779],[105.8754,44.7873],[106.0557,44.8053],[106.1176,45.0045],[106.1265,45.0194],[106.1401,45.0527],[106.0593,45.1076],[106.0282,45.1472],[106.0303,45.2466],[106.0347,45.2505]]]}},{"type":"Feature","properties":{"aimagId":48,"aimagName":"Дундговь","asCode":4831,"soumId":31,"name":"Өндөршил","nameEn":"O'ndorshil"},"geometry":{"type":"Polygon","coordinates":[[[108.5108,45.5855],[108.5139,45.6768],[108.3961,45.6739],[108.3074,45.6727],[108.1717,45.5886],[108.0869,45.5365],[107.8223,45.4176],[107.7593,45.304],[107.723,45.2872],[107.5987,45.2342],[107.6678,45.1426],[107.7809,44.9573],[107.7961,44.9383],[107.8704,44.8594],[108.1071,44.8785],[108.1716,44.8805],[108.3615,44.8851],[108.3921,44.8949],[108.4243,44.9013],[108.4932,45.0616],[108.6727,45.09],[108.5957,45.2264],[108.5877,45.2867],[108.5793,45.3091],[108.564,45.3644],[108.5467,45.4443],[108.535,45.5303],[108.5108,45.5855]]]}},{"type":"Feature","properties":{"aimagId":82,"aimagName":"Говь-Алтай","asCode":8240,"soumId":40,"name":"Цогт","nameEn":"Cogt"},"geometry":{"type":"Polygon","coordinates":[[[96.7384,45.6833],[96.5467,45.6949],[96.5021,45.7167],[96.4418,45.703],[96.2407,45.7242],[96.2393,45.7063],[96.2592,45.6953],[96.2594,45.6748],[96.2653,45.6682],[96.2664,45.6362],[96.2858,45.6128],[96.2035,45.5175],[96.1016,45.3424],[96.1006,45.283],[96.0951,45.2464],[96.0619,45.1063],[96.0617,45.075],[96.0079,45.031],[96.2044,44.9271],[96.2186,44.8088],[96.3013,44.6473],[96.3054,44.5109],[96.2845,44.3389],[96.2746,44.2507],[96.2929,44.1],[96.3027,43.9336],[96.3467,43.353],[96.357,43.1813],[96.3824,42.9808],[96.3628,42.8989],[96.3875,42.7246],[96.7482,42.7549],[96.6478,42.8349],[96.6681,42.9491],[96.6874,43.3178],[96.6887,43.3345],[96.6876,43.5491],[96.9177,43.6561],[96.9531,44.5487],[96.9885,44.7425],[97.0254,44.8347],[97.0668,45.0134],[97.0851,45.0252],[97.091,45.035],[97.0933,45.0546],[97.1114,45.0614],[97.1169,45.0761],[97.1309,45.0875],[97.1623,45.1019],[97.1929,45.1108],[97.198,45.1197],[97.2263,45.135],[97.237,45.1471],[97.2378,45.1625],[97.259,45.1812],[97.2688,45.1834],[97.2847,45.2118],[97.2958,45.2221],[97.3059,45.239],[97.2978,45.2514],[97.3208,45.2905],[97.3242,45.3059],[97.3178,45.3317],[97.3227,45.3401],[97.3167,45.3521],[97.3216,45.368],[97.3287,45.3723],[97.2273,45.3776],[97.0457,45.4561],[96.9956,45.4795],[96.935,45.5297],[96.9053,45.5261],[96.8705,45.5336],[96.8328,45.5491],[96.8147,45.5598],[96.8041,45.5758],[96.7543,45.6277],[96.7604,45.6447],[96.7384,45.6833]]]}},{"type":"Feature","properties":{"aimagId":62,"aimagName":"Өвөрхангай","asCode":6243,"soumId":43,"name":"Төгрөг","nameEn":"To'grog"},"geometry":{"type":"Polygon","coordinates":[[[103.7154,45.372],[103.6668,45.3604],[103.5216,45.3712],[103.4593,45.3858],[103.4054,45.4264],[103.3858,45.4586],[103.3294,45.4921],[103.2343,45.5323],[103.1542,45.6142],[103.1186,45.6958],[103.0058,45.7104],[102.9507,45.7375],[102.8934,45.776],[102.8511,45.7725],[102.8269,45.7428],[102.7942,45.7482],[102.742,45.7155],[102.7204,45.7129],[102.7189,45.6605],[102.7211,45.6105],[102.7052,45.5279],[102.6951,45.461],[102.6738,45.4044],[102.6879,45.3389],[102.7102,45.2844],[102.8283,45.1155],[102.8336,45.1046],[102.884,45.0375],[102.8453,44.9412],[102.8275,44.9171],[102.9891,44.945],[103.0021,44.9431],[103.0806,44.8232],[103.2542,44.8363],[103.2862,44.8634],[103.3121,44.8759],[103.3848,44.907],[103.5786,44.9859],[103.6009,45.0074],[103.7433,45.1344],[103.7898,45.1737],[103.7361,45.2864],[103.7744,45.3159],[103.7598,45.3652],[103.7154,45.372]]]}},{"type":"Feature","properties":{"aimagId":62,"aimagName":"Өвөрхангай","asCode":6222,"soumId":22,"name":"Гучин-Ус","nameEn":"Guchin-Us"},"geometry":{"type":"Polygon","coordinates":[[[102.7204,45.7129],[102.6666,45.725],[102.6195,45.7329],[102.5548,45.7494],[102.5066,45.763],[102.4582,45.7821],[102.4333,45.7334],[102.4255,45.696],[102.3857,45.6555],[102.352,45.6104],[102.2884,45.5797],[102.1868,45.5569],[102.1577,45.5432],[102.1084,45.4726],[102.0932,45.4325],[102.0645,45.4187],[102.0237,45.4101],[101.9712,45.3831],[101.8949,45.4078],[101.854,45.4187],[101.8817,45.3382],[101.9414,45.2757],[101.9377,45.2283],[101.9174,45.1852],[101.8983,45.0959],[101.8794,45.0652],[101.863,44.9836],[101.8813,44.9705],[101.9731,44.9986],[102.0047,45.0126],[102.0212,45.0125],[102.0622,45.0216],[102.0961,45.0112],[102.2022,45.0185],[102.3017,45.0266],[102.3056,44.9966],[102.3578,44.935],[102.5436,44.9096],[102.6211,44.9073],[102.7418,44.8986],[102.8275,44.9171],[102.8453,44.9412],[102.884,45.0375],[102.8336,45.1046],[102.8283,45.1155],[102.7102,45.2844],[102.6879,45.3389],[102.6738,45.4044],[102.6951,45.461],[102.7052,45.5279],[102.7211,45.6105],[102.7189,45.6605],[102.7204,45.7129]]]}},{"type":"Feature","properties":{"aimagId":64,"aimagName":"Баянхонгор","asCode":6422,"soumId":22,"name":"Баянцагаан","nameEn":"Bayancagaan"},"geometry":{"type":"Polygon","coordinates":[[[99.5923,45.1557],[99.4986,45.1622],[99.5015,45.2006],[99.4116,45.2371],[99.1872,45.2433],[99.1513,45.2558],[99.0773,45.2585],[99.0401,45.2669],[98.9975,45.2714],[98.9007,45.3129],[98.8574,45.3401],[98.8425,45.3833],[98.8542,45.4154],[98.9243,45.4402],[98.7497,45.8058],[98.4564,45.7555],[98.4752,45.5578],[98.4865,45.4506],[98.4851,45.3886],[98.4053,45.2028],[98.3603,45.1419],[98.3424,45.12],[98.3272,45.0394],[98.3547,45.0293],[98.3787,45.0261],[98.4395,44.9956],[98.4644,44.9762],[98.5755,44.9712],[98.7089,44.9628],[98.7145,44.96],[98.7294,44.9361],[98.7585,44.9175],[98.7813,44.908],[98.8015,44.8952],[98.8479,44.9042],[98.8636,44.8976],[98.9026,44.893],[98.9533,44.8783],[98.9724,44.8466],[99.0266,44.8371],[99.1129,44.7941],[99.1478,44.7881],[99.2461,44.8607],[99.3313,44.8736],[99.4084,44.9064],[99.545,44.8708],[99.617,44.8475],[99.6234,44.8467],[99.6231,45.0061],[99.6438,45.0408],[99.5923,45.1557]]]}},{"type":"Feature","properties":{"aimagId":82,"aimagName":"Говь-Алтай","asCode":8243,"soumId":43,"name":"Цээл","nameEn":"Ceel"},"geometry":{"type":"Polygon","coordinates":[[[96.2407,45.7242],[96.1636,45.7432],[96.0542,45.7896],[95.9094,45.7909],[95.7351,45.7876],[95.6855,45.8071],[95.6082,45.8099],[95.5583,45.8136],[95.5027,45.8136],[95.4342,45.8027],[95.3569,45.7559],[95.3313,45.732],[95.2871,45.7127],[95.2107,45.7],[95.1639,45.6398],[95.1467,45.5053],[95.0771,45.4426],[95.0166,45.362],[94.9518,45.2579],[95.1692,45.2615],[95.2809,45.2699],[95.6495,45.1741],[95.7548,45.1318],[95.9274,45.0589],[96.0079,45.031],[96.0617,45.075],[96.0619,45.1063],[96.0951,45.2464],[96.1006,45.283],[96.1016,45.3424],[96.2035,45.5175],[96.2858,45.6128],[96.2664,45.6362],[96.2653,45.6682],[96.2594,45.6748],[96.2592,45.6953],[96.2393,45.7063],[96.2407,45.7242]]]}},{"type":"Feature","properties":{"aimagId":82,"aimagName":"Говь-Алтай","asCode":8246,"soumId":46,"name":"Чандмань","nameEn":"Chandmani"},"geometry":{"type":"Polygon","coordinates":[[[98.4564,45.7555],[98.3287,45.7261],[98.1811,45.7171],[98.0437,45.7041],[97.9663,45.7771],[97.9298,45.8055],[97.8479,45.8074],[97.7014,45.8308],[97.6372,45.8327],[97.6253,45.824],[97.6129,45.7829],[97.6194,45.7711],[97.6108,45.7515],[97.608,45.7286],[97.4812,45.6972],[97.5052,45.6082],[97.5017,45.4982],[97.5175,45.3395],[97.5969,45.338],[97.7171,45.2956],[97.7241,45.2853],[97.7455,45.2713],[97.7578,45.2704],[97.8038,45.2556],[97.8964,45.2046],[98.036,45.1877],[98.2459,45.0806],[98.3272,45.0394],[98.3424,45.12],[98.3603,45.1419],[98.4053,45.2028],[98.4851,45.3886],[98.4865,45.4506],[98.4752,45.5578],[98.4564,45.7555]]]}},{"type":"Feature","properties":{"aimagId":22,"aimagName":"Сүхбаатар","asCode":2210,"soumId":10,"name":"Дарьганга","nameEn":"Dariganga"},"geometry":{"type":"Polygon","coordinates":[[[114.7365,45.4371],[114.7302,45.4508],[114.6156,45.5773],[114.5583,45.6531],[114.5334,45.7913],[114.5074,45.8116],[114.5129,45.8386],[114.5199,45.8488],[114.3651,45.7827],[114.2584,45.7454],[114.072,45.7063],[113.9893,45.6799],[113.9243,45.639],[113.8128,45.6446],[113.5182,45.6726],[113.5208,45.5678],[113.4739,45.501],[113.5734,45.503],[113.6118,45.4745],[113.6143,45.4329],[113.6157,45.3565],[113.6379,45.3383],[113.6553,45.3354],[113.6567,45.3139],[113.6645,45.3028],[113.6869,45.2967],[113.6903,45.2911],[113.7347,45.2728],[113.7382,45.2645],[113.8866,45.1909],[113.9193,45.172],[114.0793,45.0493],[114.1763,45.0354],[114.202,45.0444],[114.3041,45.1048],[114.3431,45.1207],[114.4071,45.1761],[114.4641,45.219],[114.5203,45.2916],[114.5363,45.3366],[114.5411,45.3846],[114.584,45.3983],[114.6797,45.4199],[114.7365,45.4371]]]}},{"type":"Feature","properties":{"aimagId":64,"aimagName":"Баянхонгор","asCode":6443,"soumId":43,"name":"Жинст","nameEn":"Jinst"},"geometry":{"type":"Polygon","coordinates":[[[100.98,45.5777],[100.9363,45.6218],[100.7685,45.6749],[100.7354,45.6993],[100.7437,45.7183],[100.7477,45.7546],[100.7046,45.7904],[100.6966,45.8089],[100.6352,45.8315],[100.5548,45.8471],[100.5174,45.8502],[100.4231,45.8498],[100.3965,45.8387],[100.3805,45.839],[100.3686,45.8306],[100.3808,45.8198],[100.3693,45.7964],[100.3592,45.785],[100.3311,45.764],[100.2435,45.6885],[100.2182,45.6782],[100.2021,45.6649],[100.1482,45.647],[100.0495,45.5852],[100.0161,45.5869],[100.0046,45.5758],[100.0155,45.5484],[100.0179,45.5334],[99.9966,45.522],[99.9854,45.5047],[99.972,45.5007],[99.967,45.4857],[99.9587,45.484],[99.9567,45.4693],[99.9672,45.4494],[99.9662,45.4294],[99.9743,45.4166],[99.974,45.403],[99.9462,45.3868],[99.9392,45.3679],[99.8761,45.3443],[99.8379,45.3356],[99.8185,45.326],[99.7556,45.3257],[99.6794,45.2855],[99.6156,45.2434],[99.5923,45.1557],[99.6438,45.0408],[99.6691,45.042],[99.7072,45.0683],[99.7948,45.076],[99.8697,45.0637],[99.919,45.0444],[99.9701,45.0418],[100.0581,45.0424],[100.1529,45.0335],[100.1822,45.018],[100.2021,45.0032],[100.2324,44.9923],[100.3219,45.0261],[100.3238,45.0327],[100.3507,45.055],[100.3503,45.153],[100.3969,45.255],[100.5377,45.274],[100.5994,45.2795],[100.6255,45.295],[100.7579,45.3352],[100.7854,45.336],[100.8372,45.3857],[100.8591,45.4748],[100.8735,45.5167],[100.8931,45.5253],[100.98,45.5777]]]}},{"type":"Feature","properties":{"aimagId":82,"aimagName":"Говь-Алтай","asCode":8213,"soumId":13,"name":"Бугат","nameEn":"Bugat"},"geometry":{"type":"Polygon","coordinates":[[[94.8192,45.3171],[94.6752,45.459],[94.6876,45.4764],[94.7099,45.4915],[94.7119,45.5011],[94.7035,45.5194],[94.7075,45.5317],[94.714,45.5765],[94.7019,45.5848],[94.7071,45.6085],[94.7007,45.6184],[94.5884,45.6757],[94.5379,45.7033],[94.4555,45.7036],[94.3228,45.7507],[94.2114,45.8779],[94.164,45.8376],[94.1702,45.8197],[94.1324,45.7777],[94.1355,45.7498],[94.095,45.7505],[94.0865,45.7447],[94.0565,45.711],[93.9894,45.6793],[93.921,45.6748],[93.7945,45.64],[93.7031,45.6278],[93.5587,45.5731],[93.4245,45.5282],[93.5162,45.2558],[93.4759,45.2019],[93.3916,45.092],[93.4282,45.0329],[93.4824,44.9671],[93.5019,44.9566],[93.5043,44.9682],[93.5242,44.9569],[93.5389,44.9547],[93.5913,44.9337],[93.6529,44.9169],[93.6774,44.9083],[93.6796,44.9012],[93.6941,44.895],[93.7099,44.8968],[93.712,44.8754],[93.731,44.8624],[93.9828,44.7641],[94.0621,44.7324],[94.15,44.6836],[94.1839,44.6768],[94.2114,44.6677],[94.2263,44.6445],[94.2762,44.6049],[94.3263,44.5823],[94.3398,44.5636],[94.3474,44.5414],[94.3431,44.5228],[94.3608,44.5148],[94.3905,44.5225],[94.4141,44.5168],[94.4336,44.516],[94.4635,44.5099],[94.4677,44.8979],[94.5828,44.9446],[94.8021,45.09],[94.8192,45.3171]]]}},{"type":"Feature","properties":{"aimagId":48,"aimagName":"Дундговь","asCode":4813,"soumId":13,"name":"Гурвансайхан","nameEn":"Gurvansaixan"},"geometry":{"type":"Polygon","coordinates":[[[107.6376,45.6934],[107.4894,45.7007],[107.4455,45.7037],[107.2449,45.7839],[107.198,45.8791],[107.1817,45.9401],[107.0839,45.9125],[106.9325,45.9043],[106.8842,45.8823],[106.7716,45.8778],[106.7454,45.8315],[106.7845,45.7969],[106.847,45.7807],[106.8573,45.791],[106.9274,45.6955],[106.8051,45.707],[106.6493,45.7236],[106.6014,45.7294],[106.5538,45.623],[106.5512,45.5265],[106.5656,45.4266],[106.4996,45.428],[106.3831,45.4089],[106.4133,45.3465],[106.5665,45.3223],[106.6446,45.2387],[106.8779,45.2306],[106.9864,45.2275],[107.2777,45.3209],[107.5987,45.2342],[107.723,45.2872],[107.7593,45.304],[107.8223,45.4176],[107.7035,45.6015],[107.6376,45.6934]]]}},{"type":"Feature","properties":{"aimagId":48,"aimagName":"Дундговь","asCode":4825,"soumId":25,"name":"Луус","nameEn":"Luus"},"geometry":{"type":"Polygon","coordinates":[[[105.8145,45.9411],[105.7546,45.963],[105.6188,45.9854],[105.5563,45.9387],[105.5291,45.8273],[105.4705,45.8006],[105.4306,45.7474],[105.4122,45.7161],[105.3771,45.6698],[105.4695,45.5584],[105.5384,45.4726],[105.6167,45.4003],[105.6724,45.339],[105.7045,45.3001],[105.7422,45.2818],[105.8045,45.233],[105.8327,45.2283],[105.9423,45.2539],[106.0347,45.2505],[106.077,45.294],[106.2007,45.4234],[106.1761,45.4926],[106.1062,45.5978],[106.0972,45.6125],[106.0257,45.6587],[105.9631,45.7148],[105.9489,45.7535],[105.929,45.8225],[105.9221,45.8338],[105.8145,45.9411]]]}},{"type":"Feature","properties":{"aimagId":48,"aimagName":"Дундговь","asCode":4834,"soumId":34,"name":"Сайхан-Овоо","nameEn":"Saixan-Ovoo"},"geometry":{"type":"Polygon","coordinates":[[[104.5982,45.5574],[104.5798,45.647],[104.5727,45.6715],[104.468,45.8612],[104.4118,45.9016],[104.3025,45.9755],[104.2325,45.9907],[104.2187,45.9622],[104.1235,45.8652],[104.1068,45.7301],[103.955,45.7167],[103.7514,45.7387],[103.6542,45.6803],[103.6429,45.653],[103.6094,45.5794],[103.6112,45.5176],[103.6198,45.44],[103.7154,45.372],[103.7598,45.3652],[103.7744,45.3159],[103.7361,45.2864],[103.7898,45.1737],[103.9464,45.1605],[104.117,45.1538],[104.1239,45.1727],[104.1189,45.1896],[104.1106,45.2018],[104.076,45.2331],[104.0775,45.2406],[104.2224,45.321],[104.2514,45.3488],[104.3766,45.4388],[104.5491,45.5159],[104.5598,45.5385],[104.5982,45.5574]]]}},{"type":"Feature","properties":{"aimagId":64,"aimagName":"Баянхонгор","asCode":6404,"soumId":4,"name":"Баацагаан","nameEn":"Baacagaan"},"geometry":{"type":"Polygon","coordinates":[[[100.3311,45.764],[99.9299,45.9839],[99.8747,46.0639],[99.884,46.0819],[99.7926,46.0732],[99.5634,45.9585],[99.4663,45.9107],[99.3,45.8794],[99.2905,45.8837],[99.283,45.8958],[99.2819,45.9113],[99.2742,45.9279],[99.2585,45.9379],[99.2023,45.9899],[99.0428,45.992],[99.0273,45.9078],[98.9949,45.9017],[98.9483,45.8428],[98.8703,45.8326],[98.7497,45.8058],[98.9243,45.4402],[98.8542,45.4154],[98.8425,45.3833],[98.8574,45.3401],[98.9007,45.3129],[98.9975,45.2714],[99.0401,45.2669],[99.0773,45.2585],[99.1513,45.2558],[99.1872,45.2433],[99.4116,45.2371],[99.5015,45.2006],[99.4986,45.1622],[99.5923,45.1557],[99.6156,45.2434],[99.6794,45.2855],[99.7556,45.3257],[99.8185,45.326],[99.8379,45.3356],[99.8761,45.3443],[99.9392,45.3679],[99.9462,45.3868],[99.974,45.403],[99.9743,45.4166],[99.9662,45.4294],[99.9672,45.4494],[99.9567,45.4693],[99.9587,45.484],[99.967,45.4857],[99.972,45.5007],[99.9854,45.5047],[99.9966,45.522],[100.0179,45.5334],[100.0155,45.5484],[100.0046,45.5758],[100.0161,45.5869],[100.0495,45.5852],[100.1482,45.647],[100.2021,45.6649],[100.2182,45.6782],[100.2435,45.6885],[100.3311,45.764]]]}},{"type":"Feature","properties":{"aimagId":22,"aimagName":"Сүхбаатар","asCode":2219,"soumId":19,"name":"Онгон","nameEn":"Ongon"},"geometry":{"type":"Polygon","coordinates":[[[113.1194,44.7967],[113.1162,44.8123],[113.1449,44.8633],[113.1773,44.9247],[113.1963,44.9887],[113.2532,45.0818],[113.2732,45.1035],[113.3787,45.2342],[113.421,45.291],[113.5064,45.3865],[113.52,45.4361],[113.4739,45.501],[113.5208,45.5678],[113.5182,45.6726],[113.4314,45.8482],[113.4306,45.9092],[113.4269,45.938],[113.4276,46.0057],[113.4482,46.0859],[113.1894,46.0191],[112.9956,46.0086],[112.9569,45.9349],[112.9518,45.9111],[112.9619,45.8256],[112.9317,45.7788],[112.9566,45.7514],[112.9579,45.7148],[112.9141,45.6056],[112.8655,45.5674],[112.8305,45.5094],[112.8055,45.4995],[112.7427,45.4571],[112.6368,45.3967],[112.4588,45.2373],[112.4234,45.0744],[112.5312,45.0001],[112.549,44.9775],[112.5927,44.9299],[112.6181,44.9167],[112.704,44.8793],[112.7927,44.8537],[112.8306,44.8481],[112.8461,44.8388],[112.9242,44.8408],[113.0007,44.8253],[113.0194,44.8247],[113.1194,44.7967]]]}},{"type":"Feature","properties":{"aimagId":82,"aimagName":"Говь-Алтай","asCode":8210,"soumId":10,"name":"Бигэр","nameEn":"Biger"},"geometry":{"type":"Polygon","coordinates":[[[97.1002,46.0744],[97.0352,46.0919],[97.009,46.0949],[96.983,46.0891],[96.9683,46.0771],[96.9607,46.0615],[96.9389,46.0424],[96.727,45.9407],[96.7942,45.8773],[96.8132,45.7942],[96.7384,45.6833],[96.7604,45.6447],[96.7543,45.6277],[96.8041,45.5758],[96.8147,45.5598],[96.8328,45.5491],[96.8705,45.5336],[96.9053,45.5261],[96.935,45.5297],[96.9956,45.4795],[97.0457,45.4561],[97.2273,45.3776],[97.3287,45.3723],[97.4121,45.3518],[97.5175,45.3395],[97.5017,45.4982],[97.5052,45.6082],[97.4812,45.6972],[97.608,45.7286],[97.6108,45.7515],[97.6194,45.7711],[97.6129,45.7829],[97.6253,45.824],[97.6372,45.8327],[97.5381,45.8933],[97.5084,45.9086],[97.4367,45.9338],[97.3988,45.9584],[97.3069,45.996],[97.3256,46.0193],[97.2428,46.0289],[97.2315,46.0317],[97.2145,46.0516],[97.2057,46.0466],[97.1947,46.0262],[97.1002,46.0744]]]}},{"type":"Feature","properties":{"aimagId":48,"aimagName":"Дундговь","asCode":4801,"soumId":1,"name":"Сайнцагаан","nameEn":"Saintsagaan"},"geometry":{"type":"Polygon","coordinates":[[[106.058,46.0966],[105.9103,46.1033],[105.81,46.0643],[105.8164,45.9858],[105.8145,45.9411],[105.9221,45.8338],[105.929,45.8225],[105.9489,45.7535],[105.9631,45.7148],[106.0257,45.6587],[106.0972,45.6125],[106.1062,45.5978],[106.1761,45.4926],[106.2007,45.4234],[106.3831,45.4089],[106.4996,45.428],[106.5656,45.4266],[106.5512,45.5265],[106.5538,45.623],[106.6014,45.7294],[106.6493,45.7236],[106.8051,45.707],[106.9274,45.6955],[106.8573,45.791],[106.847,45.7807],[106.7845,45.7969],[106.7454,45.8315],[106.6332,45.8993],[106.5958,45.9384],[106.4688,45.9594],[106.4399,45.9633],[106.3548,45.9785],[106.2429,45.97],[106.1496,46.0335],[106.1286,46.045],[106.058,46.0966]]]}},{"type":"Feature","properties":{"aimagId":62,"aimagName":"Өвөрхангай","asCode":6210,"soumId":10,"name":"Баянгол","nameEn":"Bayangol"},"geometry":{"type":"Polygon","coordinates":[[[103.2796,46.0965],[103.1762,46.1297],[103.0847,46.1194],[103.0519,46.0281],[103.0108,46.0258],[102.8984,45.9883],[102.9186,45.9336],[102.8987,45.8778],[102.8776,45.8621],[102.8544,45.8323],[102.8491,45.8001],[102.8511,45.7725],[102.8934,45.776],[102.9507,45.7375],[103.0058,45.7104],[103.1186,45.6958],[103.1542,45.6142],[103.2343,45.5323],[103.3294,45.4921],[103.3858,45.4586],[103.4054,45.4264],[103.4593,45.3858],[103.5216,45.3712],[103.6668,45.3604],[103.7154,45.372],[103.6198,45.44],[103.6112,45.5176],[103.6094,45.5794],[103.6429,45.653],[103.6542,45.6803],[103.7514,45.7387],[103.776,45.7899],[103.7482,45.8614],[103.6892,45.924],[103.5712,46.0167],[103.5279,46.0329],[103.4822,46.0459],[103.3993,46.0222],[103.3627,46.0531],[103.2796,46.0965]]]}},{"type":"Feature","properties":{"aimagId":48,"aimagName":"Дундговь","asCode":4807,"soumId":7,"name":"Баянжаргалан","nameEn":"Bayanjargalan"},"geometry":{"type":"Polygon","coordinates":[[[108.1445,46.0764],[108.0683,46.1305],[107.9357,46.0851],[107.8185,46.025],[107.7463,45.9718],[107.739,45.9098],[107.7246,45.8292],[107.6416,45.7011],[107.6376,45.6934],[107.7035,45.6015],[107.8223,45.4176],[108.0869,45.5365],[108.1717,45.5886],[108.3074,45.6727],[108.3961,45.6739],[108.5139,45.6768],[108.5678,45.946],[108.4346,45.908],[108.4077,45.8805],[108.3235,45.9082],[108.3183,45.9348],[108.2898,45.9485],[108.289,45.9538],[108.2156,46.007],[108.1445,46.0764]]]}},{"type":"Feature","properties":{"aimagId":44,"aimagName":"Дорноговь","asCode":4407,"soumId":7,"name":"Алтанширээ","nameEn":"Altanshiree"},"geometry":{"type":"Polygon","coordinates":[[[110.9648,46.0596],[110.8195,46.0676],[110.7547,46.0787],[110.6577,46.0919],[110.5919,46.1345],[110.5752,46.0171],[110.393,45.8388],[110.1912,45.7723],[109.9763,45.6858],[110.038,45.4594],[110.0441,45.4343],[109.9556,45.3876],[109.786,45.3004],[109.882,45.2117],[109.9012,45.2029],[109.9635,45.1529],[110.0346,45.0905],[110.0829,45.0366],[110.0794,45.0172],[110.0701,45.0011],[110.0819,44.9801],[110.091,44.986],[110.1639,44.9484],[110.2295,44.9114],[110.4026,45.0114],[110.434,45.0181],[110.5009,45.0419],[110.5656,45.0544],[110.5813,45.0605],[110.6231,45.0688],[110.6365,45.0826],[110.6745,45.1002],[110.7067,45.1109],[110.7741,45.1276],[110.7922,45.1349],[110.819,45.1403],[110.8458,45.1656],[110.9053,45.1872],[110.9411,45.2061],[110.954,45.2795],[110.9946,45.463],[111.0286,45.4775],[110.8817,45.5936],[110.7404,45.7444],[110.8252,45.8335],[110.8685,45.8828],[110.9752,45.9566],[110.9984,46.0284],[110.9648,46.0596]]]}},{"type":"Feature","properties":{"aimagId":44,"aimagName":"Дорноговь","asCode":4404,"soumId":4,"name":"Айраг","nameEn":"Airag"},"geometry":{"type":"Polygon","coordinates":[[[109.9763,45.6858],[109.9157,45.7227],[109.8072,45.8544],[109.7935,45.9411],[109.7495,46.0531],[109.6939,46.179],[109.5231,46.0761],[109.3189,45.9964],[109.1975,45.8749],[109.1683,45.8562],[109.1695,45.8355],[109.0282,45.8216],[109.0079,45.8104],[108.9635,45.7739],[108.9484,45.7454],[108.9271,45.6798],[108.8899,45.5988],[108.842,45.5172],[108.5108,45.5855],[108.535,45.5303],[108.5467,45.4443],[108.564,45.3644],[108.5793,45.3091],[108.5877,45.2867],[108.5957,45.2264],[108.6727,45.09],[108.8971,45.1376],[109.1005,45.1578],[109.1605,45.2427],[109.1814,45.2608],[109.2342,45.2908],[109.3236,45.3466],[109.4215,45.3018],[109.6204,45.2678],[109.786,45.3004],[109.9556,45.3876],[110.0441,45.4343],[110.038,45.4594],[109.9763,45.6858]]]}},{"type":"Feature","properties":{"aimagId":82,"aimagName":"Говь-Алтай","asCode":8231,"soumId":31,"name":"Төгрөг","nameEn":"To'grog"},"geometry":{"type":"Polygon","coordinates":[[[95.4342,45.8027],[95.4196,45.828],[95.4049,45.8315],[95.3946,45.8443],[95.4022,45.8516],[95.3994,45.8611],[95.3843,45.8778],[95.3791,45.8898],[95.3654,45.8944],[95.3626,45.9055],[95.3488,45.9142],[95.333,45.9299],[95.3282,45.9425],[95.2904,45.9771],[95.2819,45.9802],[95.2641,46.0289],[95.3574,46.2006],[95.1435,46.1735],[94.9857,46.1478],[94.7852,46.1282],[94.5808,46.1725],[94.4374,46.1319],[94.2885,45.9719],[94.2289,45.9046],[94.2114,45.8779],[94.3228,45.7507],[94.4555,45.7036],[94.5379,45.7033],[94.5884,45.6757],[94.7007,45.6184],[94.7071,45.6085],[94.7019,45.5848],[94.714,45.5765],[94.7075,45.5317],[94.7035,45.5194],[94.7119,45.5011],[94.7099,45.4915],[94.6876,45.4764],[94.6752,45.459],[94.8192,45.3171],[94.9518,45.2579],[95.0166,45.362],[95.0771,45.4426],[95.1467,45.5053],[95.1639,45.6398],[95.2107,45.7],[95.2871,45.7127],[95.3313,45.732],[95.3569,45.7559],[95.4342,45.8027]]]}},{"type":"Feature","properties":{"aimagId":62,"aimagName":"Өвөрхангай","asCode":6231,"soumId":31,"name":"Нарийнтээл","nameEn":"Nariinteel"},"geometry":{"type":"Polygon","coordinates":[[[101.7947,46.0921],[101.7429,46.1197],[101.6571,46.15],[101.6479,46.1609],[101.6508,46.1727],[101.5706,46.202],[101.4875,46.2056],[101.4949,46.1889],[101.4588,46.1513],[101.4348,46.1171],[101.3554,46.1047],[101.3417,46.0926],[101.3189,46.0803],[101.3102,46.0654],[101.2893,46.048],[101.2603,46.0143],[101.2717,45.9736],[101.2813,45.9677],[101.2729,45.9515],[101.2504,45.9262],[101.2529,45.9208],[101.2773,45.9093],[101.2961,45.8861],[101.3101,45.8005],[101.3121,45.7434],[101.238,45.635],[101.2453,45.5948],[101.2222,45.5438],[101.2845,45.5507],[101.4531,45.5508],[101.5607,45.5171],[101.6659,45.5109],[101.6762,45.5368],[101.7229,45.6163],[101.7877,45.6935],[101.861,45.7237],[101.8346,45.756],[101.8424,45.8278],[101.827,45.857],[101.8163,45.9362],[101.8002,45.9563],[101.7927,45.9882],[101.7831,46.0051],[101.7822,46.0226],[101.802,46.0429],[101.8121,46.0755],[101.7947,46.0921]]]}},{"type":"Feature","properties":{"aimagId":44,"aimagName":"Дорноговь","asCode":4413,"soumId":13,"name":"Дэлгэрэх","nameEn":"Delgerex"},"geometry":{"type":"Polygon","coordinates":[[[111.7882,45.7975],[111.7785,45.8252],[111.7601,45.8578],[111.7523,45.9089],[111.7446,45.9247],[111.689,46.0007],[111.6412,46.0937],[111.5774,46.11],[111.5341,46.1245],[111.4557,46.1601],[111.3416,46.2075],[111.2957,46.2181],[111.2317,46.2358],[111.1216,46.1529],[111.041,46.1132],[111.0142,46.0909],[110.9648,46.0596],[110.9984,46.0284],[110.9752,45.9566],[110.8685,45.8828],[110.8252,45.8335],[110.7404,45.7444],[110.8817,45.5936],[111.0286,45.4775],[111.1232,45.4809],[111.1611,45.4833],[111.4235,45.4728],[111.5018,45.5132],[111.5134,45.5125],[111.6717,45.5169],[111.7316,45.519],[111.7454,45.5841],[111.7543,45.6349],[111.7882,45.7975]]]}},{"type":"Feature","properties":{"aimagId":64,"aimagName":"Баянхонгор","asCode":6401,"soumId":1,"name":"Баянхонгор","nameEn":"Bayanxongor"},"geometry":{"type":"Polygon","coordinates":[[[100.724,46.246],[100.7079,46.2475],[100.6574,46.2358],[100.6761,46.2141],[100.6871,46.2054],[100.6577,46.1687],[100.6617,46.1436],[100.6926,46.1424],[100.7304,46.1293],[100.7468,46.1802],[100.7497,46.1995],[100.7306,46.2275],[100.724,46.246]]]}},{"type":"Feature","properties":{"aimagId":62,"aimagName":"Өвөрхангай","asCode":6237,"soumId":37,"name":"Сант","nameEn":"Sant"},"geometry":{"type":"Polygon","coordinates":[[[104.0172,46.2424],[103.8979,46.2446],[103.8316,46.2471],[103.73,46.2525],[103.64,46.2348],[103.5936,46.2161],[103.5329,46.2156],[103.4709,46.2113],[103.4052,46.2038],[103.3038,46.2176],[103.307,46.1834],[103.2831,46.1304],[103.2796,46.0965],[103.3627,46.0531],[103.3993,46.0222],[103.4822,46.0459],[103.5279,46.0329],[103.5712,46.0167],[103.6892,45.924],[103.7482,45.8614],[103.776,45.7899],[103.7514,45.7387],[103.955,45.7167],[104.1068,45.7301],[104.1235,45.8652],[104.2187,45.9622],[104.2325,45.9907],[104.2466,46.0324],[104.301,46.1242],[104.1706,46.1132],[104.1495,46.1171],[104.0447,46.1412],[104.0172,46.2424]]]}},{"type":"Feature","properties":{"aimagId":42,"aimagName":"Говьсүмбэр","asCode":4207,"soumId":7,"name":"Шивээговь","nameEn":"Shiveegovi"},"geometry":{"type":"Polygon","coordinates":[[[108.7158,46.1811],[108.5331,46.2871],[108.4621,46.1975],[108.47,46.1684],[108.4399,46.1066],[108.3668,46.0511],[108.3045,46.0544],[108.2156,46.007],[108.289,45.9538],[108.2898,45.9485],[108.3183,45.9348],[108.3235,45.9082],[108.4077,45.8805],[108.4346,45.908],[108.5678,45.946],[108.6829,45.9638],[108.7241,46.0254],[108.7487,46.058],[108.7428,46.0809],[108.7276,46.1036],[108.6997,46.1116],[108.6845,46.1246],[108.6696,46.1303],[108.6608,46.1396],[108.7158,46.1811]]]}},{"type":"Feature","properties":{"aimagId":62,"aimagName":"Өвөрхангай","asCode":6249,"soumId":49,"name":"Хайрхандулаан","nameEn":"Xairxandulaan"},"geometry":{"type":"Polygon","coordinates":[[[102.241,46.2281],[102.1994,46.252],[102.1665,46.2389],[102.1117,46.2664],[102.1014,46.2834],[102.0528,46.2807],[102.0059,46.2804],[101.9522,46.2911],[101.8961,46.2822],[101.8845,46.2506],[101.8959,46.2207],[101.894,46.1937],[101.8817,46.178],[101.843,46.1594],[101.8281,46.1553],[101.8144,46.1316],[101.7972,46.1117],[101.7947,46.0921],[101.8121,46.0755],[101.802,46.0429],[101.7822,46.0226],[101.7831,46.0051],[101.7927,45.9882],[101.8002,45.9563],[101.8163,45.9362],[101.827,45.857],[101.8424,45.8278],[101.8346,45.756],[101.861,45.7237],[101.7877,45.6935],[101.7229,45.6163],[101.6762,45.5368],[101.6659,45.5109],[101.7145,45.4816],[101.7816,45.4593],[101.8294,45.4294],[101.854,45.4187],[101.8949,45.4078],[101.9712,45.3831],[102.0237,45.4101],[102.0645,45.4187],[102.0932,45.4325],[102.1084,45.4726],[102.1577,45.5432],[102.1868,45.5569],[102.2884,45.5797],[102.352,45.6104],[102.3857,45.6555],[102.4255,45.696],[102.4333,45.7334],[102.4582,45.7821],[102.4736,45.8332],[102.4307,45.89],[102.4598,45.9065],[102.4668,45.9459],[102.4636,45.9526],[102.4842,45.9829],[102.4829,46.0034],[102.5282,46.0223],[102.5147,46.0511],[102.5169,46.0781],[102.472,46.0986],[102.3886,46.0793],[102.3468,46.144],[102.3047,46.1714],[102.2901,46.1767],[102.2695,46.1913],[102.2481,46.2152],[102.241,46.2281]]]}},{"type":"Feature","properties":{"aimagId":62,"aimagName":"Өвөрхангай","asCode":6201,"soumId":1,"name":"Арвайхээр","nameEn":"Arvaixeer"},"geometry":{"type":"Polygon","coordinates":[[[102.8285,46.2443],[102.8215,46.2753],[102.8278,46.2923],[102.7536,46.2951],[102.7487,46.2587],[102.7593,46.2406],[102.7853,46.2262],[102.8094,46.2062],[102.8279,46.2153],[102.8623,46.2149],[102.8285,46.2443]]]}},{"type":"Feature","properties":{"aimagId":48,"aimagName":"Дундговь","asCode":4810,"soumId":10,"name":"Говь-Угтаал","nameEn":"Govi-Ugtaal"},"geometry":{"type":"Polygon","coordinates":[[[107.8185,46.025],[107.8108,46.0462],[107.7906,46.1249],[107.7734,46.1659],[107.7218,46.1952],[107.6074,46.2932],[107.5084,46.3045],[107.3179,46.2809],[107.1392,46.2639],[107.1542,46.2385],[107.1937,46.1645],[107.1251,46.1238],[107.1817,45.9401],[107.198,45.8791],[107.2449,45.7839],[107.4455,45.7037],[107.4894,45.7007],[107.6376,45.6934],[107.6416,45.7011],[107.7246,45.8292],[107.739,45.9098],[107.7463,45.9718],[107.8185,46.025]]]}},{"type":"Feature","properties":{"aimagId":82,"aimagName":"Говь-Алтай","asCode":8234,"soumId":34,"name":"Халиун","nameEn":"Xaliun"},"geometry":{"type":"Polygon","coordinates":[[[96.727,45.9407],[96.6866,46.0003],[96.6658,46.0111],[96.6432,46.0183],[96.6248,46.0425],[96.611,46.0549],[96.6197,46.0614],[96.5152,46.0582],[96.4998,46.0957],[96.4915,46.1097],[96.4879,46.1355],[96.4728,46.1628],[96.4759,46.1769],[96.4886,46.186],[96.4965,46.2019],[96.5094,46.2046],[96.3243,46.2365],[96.2758,46.2362],[96.21,46.1786],[96.0747,46.1096],[96.0712,46.0587],[95.9234,46.1406],[95.7459,46.1807],[95.7748,46.2424],[95.7759,46.3464],[95.6756,46.3213],[95.5322,46.2813],[95.3574,46.2006],[95.2641,46.0289],[95.2819,45.9802],[95.2904,45.9771],[95.3282,45.9425],[95.333,45.9299],[95.3488,45.9142],[95.3626,45.9055],[95.3654,45.8944],[95.3791,45.8898],[95.3843,45.8778],[95.3994,45.8611],[95.4022,45.8516],[95.3946,45.8443],[95.4049,45.8315],[95.4196,45.828],[95.4342,45.8027],[95.5027,45.8136],[95.5583,45.8136],[95.6082,45.8099],[95.6855,45.8071],[95.7351,45.7876],[95.9094,45.7909],[96.0542,45.7896],[96.1636,45.7432],[96.2407,45.7242],[96.4418,45.703],[96.5021,45.7167],[96.5467,45.6949],[96.7384,45.6833],[96.8132,45.7942],[96.7942,45.8773],[96.727,45.9407]]]}},{"type":"Feature","properties":{"aimagId":64,"aimagName":"Баянхонгор","asCode":6449,"soumId":49,"name":"Өлзийт","nameEn":"O'lziit"},"geometry":{"type":"Polygon","coordinates":[[[101.4875,46.2056],[101.4935,46.2398],[101.5073,46.2654],[101.4733,46.2938],[101.4935,46.3236],[101.4708,46.3664],[101.4129,46.346],[101.4148,46.3331],[101.3691,46.3274],[101.3464,46.319],[101.2883,46.3135],[101.2397,46.2978],[101.1998,46.2816],[101.1862,46.2672],[101.1724,46.2621],[101.1366,46.2386],[101.131,46.2304],[101.107,46.248],[101.0656,46.2662],[101.0484,46.2789],[101.0231,46.287],[101.0036,46.276],[100.9971,46.2671],[100.9823,46.2621],[100.9784,46.2522],[100.9416,46.2263],[100.86,46.2521],[100.8085,46.247],[100.7526,46.2553],[100.724,46.246],[100.7306,46.2275],[100.7497,46.1995],[100.7468,46.1802],[100.7304,46.1293],[100.6926,46.1424],[100.6617,46.1436],[100.5363,46.1358],[100.5433,46.131],[100.5594,46.0669],[100.5814,45.971],[100.5305,45.9431],[100.5348,45.9248],[100.4676,45.8893],[100.4231,45.8498],[100.5174,45.8502],[100.5548,45.8471],[100.6352,45.8315],[100.6966,45.8089],[100.7046,45.7904],[100.7477,45.7546],[100.7437,45.7183],[100.7354,45.6993],[100.7685,45.6749],[100.9363,45.6218],[100.98,45.5777],[101.005,45.5793],[101.0572,45.5719],[101.0786,45.5879],[101.0896,45.5924],[101.1887,45.6246],[101.238,45.635],[101.3121,45.7434],[101.3101,45.8005],[101.2961,45.8861],[101.2773,45.9093],[101.2529,45.9208],[101.2504,45.9262],[101.2729,45.9515],[101.2813,45.9677],[101.2717,45.9736],[101.2603,46.0143],[101.2893,46.048],[101.3102,46.0654],[101.3189,46.0803],[101.3417,46.0926],[101.3554,46.1047],[101.4348,46.1171],[101.4588,46.1513],[101.4949,46.1889],[101.4875,46.2056]]]}},{"type":"Feature","properties":{"aimagId":62,"aimagName":"Өвөрхангай","asCode":6240,"soumId":40,"name":"Тарагт","nameEn":"Taragt"},"geometry":{"type":"Polygon","coordinates":[[[103.1762,46.1297],[103.1365,46.2016],[103.05,46.3069],[102.9322,46.3951],[102.8303,46.455],[102.6962,46.4713],[102.6377,46.4183],[102.5382,46.4137],[102.4965,46.4069],[102.4678,46.4253],[102.4372,46.4348],[102.4101,46.4656],[102.3906,46.4476],[102.3949,46.4314],[102.3756,46.3781],[102.3583,46.377],[102.2995,46.3513],[102.3031,46.3199],[102.2768,46.3126],[102.241,46.2281],[102.2481,46.2152],[102.2695,46.1913],[102.2901,46.1767],[102.3047,46.1714],[102.3468,46.144],[102.3886,46.0793],[102.472,46.0986],[102.5169,46.0781],[102.5147,46.0511],[102.5282,46.0223],[102.4829,46.0034],[102.4842,45.9829],[102.4636,45.9526],[102.4668,45.9459],[102.4598,45.9065],[102.4307,45.89],[102.4736,45.8332],[102.4582,45.7821],[102.5066,45.763],[102.5548,45.7494],[102.6195,45.7329],[102.6666,45.725],[102.7204,45.7129],[102.742,45.7155],[102.7942,45.7482],[102.8269,45.7428],[102.8511,45.7725],[102.8491,45.8001],[102.8544,45.8323],[102.8776,45.8621],[102.8987,45.8778],[102.9186,45.9336],[102.8984,45.9883],[103.0108,46.0258],[103.0519,46.0281],[103.0847,46.1194],[103.1762,46.1297]],[[102.8285,46.2443],[102.8623,46.2149],[102.8279,46.2153],[102.8094,46.2062],[102.7853,46.2262],[102.7593,46.2406],[102.7487,46.2587],[102.7536,46.2951],[102.8278,46.2923],[102.8215,46.2753],[102.8285,46.2443]]]}},{"type":"Feature","properties":{"aimagId":84,"aimagName":"Ховд","asCode":8404,"soumId":4,"name":"Алтай","nameEn":"Altai"},"geometry":{"type":"Polygon","coordinates":[[[92.869,46.391],[92.8368,46.379],[92.8259,46.3876],[92.8266,46.3961],[92.796,46.4169],[92.7468,46.4288],[92.7146,46.4529],[92.6181,46.4724],[92.5589,46.4556],[92.5413,46.4422],[92.5002,46.4352],[92.4847,46.4288],[92.3773,46.4424],[92.3335,46.4371],[92.3092,46.4098],[92.3092,46.3814],[92.3037,46.3658],[92.2693,46.3019],[92.2476,46.283],[92.25,46.2339],[92.2424,46.2016],[92.2367,46.159],[92.2566,46.1306],[92.2831,46.0483],[92.2664,46.0107],[92.201,45.9856],[92.0885,45.9194],[92.0805,45.8421],[92.0789,45.7889],[92.0454,45.7536],[91.9154,45.6898],[91.8995,45.6898],[91.8256,45.6503],[91.8267,45.6278],[91.7788,45.5902],[91.7975,45.4792],[91.7782,45.4555],[91.8412,45.3923],[91.8673,45.355],[91.9076,45.2935],[91.8992,45.2635],[91.9219,45.2313],[91.9443,45.196],[92.013,45.0931],[92.028,45.082],[92.0519,45.0826],[92.0951,45.0774],[92.1249,45.0639],[92.1957,45.0344],[92.2346,45.0132],[92.2482,45.0217],[92.2651,45.0186],[92.3124,45.027],[92.3431,45.0124],[92.4121,45.0179],[92.4838,44.9998],[92.5198,45.0082],[92.5418,45.0191],[92.58,45.0172],[92.6092,45.0228],[92.6257,45.0206],[92.6834,45.0262],[92.7233,45.0342],[92.7391,45.0416],[92.7736,45.0448],[92.7764,45.0502],[92.8011,45.0436],[92.8501,45.0373],[92.8699,45.0384],[92.8792,45.0472],[92.89,45.0456],[92.9032,45.0363],[92.9184,45.0367],[92.9296,45.0154],[92.9513,45.0172],[92.9714,45.0147],[92.9802,45.0005],[93.0001,45.01],[93.0312,45.0128],[93.0479,45.0177],[93.0938,45.0076],[93.1261,45.0097],[93.1323,45.0146],[93.1567,45.0109],[93.1682,45.0134],[93.2055,45.0023],[93.1926,45.0734],[93.1664,45.1288],[93.1464,45.3258],[93.1378,45.565],[93.113,45.6032],[93.0991,45.6297],[93.1128,45.6603],[93.1255,45.6731],[93.1198,45.6937],[93.1128,45.7421],[93.1843,45.7672],[93.2392,45.8058],[93.3622,45.8428],[93.3633,45.8655],[93.3754,45.8846],[93.383,45.9082],[93.3341,45.9229],[93.3099,45.944],[93.2476,45.9614],[93.2074,45.984],[93.1637,46.0118],[93.1395,46.0466],[93.1225,46.049],[93.0987,46.0964],[93.0733,46.1122],[93.0686,46.101],[93.0556,46.0884],[93.0412,46.0845],[93.0268,46.0741],[92.9922,46.0804],[92.9705,46.0883],[92.9464,46.1084],[92.9805,46.1378],[92.9993,46.2042],[92.9886,46.252],[92.9766,46.2784],[92.9536,46.3085],[92.9308,46.3284],[92.9173,46.3491],[92.8923,46.3673],[92.869,46.391]]]}},{"type":"Feature","properties":{"aimagId":44,"aimagName":"Дорноговь","asCode":4410,"soumId":10,"name":"Даланжаргалан","nameEn":"Dalanjargalan"},"geometry":{"type":"Polygon","coordinates":[[[109.6939,46.179],[109.5495,46.173],[109.471,46.1744],[109.4009,46.1838],[109.3523,46.2014],[109.3288,46.1968],[109.1518,46.3247],[109.1894,46.3353],[109.1642,46.3967],[109.0543,46.4334],[109.0196,46.5067],[108.9496,46.4241],[108.7861,46.2359],[108.7158,46.1811],[108.6608,46.1396],[108.6696,46.1303],[108.6845,46.1246],[108.6997,46.1116],[108.7276,46.1036],[108.7428,46.0809],[108.7487,46.058],[108.7241,46.0254],[108.6829,45.9638],[108.5678,45.946],[108.5139,45.6768],[108.5108,45.5855],[108.842,45.5172],[108.8899,45.5988],[108.9271,45.6798],[108.9484,45.7454],[108.9635,45.7739],[109.0079,45.8104],[109.0282,45.8216],[109.1695,45.8355],[109.1683,45.8562],[109.1975,45.8749],[109.3189,45.9964],[109.5231,46.0761],[109.6939,46.179]]]}},{"type":"Feature","properties":{"aimagId":64,"aimagName":"Баянхонгор","asCode":6416,"soumId":16,"name":"Баян-Овоо","nameEn":"Bayan-Ovoo"},"geometry":{"type":"Polygon","coordinates":[[[100.724,46.246],[100.7177,46.2527],[100.7144,46.2695],[100.7201,46.2736],[100.7169,46.2908],[100.7316,46.3024],[100.7251,46.318],[100.6937,46.3341],[100.6683,46.3406],[100.6435,46.3572],[100.6293,46.3869],[100.604,46.3867],[100.5961,46.4097],[100.5987,46.4187],[100.5907,46.4353],[100.5827,46.4389],[100.576,46.4549],[100.5542,46.4545],[100.5375,46.4629],[100.5346,46.4894],[100.5408,46.503],[100.5335,46.5222],[100.5379,46.5492],[100.5395,46.5777],[100.5153,46.5651],[100.4829,46.5573],[100.4486,46.5396],[100.3519,46.5114],[100.3216,46.507],[100.2931,46.466],[100.2435,46.4405],[100.2169,46.4208],[100.1832,46.3759],[100.2109,46.3538],[100.1983,46.3159],[100.1728,46.3196],[100.0872,46.2987],[100.0388,46.3158],[99.979,46.2531],[99.9823,46.2096],[99.9671,46.1701],[99.9346,46.1444],[99.9192,46.1354],[99.9137,46.1158],[99.8977,46.0945],[99.884,46.0819],[99.8747,46.0639],[99.9299,45.9839],[100.3311,45.764],[100.3592,45.785],[100.3693,45.7964],[100.3808,45.8198],[100.3686,45.8306],[100.3805,45.839],[100.3965,45.8387],[100.4231,45.8498],[100.4676,45.8893],[100.5348,45.9248],[100.5305,45.9431],[100.5814,45.971],[100.5594,46.0669],[100.5433,46.131],[100.5363,46.1358],[100.6617,46.1436],[100.6577,46.1687],[100.6871,46.2054],[100.6761,46.2141],[100.6574,46.2358],[100.7079,46.2475],[100.724,46.246]]]}},{"type":"Feature","properties":{"aimagId":48,"aimagName":"Дундговь","asCode":4843,"soumId":43,"name":"Эрдэнэдалай","nameEn":"Erdenedalai"},"geometry":{"type":"Polygon","coordinates":[[[105.4056,46.4616],[105.2686,46.5084],[105.2292,46.5305],[105.1316,46.5579],[105.0149,46.5776],[104.9922,46.5871],[104.9457,46.5847],[104.8988,46.5683],[104.8646,46.5335],[104.7872,46.4747],[104.6629,46.3854],[104.6149,46.3123],[104.6438,46.2512],[104.6195,46.2384],[104.5477,46.1928],[104.5589,46.1372],[104.4691,46.1259],[104.301,46.1242],[104.2466,46.0324],[104.2325,45.9907],[104.3025,45.9755],[104.4118,45.9016],[104.468,45.8612],[104.5727,45.6715],[104.5798,45.647],[104.5982,45.5574],[104.7019,45.5824],[104.8128,45.5935],[104.8428,45.5912],[104.9357,45.507],[105.0165,45.4596],[105.0686,45.4967],[105.0622,45.5384],[105.0686,45.6283],[105.1936,45.6573],[105.2213,45.6586],[105.3771,45.6698],[105.4122,45.7161],[105.4306,45.7474],[105.4705,45.8006],[105.5291,45.8273],[105.5563,45.9387],[105.4863,45.9342],[105.4134,45.9573],[105.3915,45.9884],[105.3418,46.0549],[105.3739,46.0854],[105.4095,46.1475],[105.4325,46.2818],[105.4441,46.41],[105.4056,46.4616]]]}},{"type":"Feature","properties":{"aimagId":48,"aimagName":"Дундговь","asCode":4819,"soumId":19,"name":"Дэлгэрцогт","nameEn":"Delgercogt"},"geometry":{"type":"Polygon","coordinates":[[[106.4117,46.5915],[106.2916,46.5931],[106.1484,46.5622],[106.0527,46.5412],[105.9233,46.5414],[105.9334,46.3404],[105.9656,46.2744],[106.0076,46.2158],[106.0151,46.1714],[106.058,46.0966],[106.1286,46.045],[106.1496,46.0335],[106.2429,45.97],[106.3548,45.9785],[106.4399,45.9633],[106.4688,45.9594],[106.5958,45.9384],[106.594,45.9555],[106.5742,46.0455],[106.5758,46.0647],[106.554,46.0832],[106.5444,46.1409],[106.5257,46.2398],[106.4948,46.2713],[106.4322,46.3176],[106.4255,46.4315],[106.412,46.4726],[106.3949,46.5316],[106.4117,46.5915]]]}},{"type":"Feature","properties":{"aimagId":48,"aimagName":"Дундговь","asCode":4822,"soumId":22,"name":"Дэрэн","nameEn":"Deren"},"geometry":{"type":"Polygon","coordinates":[[[107.1545,46.4036],[107.0797,46.416],[106.9082,46.5366],[106.7574,46.5855],[106.6426,46.5958],[106.5482,46.5939],[106.4117,46.5915],[106.3949,46.5316],[106.412,46.4726],[106.4255,46.4315],[106.4322,46.3176],[106.4948,46.2713],[106.5257,46.2398],[106.5444,46.1409],[106.554,46.0832],[106.5758,46.0647],[106.5742,46.0455],[106.594,45.9555],[106.5958,45.9384],[106.6332,45.8993],[106.7454,45.8315],[106.7716,45.8778],[106.8842,45.8823],[106.9325,45.9043],[107.0839,45.9125],[107.1817,45.9401],[107.1251,46.1238],[107.1937,46.1645],[107.1542,46.2385],[107.1392,46.2639],[107.1545,46.4036]]]}},{"type":"Feature","properties":{"aimagId":22,"aimagName":"Сүхбаатар","asCode":2204,"soumId":4,"name":"Асгат","nameEn":"Asgat"},"geometry":{"type":"Polygon","coordinates":[[[114.5292,46.436],[114.4281,46.4238],[114.2471,46.3936],[114.0665,46.369],[113.9698,46.4142],[113.9263,46.4609],[113.8143,46.4946],[113.8166,46.53],[113.7455,46.5994],[113.5644,46.5825],[113.3799,46.5677],[113.3253,46.554],[113.3454,46.4844],[113.3615,46.385],[113.4005,46.2556],[113.4613,46.189],[113.474,46.1685],[113.4482,46.0859],[113.4276,46.0057],[113.4269,45.938],[113.4306,45.9092],[113.4314,45.8482],[113.5182,45.6726],[113.8128,45.6446],[113.9243,45.639],[113.9893,45.6799],[114.072,45.7063],[114.2584,45.7454],[114.3651,45.7827],[114.5199,45.8488],[114.5038,45.8817],[114.4915,45.9007],[114.4641,45.913],[114.4935,46.0801],[114.5111,46.2257],[114.5383,46.3624],[114.5292,46.436]]]}},{"type":"Feature","properties":{"aimagId":64,"aimagName":"Баянхонгор","asCode":6428,"soumId":28,"name":"Бөмбөгөр","nameEn":"Bo'mbogor"},"geometry":{"type":"Polygon","coordinates":[[[99.3799,46.6091],[99.3352,46.6106],[99.2746,46.6053],[99.2681,46.5824],[99.2597,46.5728],[99.2581,46.5603],[99.2798,46.5539],[99.2846,46.5386],[99.3133,46.5145],[99.3329,46.5152],[99.3475,46.5061],[99.336,46.4957],[99.3313,46.4835],[99.3214,46.4804],[99.3164,46.465],[99.3083,46.4594],[99.3058,46.4473],[99.3238,46.4359],[99.3102,46.4265],[99.3109,46.4097],[99.3198,46.3979],[99.3185,46.3807],[99.3404,46.3865],[99.3519,46.3774],[99.3696,46.3726],[99.3593,46.3637],[99.344,46.3689],[99.338,46.3606],[99.3605,46.35],[99.3631,46.3423],[99.3844,46.3343],[99.3785,46.3251],[99.3447,46.3068],[99.3492,46.2881],[99.3419,46.2764],[99.3627,46.2721],[99.364,46.2638],[99.348,46.2625],[99.3265,46.2423],[99.3111,46.2416],[99.2987,46.231],[99.2897,46.2387],[99.2784,46.2301],[99.286,46.2185],[99.2748,46.2032],[99.2783,46.1967],[99.265,46.1885],[99.2611,46.1787],[99.2666,46.1688],[99.2531,46.1501],[99.258,46.1341],[99.2524,46.1239],[99.2631,46.1206],[99.2622,46.1033],[99.2765,46.0809],[99.2772,46.0705],[99.293,46.0585],[99.2904,46.0374],[99.2828,46.0303],[99.2808,46.0066],[99.2763,46.0046],[99.2885,45.9708],[99.2804,45.9558],[99.2803,45.9386],[99.2742,45.9279],[99.2819,45.9113],[99.283,45.8958],[99.2905,45.8837],[99.3,45.8794],[99.4663,45.9107],[99.5634,45.9585],[99.7926,46.0732],[99.884,46.0819],[99.8977,46.0945],[99.9137,46.1158],[99.9192,46.1354],[99.9346,46.1444],[99.9671,46.1701],[99.9823,46.2096],[99.979,46.2531],[100.0388,46.3158],[99.9861,46.3488],[99.98,46.3693],[99.9461,46.3916],[99.9166,46.439],[99.8271,46.4334],[99.8023,46.4707],[99.7656,46.494],[99.6878,46.5137],[99.6067,46.5638],[99.4527,46.5526],[99.408,46.5748],[99.3505,46.588],[99.3799,46.6091]]]}},{"type":"Feature","properties":{"aimagId":22,"aimagName":"Сүхбаатар","asCode":2237,"soumId":37,"name":"Эрдэнэцагаан","nameEn":"Erdenecagaan"},"geometry":{"type":"Polygon","coordinates":[[[116.5775,46.2885],[116.5513,46.2945],[116.4948,46.3664],[116.3814,46.5123],[116.2974,46.6261],[116.0603,46.6171],[115.9585,46.6167],[115.8454,46.6149],[115.7452,46.6186],[115.7122,46.6023],[115.6305,46.5732],[115.4714,46.578],[115.2505,46.5759],[115.1663,46.5794],[115.0895,46.5645],[114.9474,46.5304],[114.7678,46.4763],[114.6398,46.4553],[114.5292,46.436],[114.5383,46.3624],[114.5111,46.2257],[114.4935,46.0801],[114.4641,45.913],[114.4915,45.9007],[114.5038,45.8817],[114.5199,45.8488],[114.5129,45.8386],[114.5074,45.8116],[114.5334,45.7913],[114.5583,45.6531],[114.6156,45.5773],[114.7302,45.4508],[114.7365,45.4371],[114.8619,45.4015],[114.9149,45.3818],[114.9742,45.3761],[115.0003,45.382],[115.0129,45.381],[115.1646,45.3964],[115.356,45.3894],[115.5578,45.4362],[115.6898,45.4586],[115.7935,45.5268],[115.822,45.5481],[115.8702,45.5799],[115.9317,45.63],[116.0001,45.653],[116.0192,45.6608],[116.0271,45.6808],[116.0366,45.6833],[116.0814,45.6818],[116.096,45.6771],[116.1192,45.676],[116.1283,45.6824],[116.1495,45.6836],[116.1741,45.6901],[116.1891,45.6991],[116.2154,45.7252],[116.2122,45.74],[116.2605,45.7699],[116.28,45.7707],[116.2713,45.8291],[116.2795,45.8395],[116.2661,45.8436],[116.2567,45.8648],[116.2377,45.8726],[116.2356,45.8823],[116.2492,45.9024],[116.2639,45.9614],[116.3158,46.0258],[116.401,46.1244],[116.4067,46.1298],[116.4343,46.1377],[116.5148,46.2157],[116.5662,46.2537],[116.5775,46.2885]]]}},{"type":"Feature","properties":{"aimagId":44,"aimagName":"Дорноговь","asCode":4419,"soumId":19,"name":"Иххэт","nameEn":"Ix xet"},"geometry":{"type":"Polygon","coordinates":[[[110.5919,46.1345],[110.5859,46.195],[110.5651,46.2221],[110.4899,46.2968],[110.4597,46.371],[110.3819,46.4179],[110.3331,46.4435],[110.2019,46.5667],[110.1873,46.6115],[110.1129,46.6233],[110.0699,46.6331],[110.0303,46.6308],[110.0399,46.5102],[110.0722,46.4956],[110.0252,46.4369],[110.0196,46.3554],[109.9579,46.2799],[109.8748,46.2371],[109.6939,46.179],[109.7495,46.0531],[109.7935,45.9411],[109.8072,45.8544],[109.9157,45.7227],[109.9763,45.6858],[110.1912,45.7723],[110.393,45.8388],[110.5752,46.0171],[110.5919,46.1345]]]}},{"type":"Feature","properties":{"aimagId":22,"aimagName":"Сүхбаатар","asCode":2234,"soumId":34,"name":"Халзан","nameEn":"Xalzan"},"geometry":{"type":"Polygon","coordinates":[[[113.3253,46.554],[113.2619,46.6067],[113.0628,46.6343],[112.9044,46.5954],[112.7165,46.453],[112.6512,46.357],[112.5992,46.2892],[112.4389,46.207],[112.6084,46.0768],[112.6554,46.0094],[112.8163,45.9701],[112.8993,45.9765],[112.9956,46.0086],[113.1894,46.0191],[113.4482,46.0859],[113.474,46.1685],[113.4613,46.189],[113.4005,46.2556],[113.3615,46.385],[113.3454,46.4844],[113.3253,46.554]]]}},{"type":"Feature","properties":{"aimagId":64,"aimagName":"Баянхонгор","asCode":6431,"soumId":31,"name":"Бууцагаан","nameEn":"Buucagaan"},"geometry":{"type":"Polygon","coordinates":[[[99.2681,46.5824],[99.2269,46.5803],[99.191,46.6016],[99.1472,46.6208],[99.0907,46.6415],[99.0159,46.6421],[98.9271,46.6635],[98.9319,46.6522],[98.9317,46.5828],[98.8981,46.4469],[98.8211,46.4418],[98.8124,46.4389],[98.7377,46.4531],[98.6642,46.4392],[98.6551,46.4327],[98.6396,46.4111],[98.6171,46.4038],[98.5715,46.4001],[98.5384,46.391],[98.3744,46.287],[98.2814,46.1743],[98.3025,46.0786],[98.2088,46.0275],[98.1804,46.0138],[98.2188,45.9791],[98.2361,45.9605],[98.31,45.8904],[98.3531,45.8781],[98.4218,45.8124],[98.4564,45.7555],[98.7497,45.8058],[98.8703,45.8326],[98.9483,45.8428],[98.9949,45.9017],[99.0273,45.9078],[99.0428,45.992],[99.2023,45.9899],[99.2585,45.9379],[99.2742,45.9279],[99.2803,45.9386],[99.2804,45.9558],[99.2885,45.9708],[99.2763,46.0046],[99.2808,46.0066],[99.2828,46.0303],[99.2904,46.0374],[99.293,46.0585],[99.2772,46.0705],[99.2765,46.0809],[99.2622,46.1033],[99.2631,46.1206],[99.2524,46.1239],[99.258,46.1341],[99.2531,46.1501],[99.2666,46.1688],[99.2611,46.1787],[99.265,46.1885],[99.2783,46.1967],[99.2748,46.2032],[99.286,46.2185],[99.2784,46.2301],[99.2897,46.2387],[99.2987,46.231],[99.3111,46.2416],[99.3265,46.2423],[99.348,46.2625],[99.364,46.2638],[99.3627,46.2721],[99.3419,46.2764],[99.3492,46.2881],[99.3447,46.3068],[99.3785,46.3251],[99.3844,46.3343],[99.3631,46.3423],[99.3605,46.35],[99.338,46.3606],[99.344,46.3689],[99.3593,46.3637],[99.3696,46.3726],[99.3519,46.3774],[99.3404,46.3865],[99.3185,46.3807],[99.3198,46.3979],[99.3109,46.4097],[99.3102,46.4265],[99.3238,46.4359],[99.3058,46.4473],[99.3083,46.4594],[99.3164,46.465],[99.3214,46.4804],[99.3313,46.4835],[99.336,46.4957],[99.3475,46.5061],[99.3329,46.5152],[99.3133,46.5145],[99.2846,46.5386],[99.2798,46.5539],[99.2581,46.5603],[99.2597,46.5728],[99.2681,46.5824]]]}},{"type":"Feature","properties":{"aimagId":84,"aimagName":"Ховд","asCode":8437,"soumId":37,"name":"Үенч","nameEn":"U'yench"},"geometry":{"type":"Polygon","coordinates":[[[92.3335,46.4371],[92.267,46.5027],[92.202,46.5241],[92.1757,46.5461],[92.1674,46.5636],[92.121,46.6004],[92.1215,46.612],[92.0566,46.6354],[92.0369,46.6459],[92.0346,46.679],[91.9479,46.6932],[91.9217,46.6888],[91.9056,46.6153],[91.8626,46.6126],[91.7981,46.6241],[91.7633,46.6271],[91.6932,46.6299],[91.6269,46.6171],[91.5891,46.5931],[91.6375,46.5784],[91.6343,46.5679],[91.6398,46.5539],[91.6821,46.5367],[91.7052,46.5044],[91.6947,46.4747],[91.679,46.4642],[91.6419,46.4496],[91.6165,46.4333],[91.582,46.4158],[91.5862,46.3822],[91.5912,46.3613],[91.5759,46.3459],[91.5448,46.3218],[91.5349,46.2884],[91.4706,46.2603],[91.4712,46.2266],[91.4941,46.2111],[91.5037,46.2002],[91.5691,46.1941],[91.6299,46.1296],[91.7398,46.0898],[91.7453,46.0433],[91.7698,46.0068],[91.6835,45.9819],[91.6412,45.9538],[91.6243,45.9282],[91.5558,45.8966],[91.5411,45.8695],[91.5351,45.8327],[91.4897,45.7504],[91.5222,45.7039],[91.5069,45.6467],[91.4389,45.5742],[91.4218,45.5484],[91.4054,45.464],[91.3833,45.3934],[91.3726,45.3405],[91.2394,45.2564],[91.271,45.2096],[91.291,45.1518],[91.3124,45.1292],[91.3278,45.1293],[91.3397,45.1224],[91.3744,45.1105],[91.3847,45.1121],[91.3867,45.1248],[91.4276,45.1564],[91.4549,45.153],[91.4661,45.1386],[91.4777,45.1321],[91.4916,45.1169],[91.4927,45.1061],[91.5162,45.0924],[91.534,45.0886],[91.5597,45.0702],[91.568,45.0825],[91.609,45.0718],[91.6159,45.0678],[91.67,45.066],[91.6809,45.0639],[91.8011,45.0826],[91.891,45.0784],[92.028,45.082],[92.013,45.0931],[91.9443,45.196],[91.9219,45.2313],[91.8992,45.2635],[91.9076,45.2935],[91.8673,45.355],[91.8412,45.3923],[91.7782,45.4555],[91.7975,45.4792],[91.7788,45.5902],[91.8267,45.6278],[91.8256,45.6503],[91.8995,45.6898],[91.9154,45.6898],[92.0454,45.7536],[92.0789,45.7889],[92.0805,45.8421],[92.0885,45.9194],[92.201,45.9856],[92.2664,46.0107],[92.2831,46.0483],[92.2566,46.1306],[92.2367,46.159],[92.2424,46.2016],[92.25,46.2339],[92.2476,46.283],[92.2693,46.3019],[92.3037,46.3658],[92.3092,46.3814],[92.3092,46.4098],[92.3335,46.4371]]]}},{"type":"Feature","properties":{"aimagId":62,"aimagName":"Өвөрхангай","asCode":6246,"soumId":46,"name":"Уянга","nameEn":"Uyanga"},"geometry":{"type":"Polygon","coordinates":[[[102.4101,46.4656],[102.3923,46.5159],[102.3933,46.5443],[102.4034,46.5565],[102.415,46.5611],[102.4408,46.5788],[102.4135,46.5971],[102.4109,46.6039],[102.3884,46.6179],[102.3742,46.623],[102.3536,46.643],[102.3436,46.672],[102.3549,46.6819],[102.3545,46.6965],[102.3618,46.7195],[102.3699,46.726],[102.2974,46.7166],[102.2017,46.6994],[102.1882,46.6762],[102.1134,46.656],[102.0896,46.6551],[102.0687,46.6339],[102.0338,46.6211],[102.0036,46.6021],[101.9424,46.5672],[101.9097,46.5317],[101.8714,46.5312],[101.8518,46.536],[101.8384,46.5671],[101.8298,46.5728],[101.8217,46.6028],[101.7948,46.6469],[101.7759,46.6543],[101.7553,46.6473],[101.7254,46.6267],[101.6575,46.6192],[101.5991,46.5983],[101.5426,46.6134],[101.5048,46.597],[101.4903,46.5824],[101.4892,46.5461],[101.5071,46.529],[101.5208,46.4962],[101.5554,46.4532],[101.5342,46.4357],[101.5021,46.4234],[101.4984,46.4059],[101.4815,46.3959],[101.4662,46.3921],[101.4708,46.3664],[101.4935,46.3236],[101.4733,46.2938],[101.5073,46.2654],[101.4935,46.2398],[101.4875,46.2056],[101.5706,46.202],[101.6508,46.1727],[101.6479,46.1609],[101.6571,46.15],[101.7429,46.1197],[101.7947,46.0921],[101.7972,46.1117],[101.8144,46.1316],[101.8281,46.1553],[101.843,46.1594],[101.8817,46.178],[101.894,46.1937],[101.8959,46.2207],[101.8845,46.2506],[101.8961,46.2822],[101.9522,46.2911],[102.0059,46.2804],[102.0528,46.2807],[102.1014,46.2834],[102.1117,46.2664],[102.1665,46.2389],[102.1994,46.252],[102.241,46.2281],[102.2768,46.3126],[102.3031,46.3199],[102.2995,46.3513],[102.3583,46.377],[102.3756,46.3781],[102.3949,46.4314],[102.3906,46.4476],[102.4101,46.4656]]]}},{"type":"Feature","properties":{"aimagId":82,"aimagName":"Говь-Алтай","asCode":8219,"soumId":19,"name":"Дэлгэр","nameEn":"Delger"},"geometry":{"type":"Polygon","coordinates":[[[97.6323,46.6024],[97.5301,46.5913],[97.4658,46.637],[97.4311,46.7174],[97.4119,46.7268],[97.4026,46.7184],[97.3856,46.7196],[97.3707,46.6786],[97.3527,46.6556],[97.3512,46.6472],[97.3322,46.6391],[97.3183,46.6279],[97.3097,46.6107],[97.2824,46.5967],[97.2757,46.5865],[97.2095,46.5655],[97.0927,46.5882],[97.0182,46.5996],[96.987,46.5895],[96.9805,46.5783],[96.8418,46.5281],[96.783,46.495],[96.7445,46.4691],[96.7348,46.2576],[96.8317,46.2058],[96.9046,46.1933],[97.0154,46.1775],[97.1002,46.0744],[97.1947,46.0262],[97.2057,46.0466],[97.2145,46.0516],[97.2315,46.0317],[97.2428,46.0289],[97.3256,46.0193],[97.3069,45.996],[97.3988,45.9584],[97.4367,45.9338],[97.5084,45.9086],[97.5381,45.8933],[97.6372,45.8327],[97.7014,45.8308],[97.8479,45.8074],[97.9298,45.8055],[97.9663,45.7771],[98.0437,45.7041],[98.1811,45.7171],[98.3287,45.7261],[98.4564,45.7555],[98.4218,45.8124],[98.3531,45.8781],[98.31,45.8904],[98.2361,45.9605],[98.2188,45.9791],[98.1804,46.0138],[98.1736,46.0449],[98.1249,46.0868],[98.062,46.1074],[98.0024,46.1308],[97.9494,46.2081],[97.8,46.2654],[97.7899,46.3022],[97.7749,46.3231],[97.7293,46.3341],[97.7362,46.3583],[97.7278,46.4104],[97.7072,46.4266],[97.6747,46.4439],[97.6692,46.4723],[97.6666,46.517],[97.6505,46.5369],[97.6506,46.5696],[97.6323,46.6024]]]}},{"type":"Feature","properties":{"aimagId":48,"aimagName":"Дундговь","asCode":4804,"soumId":4,"name":"Адаацаг","nameEn":"Adaacag"},"geometry":{"type":"Polygon","coordinates":[[[106.1484,46.5622],[106.1446,46.6144],[106.0249,46.6372],[105.9902,46.6543],[105.9692,46.6716],[105.8944,46.698],[105.8464,46.7414],[105.694,46.7358],[105.621,46.6699],[105.5444,46.6053],[105.4753,46.5387],[105.4479,46.5216],[105.4056,46.4616],[105.4441,46.41],[105.4325,46.2818],[105.4095,46.1475],[105.3739,46.0854],[105.3418,46.0549],[105.3915,45.9884],[105.4134,45.9573],[105.4863,45.9342],[105.5563,45.9387],[105.6188,45.9854],[105.7546,45.963],[105.8145,45.9411],[105.8164,45.9858],[105.81,46.0643],[105.9103,46.1033],[106.058,46.0966],[106.0151,46.1714],[106.0076,46.2158],[105.9656,46.2744],[105.9334,46.3404],[105.9233,46.5414],[106.0527,46.5412],[106.1484,46.5622]]]}},{"type":"Feature","properties":{"aimagId":62,"aimagName":"Өвөрхангай","asCode":6228,"soumId":28,"name":"Зүүнбаян-Улаан","nameEn":"Zu'unbayan-Ulaan"},"geometry":{"type":"Polygon","coordinates":[[[102.944,46.7064],[102.9226,46.7042],[102.8306,46.7006],[102.7626,46.7506],[102.6938,46.7251],[102.6036,46.7401],[102.5483,46.7564],[102.4669,46.7372],[102.3956,46.728],[102.3699,46.726],[102.3618,46.7195],[102.3545,46.6965],[102.3549,46.6819],[102.3436,46.672],[102.3536,46.643],[102.3742,46.623],[102.3884,46.6179],[102.4109,46.6039],[102.4135,46.5971],[102.4408,46.5788],[102.415,46.5611],[102.4034,46.5565],[102.3933,46.5443],[102.3923,46.5159],[102.4101,46.4656],[102.4372,46.4348],[102.4678,46.4253],[102.4965,46.4069],[102.5382,46.4137],[102.6377,46.4183],[102.6962,46.4713],[102.8303,46.455],[102.9322,46.3951],[103.05,46.3069],[103.1365,46.2016],[103.1762,46.1297],[103.2796,46.0965],[103.2831,46.1304],[103.307,46.1834],[103.3038,46.2176],[103.3073,46.2793],[103.301,46.293],[103.2709,46.3319],[103.2605,46.3837],[103.2504,46.5299],[103.2016,46.5803],[103.1612,46.616],[103.0359,46.6409],[102.9894,46.6686],[102.944,46.7064]]]}},{"type":"Feature","properties":{"aimagId":84,"aimagName":"Ховд","asCode":8443,"soumId":43,"name":"Цэцэг","nameEn":"Ceceg"},"geometry":{"type":"Polygon","coordinates":[[[93.5438,46.6354],[93.5228,46.6619],[93.4861,46.6818],[93.4315,46.7136],[93.4179,46.745],[93.3383,46.7616],[93.31,46.7743],[93.2808,46.7709],[93.2485,46.7707],[93.2161,46.7163],[93.2353,46.7157],[93.2177,46.6971],[93.2299,46.6782],[93.2217,46.6574],[93.2208,46.6443],[93.0544,46.5841],[93.0223,46.5802],[92.9797,46.5873],[92.9489,46.5737],[92.9314,46.5708],[92.9066,46.5608],[92.8788,46.545],[92.8825,46.5249],[92.8567,46.501],[92.8435,46.4943],[92.8386,46.4734],[92.8452,46.4525],[92.8451,46.4203],[92.869,46.391],[92.8923,46.3673],[92.9173,46.3491],[92.9308,46.3284],[92.9536,46.3085],[92.9766,46.2784],[92.9886,46.252],[92.9993,46.2042],[92.9805,46.1378],[92.9464,46.1084],[92.9705,46.0883],[92.9922,46.0804],[93.0268,46.0741],[93.0412,46.0845],[93.0556,46.0884],[93.0686,46.101],[93.0733,46.1122],[93.0987,46.0964],[93.1225,46.049],[93.1395,46.0466],[93.1637,46.0118],[93.2074,45.984],[93.2476,45.9614],[93.3099,45.944],[93.3341,45.9229],[93.383,45.9082],[93.4057,45.9291],[93.4426,45.9542],[93.4472,45.971],[93.4445,45.9854],[93.4025,46.006],[93.4014,46.0277],[93.4276,46.0417],[93.4403,46.0586],[93.4744,46.0976],[93.4617,46.117],[93.4806,46.1365],[93.5103,46.1828],[93.5406,46.2048],[93.5551,46.2519],[93.6063,46.3201],[93.6245,46.3481],[93.6473,46.394],[93.5918,46.4644],[93.6073,46.4956],[93.5664,46.5231],[93.5282,46.5719],[93.5009,46.5984],[93.5438,46.6354]]]}},{"type":"Feature","properties":{"aimagId":48,"aimagName":"Дундговь","asCode":4840,"soumId":40,"name":"Цагаандэлгэр","nameEn":"Cagaandelger"},"geometry":{"type":"Polygon","coordinates":[[[108.2776,46.5664],[108.2418,46.6171],[108.2359,46.6207],[108.2003,46.6269],[108.1359,46.6713],[108.0052,46.7243],[107.9961,46.7373],[107.9812,46.7499],[107.9566,46.7616],[107.9419,46.7623],[107.9263,46.7706],[107.9,46.7719],[107.8843,46.7809],[107.8416,46.6798],[107.836,46.5587],[107.6097,46.5584],[107.5014,46.4555],[107.4586,46.4182],[107.3997,46.4232],[107.1545,46.4036],[107.1392,46.2639],[107.3179,46.2809],[107.5084,46.3045],[107.6074,46.2932],[107.7218,46.1952],[107.7734,46.1659],[107.7906,46.1249],[107.8108,46.0462],[107.8185,46.025],[107.9357,46.0851],[108.0683,46.1305],[108.1445,46.0764],[108.2395,46.1214],[108.2594,46.1838],[108.26,46.2103],[108.2848,46.2539],[108.306,46.2841],[108.3017,46.3098],[108.2948,46.3226],[108.2969,46.3422],[108.2332,46.3982],[108.1572,46.4892],[108.1814,46.5262],[108.1955,46.5407],[108.2776,46.5664]]]}},{"type":"Feature","properties":{"aimagId":22,"aimagName":"Сүхбаатар","asCode":2225,"soumId":25,"name":"Түвшинширээ","nameEn":"Tu'vshinshiree"},"geometry":{"type":"Polygon","coordinates":[[[111.8288,46.7018],[111.7341,46.6986],[111.6584,46.6902],[111.5978,46.6918],[111.4587,46.7823],[111.3857,46.7734],[111.3507,46.7362],[111.251,46.6494],[111.2709,46.5801],[111.274,46.5572],[111.3097,46.4445],[111.3227,46.4245],[111.2541,46.3103],[111.2186,46.2675],[111.2317,46.2358],[111.2957,46.2181],[111.3416,46.2075],[111.4557,46.1601],[111.5341,46.1245],[111.5774,46.11],[111.6412,46.0937],[111.689,46.0007],[111.7446,45.9247],[111.7523,45.9089],[111.7601,45.8578],[111.7785,45.8252],[111.7882,45.7975],[111.8435,45.8257],[111.9091,45.8731],[111.9762,45.8935],[112.0494,45.9307],[112.1145,45.9548],[112.1691,46.0923],[112.1122,46.2489],[112.0198,46.3297],[111.9747,46.3835],[111.953,46.4384],[111.9051,46.4693],[111.8688,46.5981],[111.8288,46.7018]]]}},{"type":"Feature","properties":{"aimagId":62,"aimagName":"Өвөрхангай","asCode":6234,"soumId":34,"name":"Өлзийт","nameEn":"O'lziit"},"geometry":{"type":"Polygon","coordinates":[[[103.73,46.2525],[103.7317,46.3284],[103.6954,46.3741],[103.6966,46.4073],[103.6477,46.4367],[103.6185,46.4715],[103.5987,46.5269],[103.601,46.5835],[103.5961,46.6013],[103.5926,46.6309],[103.556,46.6316],[103.53,46.6381],[103.4625,46.6802],[103.4321,46.7112],[103.3721,46.7576],[103.3625,46.828],[103.2653,46.8101],[103.2143,46.7977],[103.1539,46.7438],[102.944,46.7064],[102.9894,46.6686],[103.0359,46.6409],[103.1612,46.616],[103.2016,46.5803],[103.2504,46.5299],[103.2605,46.3837],[103.2709,46.3319],[103.301,46.293],[103.3073,46.2793],[103.3038,46.2176],[103.4052,46.2038],[103.4709,46.2113],[103.5329,46.2156],[103.5936,46.2161],[103.64,46.2348],[103.73,46.2525]]]}},{"type":"Feature","properties":{"aimagId":42,"aimagName":"Говьсүмбэр","asCode":4204,"soumId":4,"name":"Баянтал","nameEn":"Bayantal"},"geometry":{"type":"Polygon","coordinates":[[[108.4868,46.793],[108.2616,46.8243],[108.181,46.8283],[108.1119,46.8218],[108.0236,46.8154],[107.9757,46.7811],[107.8843,46.7809],[107.9,46.7719],[107.9263,46.7706],[107.9419,46.7623],[107.9566,46.7616],[107.9812,46.7499],[107.9961,46.7373],[108.0052,46.7243],[108.1359,46.6713],[108.2003,46.6269],[108.2359,46.6207],[108.2418,46.6171],[108.2776,46.5664],[108.3457,46.5012],[108.5024,46.5705],[108.4897,46.6708],[108.4868,46.793]]]}},{"type":"Feature","properties":{"aimagId":82,"aimagName":"Говь-Алтай","asCode":8249,"soumId":49,"name":"Шарга","nameEn":"Sharga"},"geometry":{"type":"Polygon","coordinates":[[[95.6365,46.844],[95.5827,46.8398],[95.4574,46.7734],[95.4177,46.7285],[95.4022,46.7045],[95.2622,46.7431],[95.1564,46.7571],[95.1158,46.7494],[94.9396,46.7066],[94.6915,46.7275],[94.7264,46.5908],[94.7203,46.5817],[94.7484,46.5422],[94.7465,46.5308],[94.7125,46.5124],[94.7102,46.5019],[94.6823,46.4803],[94.6403,46.4686],[94.5811,46.3828],[94.5698,46.3639],[94.7263,46.2362],[94.5808,46.1725],[94.7852,46.1282],[94.9857,46.1478],[95.1435,46.1735],[95.3574,46.2006],[95.5322,46.2813],[95.6756,46.3213],[95.7759,46.3464],[95.8675,46.3774],[95.8424,46.4139],[95.8711,46.4242],[95.8822,46.4367],[95.8951,46.444],[95.9147,46.4486],[95.9242,46.4752],[95.9227,46.4955],[95.9662,46.6199],[96.0139,46.6999],[95.8007,46.7893],[95.7321,46.7848],[95.6365,46.844]]]}},{"type":"Feature","properties":{"aimagId":82,"aimagName":"Говь-Алтай","asCode":8216,"soumId":16,"name":"Дарив","nameEn":"Darvi"},"geometry":{"type":"Polygon","coordinates":[[[94.6915,46.7275],[94.5742,46.7314],[94.5506,46.7517],[94.4675,46.7893],[94.2737,46.857],[94.3069,46.7788],[94.0882,46.7209],[93.9362,46.7072],[93.8382,46.6222],[93.7862,46.6031],[93.7574,46.6005],[93.7248,46.6031],[93.6895,46.6234],[93.5824,46.6205],[93.6172,46.6139],[93.6959,46.5813],[93.8127,46.4868],[93.8639,46.4254],[93.9326,46.4173],[94.1008,46.345],[94.2171,46.3547],[94.2222,46.2789],[94.2636,46.2403],[94.4374,46.1319],[94.5808,46.1725],[94.7263,46.2362],[94.5698,46.3639],[94.5811,46.3828],[94.6403,46.4686],[94.6823,46.4803],[94.7102,46.5019],[94.7125,46.5124],[94.7465,46.5308],[94.7484,46.5422],[94.7203,46.5817],[94.7264,46.5908],[94.6915,46.7275]]]}},{"type":"Feature","properties":{"aimagId":64,"aimagName":"Баянхонгор","asCode":6458,"soumId":58,"name":"Эрдэнэцогт","nameEn":"Erdenecogt"},"geometry":{"type":"Polygon","coordinates":[[[101.3312,46.7651],[101.2987,46.7809],[101.2668,46.8047],[101.2462,46.8174],[101.1872,46.8339],[101.1694,46.8521],[101.1254,46.8701],[101.0735,46.8593],[101.0746,46.8425],[101.0502,46.8399],[101.0366,46.8336],[101.0037,46.8451],[100.9915,46.8398],[100.9696,46.8384],[100.9527,46.8422],[100.9281,46.8377],[100.9204,46.8407],[100.881,46.8452],[100.851,46.8591],[100.836,46.8482],[100.8229,46.8445],[100.7942,46.8511],[100.7421,46.8321],[100.7358,46.8335],[100.7244,46.852],[100.7082,46.8511],[100.6637,46.8619],[100.6611,46.828],[100.6674,46.7668],[100.6716,46.7403],[100.6496,46.7092],[100.6282,46.6848],[100.6049,46.6713],[100.5745,46.6461],[100.5631,46.6392],[100.5816,46.6157],[100.552,46.6024],[100.5395,46.5777],[100.5379,46.5492],[100.5335,46.5222],[100.5408,46.503],[100.5346,46.4894],[100.5375,46.4629],[100.5542,46.4545],[100.576,46.4549],[100.5827,46.4389],[100.5907,46.4353],[100.5987,46.4187],[100.5961,46.4097],[100.604,46.3867],[100.6293,46.3869],[100.6435,46.3572],[100.6683,46.3406],[100.6937,46.3341],[100.7251,46.318],[100.7316,46.3024],[100.7169,46.2908],[100.7201,46.2736],[100.7144,46.2695],[100.7177,46.2527],[100.724,46.246],[100.7526,46.2553],[100.8085,46.247],[100.86,46.2521],[100.9416,46.2263],[100.9784,46.2522],[100.9823,46.2621],[100.9971,46.2671],[101.0036,46.276],[101.0231,46.287],[101.0484,46.2789],[101.0656,46.2662],[101.107,46.248],[101.131,46.2304],[101.1366,46.2386],[101.1724,46.2621],[101.1862,46.2672],[101.1998,46.2816],[101.2397,46.2978],[101.2883,46.3135],[101.3464,46.319],[101.3691,46.3274],[101.4148,46.3331],[101.4129,46.346],[101.4708,46.3664],[101.4662,46.3921],[101.4815,46.3959],[101.4984,46.4059],[101.5021,46.4234],[101.5342,46.4357],[101.5554,46.4532],[101.5208,46.4962],[101.5071,46.529],[101.4892,46.5461],[101.4903,46.5824],[101.5048,46.597],[101.5426,46.6134],[101.4554,46.6829],[101.3624,46.729],[101.3312,46.7651]]]}},{"type":"Feature","properties":{"aimagId":62,"aimagName":"Өвөрхангай","asCode":6213,"soumId":13,"name":"Баян-Өндөр","nameEn":"Bayan-O'ndor"},"geometry":{"type":"Polygon","coordinates":[[[104.2385,46.8948],[104.1005,46.9049],[103.9978,46.8623],[103.8244,46.8371],[103.8411,46.8161],[103.8489,46.7779],[103.9085,46.6783],[103.8936,46.6098],[103.9199,46.5459],[103.9361,46.5008],[103.9741,46.4497],[104.0204,46.4281],[104.0901,46.3121],[104.1056,46.2695],[104.0172,46.2424],[104.0447,46.1412],[104.1495,46.1171],[104.1706,46.1132],[104.301,46.1242],[104.4691,46.1259],[104.5589,46.1372],[104.5477,46.1928],[104.6195,46.2384],[104.6438,46.2512],[104.6149,46.3123],[104.6629,46.3854],[104.6165,46.4042],[104.5516,46.4408],[104.482,46.4789],[104.4187,46.4904],[104.3744,46.5326],[104.3752,46.6051],[104.393,46.6737],[104.29,46.814],[104.2763,46.854],[104.2385,46.8948]]]}},{"type":"Feature","properties":{"aimagId":22,"aimagName":"Сүхбаатар","asCode":2231,"soumId":31,"name":"Уулбаян","nameEn":"Uulbayan"},"geometry":{"type":"Polygon","coordinates":[[[112.8743,46.8754],[112.6502,46.8864],[112.478,46.9128],[112.3892,46.8684],[112.3022,46.8719],[112.256,46.8621],[112.1736,46.8576],[112.1428,46.8374],[112.0766,46.787],[112.0322,46.7814],[111.8108,46.7565],[111.8288,46.7018],[111.8688,46.5981],[111.9051,46.4693],[111.953,46.4384],[111.9747,46.3835],[112.0198,46.3297],[112.1122,46.2489],[112.1691,46.0923],[112.4091,46.1953],[112.4389,46.207],[112.5992,46.2892],[112.6512,46.357],[112.7165,46.453],[112.9044,46.5954],[113.0628,46.6343],[112.9368,46.7633],[112.8743,46.8754]]]}},{"type":"Feature","properties":{"aimagId":64,"aimagName":"Баянхонгор","asCode":6452,"soumId":52,"name":"Хүрээмарал","nameEn":"Xu'reemaral"},"geometry":{"type":"Polygon","coordinates":[[[98.9271,46.6635],[98.8893,46.7288],[98.9222,46.7604],[98.8659,46.8265],[98.8312,46.8578],[98.8158,46.941],[98.7811,46.9109],[98.6367,46.8502],[98.5929,46.8195],[98.5822,46.8044],[98.5419,46.7286],[98.5066,46.7048],[98.4775,46.6917],[98.3615,46.6543],[98.2877,46.6497],[98.2697,46.6526],[98.2155,46.6268],[98.1628,46.6182],[98.1039,46.6218],[98.0074,46.6098],[97.8983,46.6231],[97.835,46.6083],[97.7945,46.5599],[97.7034,46.5096],[97.6666,46.517],[97.6692,46.4723],[97.6747,46.4439],[97.7072,46.4266],[97.7278,46.4104],[97.7362,46.3583],[97.7293,46.3341],[97.7749,46.3231],[97.7899,46.3022],[97.8,46.2654],[97.9494,46.2081],[98.0024,46.1308],[98.062,46.1074],[98.1249,46.0868],[98.1736,46.0449],[98.1804,46.0138],[98.2088,46.0275],[98.3025,46.0786],[98.2814,46.1743],[98.3744,46.287],[98.5384,46.391],[98.5715,46.4001],[98.6171,46.4038],[98.6396,46.4111],[98.6551,46.4327],[98.6642,46.4392],[98.7377,46.4531],[98.8124,46.4389],[98.8211,46.4418],[98.8981,46.4469],[98.9317,46.5828],[98.9319,46.6522],[98.9271,46.6635]]]}},{"type":"Feature","properties":{"aimagId":23,"aimagName":"Хэнтий","asCode":2325,"soumId":25,"name":"Галшар","nameEn":"Galshir"},"geometry":{"type":"Polygon","coordinates":[[[111.4369,46.9461],[111.3335,46.9564],[111.2689,46.9458],[111.1879,46.9238],[111.0046,46.8867],[110.9504,46.9019],[110.732,46.9016],[110.6295,46.9367],[110.5859,46.9173],[110.4778,46.8337],[110.431,46.8031],[110.3286,46.8185],[110.1945,46.8477],[110.108,46.8695],[110.05,46.7091],[110.0303,46.6308],[110.0699,46.6331],[110.1129,46.6233],[110.1873,46.6115],[110.2019,46.5667],[110.3331,46.4435],[110.3819,46.4179],[110.4597,46.371],[110.4899,46.2968],[110.5651,46.2221],[110.5859,46.195],[110.5919,46.1345],[110.6577,46.0919],[110.7547,46.0787],[110.8195,46.0676],[110.9648,46.0596],[111.0142,46.0909],[111.041,46.1132],[111.1216,46.1529],[111.2317,46.2358],[111.2186,46.2675],[111.2541,46.3103],[111.3227,46.4245],[111.3097,46.4445],[111.274,46.5572],[111.2709,46.5801],[111.251,46.6494],[111.3507,46.7362],[111.3857,46.7734],[111.4065,46.8065],[111.4202,46.8428],[111.4369,46.9461]]]}},{"type":"Feature","properties":{"aimagId":82,"aimagName":"Говь-Алтай","asCode":8225,"soumId":25,"name":"Тайшир","nameEn":"Taishir"},"geometry":{"type":"Polygon","coordinates":[[[96.7348,46.2576],[96.7445,46.4691],[96.783,46.495],[96.8418,46.5281],[96.9805,46.5783],[96.987,46.5895],[96.9415,46.6563],[96.9451,46.6983],[96.8778,46.7401],[96.8402,46.7949],[96.7914,46.8749],[96.7317,46.8971],[96.6613,46.9604],[96.5527,46.8929],[96.3607,46.8457],[96.3547,46.8416],[96.1037,46.7431],[96.015,46.7211],[96.0139,46.6999],[95.9662,46.6199],[95.9227,46.4955],[95.9242,46.4752],[95.9476,46.4676],[96.0202,46.4663],[96.1818,46.4378],[96.2307,46.4489],[96.275,46.4405],[96.3396,46.4221],[96.3778,46.3061],[96.3118,46.2715],[96.5175,46.2172],[96.5563,46.2293],[96.6016,46.2145],[96.7348,46.2576]]]}},{"type":"Feature","properties":{"aimagId":41,"aimagName":"Төв","asCode":4146,"soumId":46,"name":"Дэлгэрхаан","nameEn":"Delgerxaan"},"geometry":{"type":"Polygon","coordinates":[[[104.6494,46.9211],[104.6075,46.9276],[104.5179,46.9519],[104.4833,46.9594],[104.4678,46.9749],[104.4461,46.9702],[104.4232,46.9551],[104.3956,46.9584],[104.3811,46.9548],[104.3444,46.9583],[104.3339,46.9656],[104.3143,46.9263],[104.2385,46.8948],[104.2763,46.854],[104.29,46.814],[104.393,46.6737],[104.3752,46.6051],[104.3744,46.5326],[104.4187,46.4904],[104.482,46.4789],[104.5516,46.4408],[104.6165,46.4042],[104.6629,46.3854],[104.7872,46.4747],[104.8646,46.5335],[104.8988,46.5683],[104.9457,46.5847],[104.9922,46.5871],[104.9855,46.6625],[104.9873,46.6917],[104.9452,46.7202],[104.9181,46.7135],[104.8451,46.7433],[104.826,46.7805],[104.7832,46.8546],[104.6494,46.9211]]]}},{"type":"Feature","properties":{"aimagId":62,"aimagName":"Өвөрхангай","asCode":6225,"soumId":25,"name":"Есөн зүйл","nameEn":"Yeso'nzu'il"},"geometry":{"type":"Polygon","coordinates":[[[103.8244,46.8371],[103.6974,46.8555],[103.6421,46.8852],[103.5093,46.9238],[103.4909,46.9338],[103.3702,46.9911],[103.3561,46.9793],[103.255,46.9156],[103.3625,46.828],[103.3721,46.7576],[103.4321,46.7112],[103.4625,46.6802],[103.53,46.6381],[103.556,46.6316],[103.5926,46.6309],[103.5961,46.6013],[103.601,46.5835],[103.5987,46.5269],[103.6185,46.4715],[103.6477,46.4367],[103.6966,46.4073],[103.6954,46.3741],[103.7317,46.3284],[103.73,46.2525],[103.8316,46.2471],[103.8979,46.2446],[104.0172,46.2424],[104.1056,46.2695],[104.0901,46.3121],[104.0204,46.4281],[103.9741,46.4497],[103.9361,46.5008],[103.9199,46.5459],[103.8936,46.6098],[103.9085,46.6783],[103.8489,46.7779],[103.8411,46.8161],[103.8244,46.8371]]]}},{"type":"Feature","properties":{"aimagId":84,"aimagName":"Ховд","asCode":8431,"soumId":31,"name":"Мөст","nameEn":"Mo'st"},"geometry":{"type":"Polygon","coordinates":[[[93.1489,46.82],[93.0912,46.8354],[93.0257,46.8585],[92.9382,46.8729],[92.8895,46.8843],[92.8542,46.9178],[92.8387,46.9394],[92.8113,46.9514],[92.7528,46.9505],[92.6793,46.9948],[92.5634,46.958],[92.5386,46.9401],[92.5083,46.9301],[92.4558,46.919],[92.3913,46.9164],[92.3726,46.9247],[92.3411,46.9216],[92.2802,46.9284],[92.2493,46.9164],[92.1703,46.8933],[92.1663,46.8731],[92.1269,46.865],[92.0965,46.8715],[92.0735,46.8716],[92.036,46.8603],[92.0143,46.8454],[92.024,46.8365],[92.0154,46.7979],[92.0538,46.7643],[92.0085,46.7437],[91.9577,46.7326],[91.9479,46.6932],[92.0346,46.679],[92.0369,46.6459],[92.0566,46.6354],[92.1215,46.612],[92.121,46.6004],[92.1674,46.5636],[92.1757,46.5461],[92.202,46.5241],[92.267,46.5027],[92.3335,46.4371],[92.3773,46.4424],[92.4847,46.4288],[92.5002,46.4352],[92.5413,46.4422],[92.5589,46.4556],[92.6181,46.4724],[92.7146,46.4529],[92.7468,46.4288],[92.796,46.4169],[92.8266,46.3961],[92.8259,46.3876],[92.8368,46.379],[92.869,46.391],[92.8451,46.4203],[92.8452,46.4525],[92.8386,46.4734],[92.8435,46.4943],[92.8567,46.501],[92.8825,46.5249],[92.8788,46.545],[92.9066,46.5608],[92.9314,46.5708],[92.9489,46.5737],[92.9797,46.5873],[93.0223,46.5802],[93.0544,46.5841],[93.2208,46.6443],[93.2217,46.6574],[93.2299,46.6782],[93.2177,46.6971],[93.2353,46.7157],[93.2161,46.7163],[93.2485,46.7707],[93.1993,46.7959],[93.1965,46.8047],[93.1489,46.82]]]}},{"type":"Feature","properties":{"aimagId":42,"aimagName":"Говьсүмбэр","asCode":4201,"soumId":1,"name":"Сүмбэр","nameEn":"Su'mber"},"geometry":{"type":"Polygon","coordinates":[[[108.9589,46.9685],[108.9433,46.9724],[108.927,46.9667],[108.9015,46.9807],[108.8841,46.9798],[108.873,46.9883],[108.864,46.985],[108.8405,46.9997],[108.8357,46.9352],[108.7743,46.8741],[108.5571,46.7921],[108.4868,46.793],[108.4897,46.6708],[108.5024,46.5705],[108.3457,46.5012],[108.2776,46.5664],[108.1955,46.5407],[108.1814,46.5262],[108.1572,46.4892],[108.2332,46.3982],[108.2969,46.3422],[108.2948,46.3226],[108.3017,46.3098],[108.306,46.2841],[108.2848,46.2539],[108.26,46.2103],[108.2594,46.1838],[108.2395,46.1214],[108.1445,46.0764],[108.2156,46.007],[108.3045,46.0544],[108.3668,46.0511],[108.4399,46.1066],[108.47,46.1684],[108.4621,46.1975],[108.5331,46.2871],[108.7158,46.1811],[108.7861,46.2359],[108.9496,46.4241],[109.0196,46.5067],[109.0439,46.5628],[109.0519,46.5719],[109.0411,46.6144],[109.0416,46.7096],[109.0591,46.7277],[109.0766,46.7662],[109.0985,46.8336],[109.1202,46.8642],[109.1,46.8814],[109.0603,46.8648],[108.9515,46.8376],[108.9589,46.9685]]]}},{"type":"Feature","properties":{"aimagId":23,"aimagName":"Хэнтий","asCode":2331,"soumId":31,"name":"Дархан","nameEn":"Darxan"},"geometry":{"type":"Polygon","coordinates":[[[109.471,46.1744],[109.5495,46.173],[109.6939,46.179],[109.8748,46.2371],[109.9579,46.2799],[110.0196,46.3554],[110.0252,46.4369],[110.0722,46.4956],[110.0399,46.5102],[110.0303,46.6308],[109.8458,46.6199],[109.7382,46.6298],[109.5478,46.7582],[109.504,46.777],[109.4115,46.8049],[109.3352,46.8044],[109.2764,46.9094],[109.2712,46.9453],[109.2577,46.9635],[109.2365,46.9708],[109.2335,46.9759],[109.2077,46.9895],[109.1935,46.9871],[109.1742,46.9959],[109.1568,46.9977],[109.126,47.0084],[109.1131,47.01],[109.0952,47.0057],[109.0385,46.9823],[109.0071,46.9634],[108.9946,46.9608],[108.9788,46.9701],[108.9589,46.9685],[108.9515,46.8376],[109.0603,46.8648],[109.1,46.8814],[109.1202,46.8642],[109.0985,46.8336],[109.0766,46.7662],[109.0591,46.7277],[109.0416,46.7096],[109.0411,46.6144],[109.0519,46.5719],[109.0439,46.5628],[109.0196,46.5067],[109.0543,46.4334],[109.1642,46.3967],[109.1894,46.3353],[109.1518,46.3247],[109.3288,46.1968],[109.3139,46.3028],[109.4019,46.2972],[109.4272,46.305],[109.4717,46.2894],[109.4791,46.2711],[109.4803,46.2247],[109.471,46.1744]]]}},{"type":"Feature","properties":{"aimagId":62,"aimagName":"Өвөрхангай","asCode":6207,"soumId":7,"name":"Бат-Өлзий","nameEn":"Bat-O'lzii"},"geometry":{"type":"Polygon","coordinates":[[[102.4221,46.9119],[102.3533,46.9644],[102.306,47.0093],[102.2921,47.0407],[102.1365,47.0118],[102.104,46.9887],[102.0599,46.998],[102.0391,46.9819],[101.9879,46.991],[101.9787,46.9943],[101.8594,46.9689],[101.8165,46.9483],[101.826,46.9306],[101.8469,46.9057],[101.7906,46.8636],[101.634,46.8646],[101.5277,46.8531],[101.4773,46.8461],[101.4068,46.8264],[101.355,46.8152],[101.3312,46.7651],[101.3624,46.729],[101.4554,46.6829],[101.5426,46.6134],[101.5991,46.5983],[101.6575,46.6192],[101.7254,46.6267],[101.7553,46.6473],[101.7759,46.6543],[101.7948,46.6469],[101.8217,46.6028],[101.8298,46.5728],[101.8384,46.5671],[101.8518,46.536],[101.8714,46.5312],[101.9097,46.5317],[101.9424,46.5672],[102.0036,46.6021],[102.0338,46.6211],[102.0687,46.6339],[102.0896,46.6551],[102.1134,46.656],[102.1882,46.6762],[102.2017,46.6994],[102.2974,46.7166],[102.3699,46.726],[102.3956,46.728],[102.4669,46.7372],[102.4465,46.7631],[102.4171,46.7901],[102.3677,46.8897],[102.3888,46.8937],[102.4077,46.8909],[102.4096,46.908],[102.4221,46.9119]]]}},{"type":"Feature","properties":{"aimagId":41,"aimagName":"Төв","asCode":4131,"soumId":31,"name":"Баянцагаан","nameEn":"Bayancagaan"},"geometry":{"type":"Polygon","coordinates":[[[107.2754,47.0734],[107.1879,47.0804],[107.1047,47.0854],[106.9163,47.0774],[106.8609,47.072],[106.7289,47.0699],[106.7,47.0684],[106.5919,47.0594],[106.531,47.0084],[106.5455,46.9131],[106.5588,46.8316],[106.5814,46.682],[106.5482,46.5939],[106.6426,46.5958],[106.7574,46.5855],[106.9082,46.5366],[107.0797,46.416],[107.1545,46.4036],[107.3997,46.4232],[107.4586,46.4182],[107.5014,46.4555],[107.6097,46.5584],[107.836,46.5587],[107.8416,46.6798],[107.8843,46.7809],[107.8472,46.7986],[107.8068,46.8112],[107.7929,46.8131],[107.7818,46.8462],[107.7518,46.889],[107.7606,46.9013],[107.7281,46.9467],[107.6855,46.9792],[107.6487,46.9788],[107.5995,46.9907],[107.5709,47.0577],[107.474,47.0595],[107.3019,47.0601],[107.2754,47.0734]]]}},{"type":"Feature","properties":{"aimagId":62,"aimagName":"Өвөрхангай","asCode":6255,"soumId":55,"name":"Хужирт","nameEn":"Xujirt"},"geometry":{"type":"Polygon","coordinates":[[[103.255,46.9156],[103.1951,46.9336],[103.1295,46.8826],[103.0304,46.9013],[102.9548,46.919],[102.8992,46.9485],[102.8882,46.9776],[102.8511,46.9926],[102.7718,47.0009],[102.6231,47.0535],[102.5335,47.1117],[102.5109,47.0778],[102.5371,47.0334],[102.5249,46.9561],[102.5168,46.9468],[102.506,46.9454],[102.4967,46.9313],[102.4864,46.9261],[102.4728,46.9294],[102.4545,46.9169],[102.4415,46.9193],[102.4374,46.9104],[102.4221,46.9119],[102.4096,46.908],[102.4077,46.8909],[102.3888,46.8937],[102.3677,46.8897],[102.4171,46.7901],[102.4465,46.7631],[102.4669,46.7372],[102.5483,46.7564],[102.6036,46.7401],[102.6938,46.7251],[102.7626,46.7506],[102.8306,46.7006],[102.9226,46.7042],[102.944,46.7064],[103.1539,46.7438],[103.2143,46.7977],[103.2653,46.8101],[103.3625,46.828],[103.255,46.9156]]]}},{"type":"Feature","properties":{"aimagId":64,"aimagName":"Баянхонгор","asCode":6434,"soumId":34,"name":"Галуут","nameEn":"Galuut"},"geometry":{"type":"Polygon","coordinates":[[[100.6448,46.8681],[100.6284,46.891],[100.6139,46.9176],[100.6309,46.9449],[100.6026,46.9701],[100.5891,46.9633],[100.5752,46.9716],[100.5457,46.975],[100.5284,46.98],[100.4704,46.9758],[100.45,46.9801],[100.431,46.9904],[100.4296,47.003],[100.4278,47.0803],[100.374,47.0986],[100.3883,47.115],[100.3758,47.1713],[100.359,47.196],[100.3232,47.1849],[100.2937,47.1877],[100.2571,47.1619],[100.1897,47.1714],[100.1743,47.1542],[100.1379,47.1293],[100.0834,47.1446],[100.064,47.1289],[100.0351,47.1262],[100.0175,47.1089],[100.0009,47.1075],[99.99,47.0979],[99.9682,47.1039],[99.9311,47.0931],[99.924,47.1032],[99.8908,47.0679],[99.9281,47.0443],[99.9018,46.9863],[99.8397,46.9726],[99.7777,46.9369],[99.7444,46.9287],[99.7373,46.9225],[99.6903,46.9098],[99.6799,46.8806],[99.6921,46.8374],[99.6731,46.7695],[99.7418,46.7334],[99.7387,46.7251],[99.6643,46.6572],[99.5874,46.6331],[99.5037,46.6187],[99.4625,46.6041],[99.3799,46.6091],[99.3505,46.588],[99.408,46.5748],[99.4527,46.5526],[99.6067,46.5638],[99.6878,46.5137],[99.7656,46.494],[99.8023,46.4707],[99.8271,46.4334],[99.9166,46.439],[99.9461,46.3916],[99.98,46.3693],[99.9861,46.3488],[100.0388,46.3158],[100.0872,46.2987],[100.1728,46.3196],[100.1983,46.3159],[100.2109,46.3538],[100.1832,46.3759],[100.2169,46.4208],[100.2435,46.4405],[100.2931,46.466],[100.3216,46.507],[100.3519,46.5114],[100.4486,46.5396],[100.4829,46.5573],[100.5153,46.5651],[100.5395,46.5777],[100.552,46.6024],[100.5816,46.6157],[100.5631,46.6392],[100.5745,46.6461],[100.6049,46.6713],[100.6282,46.6848],[100.6496,46.7092],[100.6716,46.7403],[100.6674,46.7668],[100.6611,46.828],[100.6637,46.8619],[100.6448,46.8681]]]}},{"type":"Feature","properties":{"aimagId":23,"aimagName":"Хэнтий","asCode":2313,"soumId":13,"name":"Баянмөнх","nameEn":"Bayanmo'nx"},"geometry":{"type":"Polygon","coordinates":[[[110.0438,47.002],[109.9689,47.0632],[109.8858,47.1094],[109.8766,47.2076],[109.5875,47.1483],[109.5144,47.1423],[109.4985,47.1152],[109.4748,47.0426],[109.4788,46.9736],[109.4218,46.9616],[109.3876,46.9486],[109.3708,46.9521],[109.3621,46.9468],[109.3384,46.9448],[109.3184,46.9472],[109.3008,46.9578],[109.2667,46.9673],[109.2577,46.9635],[109.2712,46.9453],[109.2764,46.9094],[109.3352,46.8044],[109.4115,46.8049],[109.504,46.777],[109.5478,46.7582],[109.7382,46.6298],[109.8458,46.6199],[110.0303,46.6308],[110.05,46.7091],[110.108,46.8695],[110.0543,46.9186],[110.0536,46.948],[110.0438,47.002]]]}},{"type":"Feature","properties":{"aimagId":41,"aimagName":"Төв","asCode":4143,"soumId":43,"name":"Бүрэн","nameEn":"Bu'ren"},"geometry":{"type":"Polygon","coordinates":[[[105.3755,47.2174],[105.2737,47.2225],[105.1888,47.2149],[105.0816,47.186],[104.978,47.1652],[104.9401,47.1117],[104.8539,47.1085],[104.7178,47.0875],[104.6494,46.9211],[104.7832,46.8546],[104.826,46.7805],[104.8451,46.7433],[104.9181,46.7135],[104.9452,46.7202],[104.9873,46.6917],[104.9855,46.6625],[104.9922,46.5871],[105.0149,46.5776],[105.1316,46.5579],[105.2292,46.5305],[105.2686,46.5084],[105.4056,46.4616],[105.4479,46.5216],[105.4753,46.5387],[105.5444,46.6053],[105.621,46.6699],[105.694,46.7358],[105.5769,46.7787],[105.5542,46.8237],[105.5367,46.8952],[105.5152,46.9249],[105.48,46.9409],[105.4675,46.9555],[105.4566,46.9585],[105.3965,47.0136],[105.3636,47.0877],[105.3755,47.2174]]]}},{"type":"Feature","properties":{"aimagId":64,"aimagName":"Баянхонгор","asCode":6407,"soumId":7,"name":"Баянбулаг","nameEn":"Bayanbulag"},"geometry":{"type":"Polygon","coordinates":[[[98.5929,46.8195],[98.5617,46.8433],[98.5378,46.8634],[98.4796,46.9371],[98.3997,46.9291],[98.4098,46.9431],[98.3682,46.9777],[98.343,46.9878],[98.3085,46.9971],[98.1952,47.0486],[98.1729,47.1478],[98.0864,47.234],[98.0729,47.2266],[97.9685,47.2176],[97.892,47.2229],[97.874,47.2053],[97.854,47.1617],[97.8701,47.0972],[97.8394,47.0622],[97.8356,47.0519],[97.7884,47.0377],[97.7893,47.0005],[97.7684,46.9331],[97.7676,46.9156],[97.7735,46.8821],[97.7638,46.8588],[97.7453,46.83],[97.7456,46.8083],[97.7403,46.7649],[97.6696,46.6757],[97.6323,46.6024],[97.6506,46.5696],[97.6505,46.5369],[97.6666,46.517],[97.7034,46.5096],[97.7945,46.5599],[97.835,46.6083],[97.8983,46.6231],[98.0074,46.6098],[98.1039,46.6218],[98.1628,46.6182],[98.2155,46.6268],[98.2697,46.6526],[98.2877,46.6497],[98.3615,46.6543],[98.4775,46.6917],[98.5066,46.7048],[98.5419,46.7286],[98.5822,46.8044],[98.5929,46.8195]]]}},{"type":"Feature","properties":{"aimagId":64,"aimagName":"Баянхонгор","asCode":6446,"soumId":46,"name":"Заг","nameEn":"Zag"},"geometry":{"type":"Polygon","coordinates":[[[99.4625,46.6041],[99.4477,46.6491],[99.4074,46.6572],[99.3892,46.7036],[99.4604,46.7042],[99.4935,46.7208],[99.5306,46.7551],[99.5617,46.7701],[99.5295,46.7963],[99.4707,46.835],[99.3967,46.8616],[99.3725,46.8817],[99.3252,46.9055],[99.3467,46.9283],[99.3646,46.935],[99.3772,46.948],[99.4424,46.984],[99.4449,46.992],[99.4615,47.0084],[99.4056,47.0252],[99.3286,47.0942],[99.3032,47.1097],[99.2908,47.1454],[99.2621,47.1664],[99.2416,47.1723],[99.2301,47.1848],[99.2293,47.1934],[99.2087,47.215],[99.2103,47.2252],[99.1864,47.2386],[99.1505,47.2415],[99.0866,47.2623],[99.0564,47.2687],[99.0193,47.2447],[99.0185,47.2219],[99.0054,47.2137],[98.9862,47.1744],[98.9862,47.1646],[98.9665,47.1478],[98.9593,47.1323],[98.9413,47.1288],[98.9326,47.1155],[98.9373,47.1004],[98.9037,47.0598],[98.9127,47.0029],[98.9126,46.9924],[98.8158,46.941],[98.8312,46.8578],[98.8659,46.8265],[98.9222,46.7604],[98.8893,46.7288],[98.9271,46.6635],[99.0159,46.6421],[99.0907,46.6415],[99.1472,46.6208],[99.191,46.6016],[99.2269,46.5803],[99.2681,46.5824],[99.2746,46.6053],[99.3352,46.6106],[99.3799,46.6091],[99.4625,46.6041]]]}},{"type":"Feature","properties":{"aimagId":41,"aimagName":"Төв","asCode":4125,"soumId":25,"name":"Баян-Өнжүүл","nameEn":"Bayan-O'njuul"},"geometry":{"type":"Polygon","coordinates":[[[106.5919,47.0594],[106.527,47.1106],[106.475,47.1978],[106.164,47.171],[106.0067,47.107],[105.8892,47.1092],[105.7856,47.1215],[105.7456,47.1617],[105.7197,47.2059],[105.6616,47.2804],[105.6266,47.2716],[105.6125,47.2719],[105.5922,47.2666],[105.5866,47.2594],[105.5613,47.2615],[105.5259,47.2613],[105.5148,47.2651],[105.4716,47.2587],[105.4596,47.2576],[105.4411,47.2442],[105.3755,47.2174],[105.3636,47.0877],[105.3965,47.0136],[105.4566,46.9585],[105.4675,46.9555],[105.48,46.9409],[105.5152,46.9249],[105.5367,46.8952],[105.5542,46.8237],[105.5769,46.7787],[105.694,46.7358],[105.8464,46.7414],[105.8944,46.698],[105.9692,46.6716],[105.9902,46.6543],[106.0249,46.6372],[106.1446,46.6144],[106.1484,46.5622],[106.2916,46.5931],[106.4117,46.5915],[106.5482,46.5939],[106.5814,46.682],[106.5588,46.8316],[106.5455,46.9131],[106.531,47.0084],[106.5919,47.0594]]]}},{"type":"Feature","properties":{"aimagId":62,"aimagName":"Өвөрхангай","asCode":6219,"soumId":19,"name":"Бүрд","nameEn":"Bu'rd"},"geometry":{"type":"Polygon","coordinates":[[[104.0461,47.3027],[104.0048,47.3169],[103.9623,47.2972],[103.8912,47.2831],[103.8339,47.2761],[103.7777,47.2833],[103.7535,47.2927],[103.6936,47.2392],[103.6534,47.2377],[103.5646,47.2063],[103.4866,47.1929],[103.5062,47.1644],[103.4946,47.1161],[103.4948,47.0907],[103.4344,47.0693],[103.3702,46.9911],[103.4909,46.9338],[103.5093,46.9238],[103.6421,46.8852],[103.6974,46.8555],[103.8244,46.8371],[103.9978,46.8623],[104.1005,46.9049],[104.2385,46.8948],[104.3143,46.9263],[104.3339,46.9656],[104.3425,46.9899],[104.3655,47.0458],[104.2706,47.0921],[104.2515,47.1154],[104.2211,47.148],[104.1164,47.1912],[104.1026,47.205],[104.1077,47.2814],[104.0461,47.3027]]]}},{"type":"Feature","properties":{"aimagId":84,"aimagName":"Ховд","asCode":8428,"soumId":28,"name":"Мөнххайрхан","nameEn":"Mo'nxxairxan"},"geometry":{"type":"Polygon","coordinates":[[[92.2493,46.9164],[92.2287,46.9458],[92.2084,46.9627],[92.1852,46.9891],[92.1647,47.0059],[92.1254,47.0291],[92.0616,47.0854],[92.0346,47.0926],[92.0268,47.1193],[92.0374,47.1507],[92.0044,47.1855],[91.9811,47.1971],[91.9796,47.2217],[91.8897,47.2778],[91.8522,47.3068],[91.8331,47.3174],[91.7503,47.2943],[91.6983,47.2866],[91.6698,47.2635],[91.6088,47.2744],[91.5781,47.261],[91.5687,47.2599],[91.4253,47.2348],[91.4433,47.2031],[91.4794,47.1826],[91.4695,47.152],[91.4713,47.1216],[91.4611,47.0903],[91.42,47.0491],[91.429,47.024],[91.403,47.0119],[91.4128,46.964],[91.4089,46.9417],[91.4509,46.9157],[91.4725,46.8904],[91.5086,46.8889],[91.5958,46.8777],[91.6455,46.8589],[91.6784,46.8178],[91.7464,46.7911],[91.7901,46.7833],[91.8009,46.7658],[91.7924,46.7509],[91.847,46.7352],[91.8678,46.7153],[91.9217,46.6888],[91.9479,46.6932],[91.9577,46.7326],[92.0085,46.7437],[92.0538,46.7643],[92.0154,46.7979],[92.024,46.8365],[92.0143,46.8454],[92.036,46.8603],[92.0735,46.8716],[92.0965,46.8715],[92.1269,46.865],[92.1663,46.8731],[92.1703,46.8933],[92.2493,46.9164]]]}},{"type":"Feature","properties":{"aimagId":41,"aimagName":"Төв","asCode":4122,"soumId":22,"name":"Баянжаргалан","nameEn":"Bayanjargalan"},"geometry":{"type":"Polygon","coordinates":[[[108.0999,47.3356],[107.9746,47.3184],[107.8098,47.3612],[107.8105,47.3455],[107.864,47.297],[107.9032,47.2503],[108.0141,47.1594],[108.0776,47.1031],[108.1038,47.0145],[108.1036,46.9521],[108.1719,46.9032],[108.181,46.8283],[108.2616,46.8243],[108.4868,46.793],[108.5571,46.7921],[108.7743,46.8741],[108.8357,46.9352],[108.8405,46.9997],[108.8083,47.0077],[108.7927,47.0202],[108.7856,47.0187],[108.7515,47.0434],[108.7506,47.055],[108.7395,47.0555],[108.7162,47.0687],[108.7095,47.0887],[108.6914,47.0975],[108.6814,47.1072],[108.6775,47.1264],[108.6612,47.1398],[108.6594,47.1583],[108.6495,47.1769],[108.6505,47.1872],[108.6429,47.1989],[108.6261,47.2106],[108.6237,47.223],[108.6091,47.2281],[108.6083,47.2443],[108.5901,47.2522],[108.5761,47.2804],[108.5599,47.2923],[108.546,47.3246],[108.5496,47.3356],[108.4944,47.322],[108.2733,47.3246],[108.0999,47.3356]]]}},{"type":"Feature","properties":{"aimagId":81,"aimagName":"Завхан","asCode":8164,"soumId":64,"name":"Шилүүстэй","nameEn":"Shilu'ustei"},"geometry":{"type":"Polygon","coordinates":[[[97.4119,46.7268],[97.4303,46.738],[97.4451,46.7332],[97.4624,46.7401],[97.4792,46.7421],[97.5012,46.7622],[97.5134,46.7644],[97.5158,46.7807],[97.5355,46.7942],[97.5191,46.796],[97.4978,46.8102],[97.4933,46.8311],[97.499,46.8611],[97.5052,46.8802],[97.4984,46.8871],[97.5011,46.9095],[97.486,46.9236],[97.4891,46.946],[97.4988,46.9587],[97.478,46.9736],[97.4675,46.9867],[97.4678,46.9951],[97.4506,47.0273],[97.4387,47.0428],[97.4433,47.0768],[97.4404,47.1008],[97.429,47.1194],[97.4435,47.1371],[97.4273,47.1898],[97.4448,47.2343],[97.4242,47.2509],[97.4238,47.2618],[97.4313,47.2716],[97.427,47.2952],[97.438,47.3024],[97.4273,47.3379],[97.4075,47.3415],[97.3864,47.3556],[97.3732,47.3599],[97.3618,47.3765],[97.3225,47.3504],[97.2635,47.3153],[97.2369,47.3364],[97.2181,47.3415],[97.1778,47.3179],[97.1344,47.2958],[97.1442,47.2912],[97.1484,47.2803],[97.1414,47.2557],[97.1293,47.2315],[97.1039,47.2007],[97.0781,47.1815],[97.0604,47.1599],[97.0306,47.1433],[97.017,47.1326],[96.9891,47.1019],[96.9549,47.0577],[96.9447,47.032],[96.9146,46.9685],[96.8658,46.9096],[96.7914,46.8749],[96.8402,46.7949],[96.8778,46.7401],[96.9451,46.6983],[96.9415,46.6563],[96.987,46.5895],[97.0182,46.5996],[97.0927,46.5882],[97.2095,46.5655],[97.2757,46.5865],[97.2824,46.5967],[97.3097,46.6107],[97.3183,46.6279],[97.3322,46.6391],[97.3512,46.6472],[97.3527,46.6556],[97.3707,46.6786],[97.3856,46.7196],[97.4026,46.7184],[97.4119,46.7268]]]}},{"type":"Feature","properties":{"aimagId":81,"aimagName":"Завхан","asCode":8158,"soumId":58,"name":"Цагаанчулуут","nameEn":"Cagaanchuluut"},"geometry":{"type":"Polygon","coordinates":[[[97.1778,47.3179],[97.1549,47.3391],[97.1311,47.3549],[97.1037,47.3498],[97.0783,47.3521],[97.0366,47.3647],[97.0133,47.413],[97.0006,47.4155],[96.9706,47.4147],[96.9548,47.4009],[96.9525,47.3882],[96.9358,47.3807],[96.8618,47.3636],[96.827,47.3543],[96.7323,47.311],[96.6882,47.2864],[96.6555,47.2718],[96.5797,47.2635],[96.5372,47.2474],[96.4563,47.262],[96.4365,47.262],[96.4149,47.2535],[96.358,47.2274],[96.3008,47.1981],[96.2658,47.2027],[96.2723,47.1019],[96.2593,47.0354],[96.237,47.0148],[96.2411,46.9764],[96.2919,46.924],[96.3087,46.892],[96.2897,46.8617],[96.2946,46.8503],[96.3313,46.858],[96.3422,46.8444],[96.3547,46.8416],[96.3607,46.8457],[96.5527,46.8929],[96.6613,46.9604],[96.7317,46.8971],[96.7914,46.8749],[96.8658,46.9096],[96.9146,46.9685],[96.9447,47.032],[96.9549,47.0577],[96.9891,47.1019],[97.017,47.1326],[97.0306,47.1433],[97.0604,47.1599],[97.0781,47.1815],[97.1039,47.2007],[97.1293,47.2315],[97.1414,47.2557],[97.1484,47.2803],[97.1442,47.2912],[97.1344,47.2958],[97.1778,47.3179]]]}},{"type":"Feature","properties":{"aimagId":62,"aimagName":"Өвөрхангай","asCode":6252,"soumId":52,"name":"Хархорин","nameEn":"Xarxorin"},"geometry":{"type":"Polygon","coordinates":[[[102.6864,47.4056],[102.6603,47.4309],[102.5762,47.3935],[102.6185,47.3579],[102.6134,47.3351],[102.6552,47.3254],[102.6723,47.3285],[102.7122,47.296],[102.6961,47.2706],[102.6809,47.2407],[102.6304,47.177],[102.629,47.1559],[102.6094,47.1349],[102.5335,47.1117],[102.6231,47.0535],[102.7718,47.0009],[102.8511,46.9926],[102.8882,46.9776],[102.8992,46.9485],[102.9548,46.919],[103.0304,46.9013],[103.1295,46.8826],[103.1951,46.9336],[103.255,46.9156],[103.3561,46.9793],[103.3702,46.9911],[103.4344,47.0693],[103.4948,47.0907],[103.4946,47.1161],[103.5062,47.1644],[103.4866,47.1929],[103.3539,47.1901],[103.114,47.202],[103.1016,47.2611],[103.0341,47.3211],[102.8938,47.3388],[102.8305,47.3918],[102.7035,47.3764],[102.6792,47.3993],[102.6864,47.4056]]]}},{"type":"Feature","properties":{"aimagId":82,"aimagName":"Говь-Алтай","asCode":8222,"soumId":22,"name":"Жаргалан","nameEn":"Jargalan"},"geometry":{"type":"Polygon","coordinates":[[[96.0682,47.323],[96.0349,47.3256],[96.0053,47.3405],[95.9852,47.3417],[95.9776,47.3502],[95.9613,47.3548],[95.9418,47.3513],[95.9192,47.3539],[95.894,47.3687],[95.8885,47.377],[95.7564,47.4387],[95.4935,47.3581],[95.4266,47.3014],[95.4242,47.2659],[95.4751,47.1873],[95.5223,47.1235],[95.6077,47.0864],[95.4937,46.9732],[95.5197,46.9321],[95.5816,46.8993],[95.6365,46.844],[95.7321,46.7848],[95.8007,46.7893],[96.0139,46.6999],[96.015,46.7211],[96.1037,46.7431],[96.3547,46.8416],[96.3422,46.8444],[96.3313,46.858],[96.2946,46.8503],[96.2897,46.8617],[96.3087,46.892],[96.2919,46.924],[96.2411,46.9764],[96.237,47.0148],[96.2593,47.0354],[96.2723,47.1019],[96.2658,47.2027],[96.2307,47.2041],[96.163,47.2596],[96.172,47.2909],[96.0682,47.323]]]}},{"type":"Feature","properties":{"aimagId":11,"aimagName":"Улаанбаатар","asCode":1104,"soumId":4,"name":"Багахангай","nameEn":"Bagaxangai"},"geometry":{"type":"Polygon","coordinates":[[[107.4883,47.4369],[107.4284,47.4328],[107.402,47.4414],[107.3565,47.4245],[107.3468,47.3973],[107.4177,47.302],[107.5542,47.3309],[107.4883,47.4369]]]}},{"type":"Feature","properties":{"aimagId":84,"aimagName":"Ховд","asCode":8422,"soumId":22,"name":"Зэрэг","nameEn":"Zereg"},"geometry":{"type":"Polygon","coordinates":[[[93.0297,47.2841],[93.0094,47.3123],[92.9677,47.3354],[92.982,47.356],[92.952,47.3772],[92.9149,47.3933],[92.9003,47.4271],[92.85,47.4359],[92.7878,47.449],[92.79,47.4388],[92.6985,47.3807],[92.6567,47.3669],[92.581,47.3373],[92.5765,47.3122],[92.5705,47.3031],[92.5738,47.2473],[92.4787,47.2322],[92.4091,47.2041],[92.4263,47.1778],[92.44,47.1419],[92.4437,47.1179],[92.4641,47.1026],[92.4618,47.0885],[92.4842,47.0608],[92.509,47.0438],[92.523,47.0441],[92.5307,47.0204],[92.5647,47.003],[92.5691,46.9914],[92.5634,46.958],[92.6793,46.9948],[92.7528,46.9505],[92.8113,46.9514],[92.8387,46.9394],[92.8542,46.9178],[92.8895,46.8843],[92.9382,46.8729],[93.0257,46.8585],[93.0912,46.8354],[93.1489,46.82],[93.1806,46.8407],[93.1838,46.86],[93.2152,46.8994],[93.2241,46.9612],[93.1896,47.0454],[93.1872,47.1262],[93.1582,47.1756],[93.1275,47.2044],[93.1164,47.2274],[93.0815,47.2436],[93.0722,47.2617],[93.0297,47.2841]]]}},{"type":"Feature","properties":{"aimagId":41,"aimagName":"Төв","asCode":4116,"soumId":16,"name":"Баян","nameEn":"Bayan"},"geometry":{"type":"Polygon","coordinates":[[[107.6839,47.4744],[107.6259,47.4959],[107.5844,47.4377],[107.5403,47.4418],[107.4883,47.4369],[107.5542,47.3309],[107.4177,47.302],[107.3468,47.3973],[107.3565,47.4245],[107.2665,47.4237],[107.2505,47.4027],[107.2255,47.3145],[107.2551,47.1899],[107.2724,47.1285],[107.2754,47.0734],[107.3019,47.0601],[107.474,47.0595],[107.5709,47.0577],[107.5995,46.9907],[107.6487,46.9788],[107.6855,46.9792],[107.7281,46.9467],[107.7606,46.9013],[107.7518,46.889],[107.7818,46.8462],[107.7929,46.8131],[107.8068,46.8112],[107.8472,46.7986],[107.8843,46.7809],[107.9757,46.7811],[108.0236,46.8154],[108.1119,46.8218],[108.181,46.8283],[108.1719,46.9032],[108.1036,46.9521],[108.1038,47.0145],[108.0776,47.1031],[108.0141,47.1594],[107.9032,47.2503],[107.864,47.297],[107.8105,47.3455],[107.8098,47.3612],[107.8259,47.4211],[107.6839,47.4744]]]}},{"type":"Feature","properties":{"aimagId":83,"aimagName":"Баян-Өлгий","asCode":8316,"soumId":16,"name":"Булган","nameEn":"Bulgan"},"geometry":{"type":"Polygon","coordinates":[[[91.4253,47.2348],[91.4158,47.244],[91.4042,47.2419],[91.2986,47.3092],[91.2985,47.335],[91.2635,47.3684],[91.208,47.3999],[91.1828,47.4162],[91.1542,47.4194],[91.1071,47.4497],[91.0378,47.4528],[91.0093,47.4673],[91.0026,47.4857],[90.9839,47.5073],[90.9424,47.5228],[90.8606,47.5064],[90.8275,47.4568],[90.8251,47.4306],[90.828,47.4144],[90.8463,47.3768],[90.7918,47.3447],[90.7532,47.32],[90.737,47.3048],[90.7282,47.2786],[90.7099,47.2832],[90.6911,47.294],[90.6747,47.2899],[90.6224,47.2976],[90.6088,47.3033],[90.5947,47.2984],[90.568,47.299],[90.5406,47.3072],[90.5088,47.3202],[90.4786,47.3188],[90.4946,47.3121],[90.5117,47.2988],[90.5302,47.2688],[90.5292,47.257],[90.5376,47.2518],[90.5368,47.2396],[90.5572,47.2256],[90.559,47.2049],[90.5816,47.1958],[90.5911,47.1807],[90.5943,47.1671],[90.6185,47.1587],[90.63,47.1341],[90.6509,47.1327],[90.6499,47.1096],[90.66,47.105],[90.6645,47.0935],[90.6872,47.0821],[90.7076,47.0526],[90.718,47.0486],[90.7321,47.0255],[90.7412,47.0267],[90.7636,47.0048],[90.7601,46.9947],[90.7805,46.9917],[90.8211,46.9988],[90.8285,46.9898],[90.8537,46.98],[90.9017,46.9571],[90.9088,46.9423],[90.9207,46.9389],[90.9131,46.9185],[90.9225,46.9021],[90.9369,46.8885],[90.9552,46.8784],[90.953,46.8518],[90.9372,46.8335],[90.9384,46.8234],[90.9639,46.8067],[90.9699,46.7962],[90.9846,46.7967],[90.9889,46.771],[91.0157,46.7636],[91.0204,46.7496],[91.0313,46.7439],[91.0467,46.7222],[91.0912,46.708],[91.1136,46.6904],[91.1464,46.6704],[91.1779,46.6637],[91.2013,46.6541],[91.2709,46.6563],[91.2701,46.6441],[91.3036,46.6112],[91.32,46.6045],[91.3149,46.596],[91.312,46.5662],[91.3892,46.5537],[91.4264,46.5561],[91.4705,46.5685],[91.4913,46.5895],[91.504,46.6523],[91.5538,46.6134],[91.5596,46.6066],[91.5891,46.5931],[91.6269,46.6171],[91.6932,46.6299],[91.7633,46.6271],[91.7981,46.6241],[91.8626,46.6126],[91.9056,46.6153],[91.9217,46.6888],[91.8678,46.7153],[91.847,46.7352],[91.7924,46.7509],[91.8009,46.7658],[91.7901,46.7833],[91.7464,46.7911],[91.6784,46.8178],[91.6455,46.8589],[91.5958,46.8777],[91.5086,46.8889],[91.4725,46.8904],[91.4509,46.9157],[91.4089,46.9417],[91.4128,46.964],[91.403,47.0119],[91.429,47.024],[91.42,47.0491],[91.4611,47.0903],[91.4713,47.1216],[91.4695,47.152],[91.4794,47.1826],[91.4433,47.2031],[91.4253,47.2348]]]}},{"type":"Feature","properties":{"aimagId":65,"aimagName":"Архангай","asCode":6507,"soumId":7,"name":"Булган","nameEn":"Bulgan"},"geometry":{"type":"Polygon","coordinates":[[[101.6093,47.5129],[101.53,47.5449],[101.4976,47.5484],[101.4773,47.5343],[101.4722,47.5119],[101.4874,47.4952],[101.5347,47.4706],[101.5161,47.4478],[101.4633,47.4522],[101.4154,47.4504],[101.3966,47.4851],[101.2971,47.4871],[101.256,47.4741],[101.2061,47.4205],[101.0335,47.4091],[100.9213,47.3446],[100.9121,47.2901],[100.8817,47.2428],[100.8324,47.229],[100.8526,47.1855],[100.8321,47.1737],[100.8286,47.1669],[100.8112,47.1572],[100.7975,47.1426],[100.7827,47.1339],[100.7762,47.1238],[100.7585,47.1201],[100.7404,47.1067],[100.725,47.1018],[100.7231,47.0902],[100.7118,47.0735],[100.7192,47.0677],[100.7081,47.0584],[100.6947,47.0371],[100.7004,47.0223],[100.6881,47.0009],[100.6883,46.9833],[100.6769,46.9699],[100.674,46.945],[100.667,46.93],[100.672,46.9088],[100.6699,46.8823],[100.6621,46.8734],[100.6448,46.8681],[100.6637,46.8619],[100.7082,46.8511],[100.7244,46.852],[100.7358,46.8335],[100.7421,46.8321],[100.7942,46.8511],[100.8229,46.8445],[100.836,46.8482],[100.851,46.8591],[100.881,46.8452],[100.9204,46.8407],[100.9281,46.8377],[100.9527,46.8422],[100.9696,46.8384],[100.9915,46.8398],[101.0037,46.8451],[101.0366,46.8336],[101.0502,46.8399],[101.0746,46.8425],[101.0735,46.8593],[101.1254,46.8701],[101.1208,46.8871],[101.1359,46.9039],[101.1547,46.9083],[101.1686,46.9044],[101.2052,46.9043],[101.2379,46.9173],[101.2558,46.9192],[101.2695,46.9148],[101.2952,46.9235],[101.3061,46.9426],[101.3167,46.9541],[101.313,46.9657],[101.3499,46.9738],[101.3658,46.983],[101.3451,47.0083],[101.3506,47.0196],[101.3406,47.0323],[101.3266,47.0349],[101.3458,47.105],[101.3624,47.1467],[101.3913,47.2049],[101.4515,47.2002],[101.5153,47.2517],[101.608,47.293],[101.6182,47.3301],[101.599,47.3596],[101.6267,47.439],[101.6043,47.4738],[101.6093,47.5129]]]}},{"type":"Feature","properties":{"aimagId":65,"aimagName":"Архангай","asCode":6501,"soumId":1,"name":"Эрдэнэбулган","nameEn":"Erdenebulgan"},"geometry":{"type":"Polygon","coordinates":[[[101.4976,47.5484],[101.4749,47.5554],[101.3966,47.4851],[101.4154,47.4504],[101.4633,47.4522],[101.5161,47.4478],[101.5347,47.4706],[101.4874,47.4952],[101.4722,47.5119],[101.4773,47.5343],[101.4976,47.5484]]]}},{"type":"Feature","properties":{"aimagId":84,"aimagName":"Ховд","asCode":8413,"soumId":13,"name":"Дарви","nameEn":"Darvi"},"geometry":{"type":"Polygon","coordinates":[[[94.1555,46.9939],[94.0423,47.2135],[94.0576,47.2471],[94.0246,47.2734],[93.9913,47.306],[93.7912,47.3489],[93.7179,47.4445],[93.6494,47.4918],[93.5728,47.5208],[93.5153,47.5669],[93.5062,47.5544],[93.5144,47.5126],[93.5194,47.4102],[93.5067,47.3713],[93.4991,47.3557],[93.4762,47.3227],[93.3714,47.3411],[93.3031,47.3103],[93.2733,47.3076],[93.1555,47.2921],[93.0297,47.2841],[93.0722,47.2617],[93.0815,47.2436],[93.1164,47.2274],[93.1275,47.2044],[93.1582,47.1756],[93.1872,47.1262],[93.1896,47.0454],[93.2241,46.9612],[93.2152,46.8994],[93.1838,46.86],[93.1806,46.8407],[93.1489,46.82],[93.1965,46.8047],[93.1993,46.7959],[93.2485,46.7707],[93.2808,46.7709],[93.31,46.7743],[93.3383,46.7616],[93.4179,46.745],[93.4315,46.7136],[93.4861,46.6818],[93.5228,46.6619],[93.5438,46.6354],[93.5824,46.6205],[93.6895,46.6234],[93.7248,46.6031],[93.7574,46.6005],[93.7862,46.6031],[93.8382,46.6222],[93.9362,46.7072],[94.0882,46.7209],[94.3069,46.7788],[94.2737,46.857],[94.1555,46.9939]]]}},{"type":"Feature","properties":{"aimagId":65,"aimagName":"Архангай","asCode":6540,"soumId":40,"name":"Хотонт","nameEn":"Xotont"},"geometry":{"type":"Polygon","coordinates":[[[102.6864,47.4056],[102.6959,47.4194],[102.6927,47.4333],[102.714,47.4359],[102.75,47.4924],[102.7038,47.5471],[102.6742,47.5801],[102.5284,47.5542],[102.4209,47.5301],[102.383,47.524],[102.3437,47.5351],[102.3112,47.5318],[102.2832,47.548],[102.2777,47.4891],[102.1635,47.4003],[102.2445,47.3296],[102.2248,47.3077],[102.1966,47.2939],[102.1888,47.2841],[102.0922,47.2765],[102.0469,47.2508],[102.0557,47.2072],[102.059,47.1581],[102.0272,47.1254],[102.0785,47.0778],[102.0913,47.053],[102.104,46.9887],[102.1365,47.0118],[102.2921,47.0407],[102.306,47.0093],[102.3533,46.9644],[102.4221,46.9119],[102.4374,46.9104],[102.4415,46.9193],[102.4545,46.9169],[102.4728,46.9294],[102.4864,46.9261],[102.4967,46.9313],[102.506,46.9454],[102.5168,46.9468],[102.5249,46.9561],[102.5371,47.0334],[102.5109,47.0778],[102.5335,47.1117],[102.6094,47.1349],[102.629,47.1559],[102.6304,47.177],[102.6809,47.2407],[102.6961,47.2706],[102.7122,47.296],[102.6723,47.3285],[102.6552,47.3254],[102.6134,47.3351],[102.6185,47.3579],[102.5762,47.3935],[102.6603,47.4309],[102.6864,47.4056]]]}},{"type":"Feature","properties":{"aimagId":82,"aimagName":"Говь-Алтай","asCode":8207,"soumId":7,"name":"Баян-Уул","nameEn":"Bayan-Uul"},"geometry":{"type":"Polygon","coordinates":[[[95.4404,47.5597],[95.4203,47.5647],[95.4035,47.5635],[95.388,47.5679],[95.3258,47.5703],[95.3097,47.5793],[95.2928,47.5838],[95.274,47.5814],[95.2515,47.5832],[95.234,47.578],[95.2084,47.5805],[95.1877,47.5777],[95.1704,47.5707],[95.1536,47.569],[95.1157,47.5553],[95.0984,47.5526],[95.1891,47.3438],[95.0711,47.3122],[94.9155,47.2974],[94.9269,47.2528],[94.8562,47.2002],[94.627,47.1365],[94.5304,47.0821],[94.4267,47.025],[94.3834,47.0223],[94.3362,47.0142],[94.3112,47.0078],[94.2176,46.9942],[94.1794,46.9917],[94.1555,46.9939],[94.2737,46.857],[94.4675,46.7893],[94.5506,46.7517],[94.5742,46.7314],[94.6915,46.7275],[94.9396,46.7066],[95.1158,46.7494],[95.1564,46.7571],[95.2622,46.7431],[95.4022,46.7045],[95.4177,46.7285],[95.4574,46.7734],[95.5827,46.8398],[95.6365,46.844],[95.5816,46.8993],[95.5197,46.9321],[95.4937,46.9732],[95.6077,47.0864],[95.5223,47.1235],[95.4751,47.1873],[95.4242,47.2659],[95.4266,47.3014],[95.4935,47.3581],[95.7564,47.4387],[95.4404,47.5597]]]}},{"type":"Feature","properties":{"aimagId":22,"aimagName":"Сүхбаатар","asCode":2222,"soumId":22,"name":"Сүхбаатар","nameEn":"Su'xbaatar"},"geometry":{"type":"Polygon","coordinates":[[[114.7924,46.6479],[114.7671,46.671],[114.6868,46.7484],[114.4738,46.8275],[114.4573,46.9043],[114.4432,46.9453],[114.4885,47.1467],[114.4938,47.176],[114.1863,47.2918],[113.963,47.4027],[113.9406,47.4153],[113.8035,47.5082],[113.6968,47.5382],[113.5325,47.5493],[113.1757,47.5985],[113.119,47.5309],[113.0841,47.5052],[112.9886,47.3708],[112.96,47.2425],[112.975,47.2052],[112.98,47.0545],[112.9087,46.9385],[112.8743,46.8754],[112.9368,46.7633],[113.0628,46.6343],[113.2619,46.6067],[113.3253,46.554],[113.3799,46.5677],[113.5644,46.5825],[113.7455,46.5994],[113.8166,46.53],[113.8143,46.4946],[113.9263,46.4609],[113.9698,46.4142],[114.0665,46.369],[114.2471,46.3936],[114.4281,46.4238],[114.5292,46.436],[114.6398,46.4553],[114.7678,46.4763],[114.9474,46.5304],[114.7924,46.6479]]]}},{"type":"Feature","properties":{"aimagId":63,"aimagName":"Булган","asCode":6328,"soumId":28,"name":"Рашаант","nameEn":"Rashaant"},"geometry":{"type":"Polygon","coordinates":[[[104.0356,47.5109],[104.0245,47.5309],[104.0104,47.5342],[103.9768,47.5496],[103.9475,47.5574],[103.9323,47.5665],[103.9291,47.5885],[103.908,47.6067],[103.8747,47.5848],[103.825,47.5704],[103.7556,47.5358],[103.725,47.4829],[103.7093,47.4479],[103.664,47.4103],[103.5951,47.3898],[103.5988,47.3708],[103.6127,47.3559],[103.6343,47.3421],[103.6392,47.3327],[103.6463,47.2969],[103.645,47.2782],[103.6709,47.2588],[103.6756,47.2476],[103.6936,47.2392],[103.7535,47.2927],[103.7777,47.2833],[103.8339,47.2761],[103.8912,47.2831],[103.9623,47.2972],[104.0048,47.3169],[104.0461,47.3027],[104.1406,47.3339],[104.1728,47.3393],[104.2226,47.359],[104.2093,47.3738],[104.1973,47.3796],[104.1889,47.3942],[104.165,47.406],[104.1244,47.4053],[104.0962,47.4216],[104.0961,47.4275],[104.072,47.4455],[104.0724,47.4652],[104.0537,47.4853],[104.0444,47.4886],[104.0356,47.5109]]]}},{"type":"Feature","properties":{"aimagId":23,"aimagName":"Хэнтий","asCode":2340,"soumId":40,"name":"Мөрөн","nameEn":"Mo'ron"},"geometry":{"type":"Polygon","coordinates":[[[110.6296,47.2745],[110.6018,47.2789],[110.5602,47.2966],[110.5558,47.3316],[110.6061,47.3421],[110.6,47.4089],[110.6219,47.4934],[110.6194,47.5046],[110.603,47.52],[110.5966,47.5491],[110.5791,47.5595],[110.5795,47.5703],[110.5586,47.5873],[110.5431,47.6053],[110.536,47.6076],[110.4645,47.5718],[110.4619,47.5661],[110.4097,47.5533],[110.3867,47.5334],[110.3721,47.5071],[110.3036,47.504],[110.2557,47.4468],[110.1694,47.4201],[110.1237,47.4245],[110.0908,47.4229],[110.0166,47.4224],[109.9853,47.4241],[109.9497,47.4212],[109.9041,47.4202],[109.8488,47.3024],[109.8439,47.2651],[109.8766,47.2076],[109.8858,47.1094],[109.9689,47.0632],[110.0438,47.002],[110.0562,47.0211],[110.0543,47.0344],[110.0594,47.0508],[110.0909,47.0635],[110.1247,47.0655],[110.1577,47.0881],[110.1841,47.0903],[110.1955,47.0982],[110.2093,47.0983],[110.2219,47.1181],[110.239,47.124],[110.2508,47.1216],[110.2897,47.1346],[110.3247,47.1407],[110.3356,47.1379],[110.3583,47.1482],[110.3837,47.1556],[110.4077,47.1736],[110.4294,47.172],[110.4463,47.1834],[110.4819,47.1924],[110.5111,47.1841],[110.5227,47.1975],[110.5329,47.1967],[110.5625,47.2091],[110.5789,47.2197],[110.5964,47.2206],[110.6104,47.2423],[110.6081,47.2503],[110.6194,47.2555],[110.6296,47.2745]]]}},{"type":"Feature","properties":{"aimagId":23,"aimagName":"Хэнтий","asCode":2319,"soumId":19,"name":"Баянхутаг","nameEn":"Bayanxutag"},"geometry":{"type":"Polygon","coordinates":[[[111.6888,47.6074],[111.6658,47.5976],[111.6501,47.5961],[111.6375,47.6073],[111.6066,47.6022],[111.5595,47.5989],[111.5364,47.5938],[111.5282,47.5999],[111.5034,47.594],[111.496,47.5832],[111.4776,47.5697],[111.4427,47.5649],[111.4276,47.5672],[111.4049,47.5574],[111.3741,47.555],[111.3403,47.5583],[111.3184,47.5515],[111.3121,47.5436],[111.2777,47.5341],[111.2518,47.5176],[111.2469,47.5238],[111.2311,47.522],[111.2192,47.5093],[111.1971,47.5081],[111.1826,47.4999],[111.1552,47.4984],[111.121,47.491],[111.1064,47.4976],[111.0855,47.4966],[111.0713,47.5033],[111.0386,47.505],[111.0145,47.4907],[111.0005,47.4976],[110.977,47.491],[110.9595,47.4929],[110.9319,47.4713],[110.921,47.4681],[110.913,47.4553],[110.913,47.4347],[110.9081,47.4236],[110.8971,47.4241],[110.8905,47.4106],[110.8794,47.4041],[110.8894,47.3928],[110.8703,47.3877],[110.8667,47.3808],[110.8506,47.3774],[110.8517,47.3682],[110.8157,47.3653],[110.7958,47.3538],[110.7574,47.3487],[110.756,47.333],[110.747,47.322],[110.7214,47.3178],[110.7103,47.3122],[110.6607,47.3086],[110.6584,47.2966],[110.6399,47.2871],[110.6296,47.2745],[110.6194,47.2555],[110.6081,47.2503],[110.6104,47.2423],[110.5964,47.2206],[110.5789,47.2197],[110.5625,47.2091],[110.5329,47.1967],[110.5227,47.1975],[110.5111,47.1841],[110.4819,47.1924],[110.4463,47.1834],[110.4294,47.172],[110.4077,47.1736],[110.3837,47.1556],[110.3583,47.1482],[110.3356,47.1379],[110.3247,47.1407],[110.2897,47.1346],[110.2508,47.1216],[110.239,47.124],[110.2219,47.1181],[110.2093,47.0983],[110.1955,47.0982],[110.1841,47.0903],[110.1577,47.0881],[110.1247,47.0655],[110.0909,47.0635],[110.0594,47.0508],[110.0543,47.0344],[110.0562,47.0211],[110.0438,47.002],[110.0536,46.948],[110.0543,46.9186],[110.108,46.8695],[110.1945,46.8477],[110.3286,46.8185],[110.431,46.8031],[110.4778,46.8337],[110.5859,46.9173],[110.6295,46.9367],[110.732,46.9016],[110.9504,46.9019],[111.0046,46.8867],[111.1879,46.9238],[111.2689,46.9458],[111.3335,46.9564],[111.4369,46.9461],[111.5033,46.9976],[111.4855,47.0056],[111.4855,47.1336],[111.5268,47.1949],[111.585,47.2454],[111.7129,47.3433],[111.8181,47.4064],[111.7487,47.4635],[111.6983,47.5005],[111.681,47.5507],[111.6888,47.6074]]]}},{"type":"Feature","properties":{"aimagId":41,"aimagName":"Төв","asCode":4110,"soumId":10,"name":"Архуст","nameEn":"Arxust"},"geometry":{"type":"Polygon","coordinates":[[[108.0999,47.3356],[108.1452,47.3711],[108.1472,47.4085],[108.1153,47.5006],[108.1494,47.5664],[108.1206,47.5883],[108.0196,47.6178],[107.8956,47.5996],[107.7751,47.5682],[107.6953,47.532],[107.6839,47.4744],[107.8259,47.4211],[107.8098,47.3612],[107.9746,47.3184],[108.0999,47.3356]]]}},{"type":"Feature","properties":{"aimagId":81,"aimagName":"Завхан","asCode":8155,"soumId":55,"name":"Цагаанхайрхан","nameEn":"Cagaanxairxan"},"geometry":{"type":"Polygon","coordinates":[[[97.4772,47.5545],[97.4079,47.5482],[97.3873,47.5409],[97.3618,47.5368],[97.3386,47.5402],[97.2868,47.5427],[97.2609,47.565],[97.2443,47.5696],[97.2131,47.5714],[97.1949,47.5673],[97.089,47.5672],[97.0364,47.5944],[97.0161,47.6114],[96.9618,47.6263],[96.9503,47.6278],[96.92,47.6206],[96.8947,47.6116],[96.8625,47.6051],[96.848,47.6081],[96.8085,47.6086],[96.7966,47.6146],[96.783,47.6124],[96.7709,47.6175],[96.7425,47.6208],[96.7212,47.6187],[96.6515,47.616],[96.6186,47.5827],[96.5389,47.5702],[96.5075,47.553],[96.4209,47.489],[96.2681,47.4392],[96.1878,47.3391],[96.1697,47.3319],[96.0682,47.323],[96.172,47.2909],[96.163,47.2596],[96.2307,47.2041],[96.2658,47.2027],[96.3008,47.1981],[96.358,47.2274],[96.4149,47.2535],[96.4365,47.262],[96.4563,47.262],[96.5372,47.2474],[96.5797,47.2635],[96.6555,47.2718],[96.6882,47.2864],[96.7323,47.311],[96.827,47.3543],[96.8618,47.3636],[96.9358,47.3807],[96.9525,47.3882],[96.9548,47.4009],[96.9706,47.4147],[97.0006,47.4155],[97.0133,47.413],[97.0366,47.3647],[97.0783,47.3521],[97.1037,47.3498],[97.1311,47.3549],[97.1549,47.3391],[97.1778,47.3179],[97.2181,47.3415],[97.2369,47.3364],[97.2635,47.3153],[97.3225,47.3504],[97.3618,47.3765],[97.3994,47.4207],[97.4105,47.4506],[97.4276,47.4502],[97.4955,47.4578],[97.4921,47.4806],[97.5232,47.5095],[97.5337,47.5372],[97.4772,47.5545]]]}},{"type":"Feature","properties":{"aimagId":41,"aimagName":"Төв","asCode":4179,"soumId":79,"name":"Эрдэнэсант","nameEn":"Erdenesant"},"geometry":{"type":"Polygon","coordinates":[[[104.5055,47.6187],[104.4658,47.6303],[104.4141,47.6165],[104.3451,47.6108],[104.307,47.6116],[104.1125,47.5105],[104.0356,47.5109],[104.0444,47.4886],[104.0537,47.4853],[104.0724,47.4652],[104.072,47.4455],[104.0961,47.4275],[104.0962,47.4216],[104.1244,47.4053],[104.165,47.406],[104.1889,47.3942],[104.1973,47.3796],[104.2093,47.3738],[104.2226,47.359],[104.1728,47.3393],[104.1406,47.3339],[104.0461,47.3027],[104.1077,47.2814],[104.1026,47.205],[104.1164,47.1912],[104.2211,47.148],[104.2515,47.1154],[104.2706,47.0921],[104.3655,47.0458],[104.3425,46.9899],[104.3339,46.9656],[104.3444,46.9583],[104.3811,46.9548],[104.3956,46.9584],[104.4232,46.9551],[104.4461,46.9702],[104.4678,46.9749],[104.4833,46.9594],[104.5179,46.9519],[104.6075,46.9276],[104.6494,46.9211],[104.7178,47.0875],[104.8539,47.1085],[104.9401,47.1117],[104.978,47.1652],[104.9186,47.1801],[104.8741,47.2356],[104.8422,47.344],[104.7673,47.3658],[104.7557,47.3851],[104.7015,47.4416],[104.6442,47.4683],[104.6307,47.4992],[104.5614,47.5293],[104.4769,47.5809],[104.5055,47.6187]]]}},{"type":"Feature","properties":{"aimagId":23,"aimagName":"Хэнтий","asCode":2334,"soumId":34,"name":"Дэлгэрхаан","nameEn":"Delgerxaan"},"geometry":{"type":"Polygon","coordinates":[[[109.064,47.5702],[109.0272,47.5901],[108.9827,47.5971],[108.9433,47.6097],[108.9082,47.6391],[108.821,47.6056],[108.7459,47.5747],[108.6704,47.5649],[108.5924,47.574],[108.5183,47.5737],[108.441,47.5631],[108.4153,47.5631],[108.4189,47.5491],[108.412,47.5358],[108.4139,47.5039],[108.4029,47.488],[108.4229,47.4704],[108.4395,47.4708],[108.4447,47.4513],[108.4556,47.4458],[108.461,47.4278],[108.4699,47.4229],[108.4782,47.4068],[108.4836,47.3852],[108.4945,47.3772],[108.5135,47.3703],[108.526,47.3541],[108.5496,47.3356],[108.546,47.3246],[108.5599,47.2923],[108.5761,47.2804],[108.5901,47.2522],[108.6083,47.2443],[108.6091,47.2281],[108.6237,47.223],[108.6261,47.2106],[108.6429,47.1989],[108.6505,47.1872],[108.6495,47.1769],[108.6594,47.1583],[108.6612,47.1398],[108.6775,47.1264],[108.6814,47.1072],[108.6914,47.0975],[108.7095,47.0887],[108.7162,47.0687],[108.7395,47.0555],[108.7506,47.055],[108.7515,47.0434],[108.7856,47.0187],[108.7927,47.0202],[108.8083,47.0077],[108.8405,46.9997],[108.864,46.985],[108.873,46.9883],[108.8841,46.9798],[108.9015,46.9807],[108.927,46.9667],[108.9433,46.9724],[108.9589,46.9685],[108.9788,46.9701],[108.9946,46.9608],[109.0071,46.9634],[109.0385,46.9823],[109.0952,47.0057],[109.1131,47.01],[109.126,47.0084],[109.1568,46.9977],[109.1742,46.9959],[109.1935,46.9871],[109.2077,46.9895],[109.2335,46.9759],[109.2365,46.9708],[109.2577,46.9635],[109.2667,46.9673],[109.3008,46.9578],[109.3184,46.9472],[109.3384,46.9448],[109.3621,46.9468],[109.3708,46.9521],[109.3876,46.9486],[109.4218,46.9616],[109.4788,46.9736],[109.4748,47.0426],[109.4985,47.1152],[109.5144,47.1423],[109.5088,47.1674],[109.4726,47.1919],[109.4548,47.2181],[109.4357,47.2398],[109.4216,47.2516],[109.421,47.2641],[109.4032,47.2815],[109.3705,47.2855],[109.3387,47.2703],[109.2584,47.3305],[109.2154,47.3894],[109.1731,47.3987],[109.1774,47.4288],[109.1667,47.4696],[109.1455,47.507],[109.0929,47.5319],[109.064,47.5702]]]}},{"type":"Feature","properties":{"aimagId":22,"aimagName":"Сүхбаатар","asCode":2213,"soumId":13,"name":"Мөнххаан","nameEn":"Mo'nxxaan"},"geometry":{"type":"Polygon","coordinates":[[[113.1757,47.5985],[112.9695,47.6435],[112.7125,47.5863],[112.6437,47.5062],[112.7245,47.4081],[112.6124,47.344],[112.5119,47.3478],[112.4272,47.3518],[112.3594,47.3318],[112.2672,47.3079],[112.179,47.337],[112.0815,47.3463],[111.8181,47.4064],[111.7129,47.3433],[111.585,47.2454],[111.5268,47.1949],[111.4855,47.1336],[111.4855,47.0056],[111.5033,46.9976],[111.4369,46.9461],[111.4202,46.8428],[111.4065,46.8065],[111.3857,46.7734],[111.4587,46.7823],[111.5978,46.6918],[111.6584,46.6902],[111.7341,46.6986],[111.8288,46.7018],[111.8108,46.7565],[112.0322,46.7814],[112.0766,46.787],[112.1428,46.8374],[112.1736,46.8576],[112.256,46.8621],[112.3022,46.8719],[112.3892,46.8684],[112.478,46.9128],[112.6502,46.8864],[112.8743,46.8754],[112.9087,46.9385],[112.98,47.0545],[112.975,47.2052],[112.96,47.2425],[112.9886,47.3708],[113.0841,47.5052],[113.119,47.5309],[113.1757,47.5985]]]}},{"type":"Feature","properties":{"aimagId":64,"aimagName":"Баянхонгор","asCode":6440,"soumId":40,"name":"Жаргалант","nameEn":"Jargalant"},"geometry":{"type":"Polygon","coordinates":[[[99.7448,47.6507],[99.736,47.6514],[99.7188,47.6632],[99.698,47.6598],[99.6556,47.6292],[99.6397,47.6309],[99.5698,47.6189],[99.5566,47.5934],[99.51,47.5745],[99.4939,47.5744],[99.4765,47.5862],[99.4647,47.6015],[99.4519,47.6048],[99.4212,47.6031],[99.4093,47.5838],[99.3918,47.578],[99.3673,47.5222],[99.2599,47.4877],[99.2449,47.4599],[99.1714,47.479],[99.0791,47.4803],[98.964,47.5065],[98.9631,47.4651],[98.9466,47.4436],[99.0035,47.4077],[98.9809,47.3815],[98.9721,47.3753],[98.9689,47.3535],[98.9722,47.3417],[99.0069,47.3339],[99.0392,47.3323],[99.0583,47.3165],[99.0564,47.2687],[99.0866,47.2623],[99.1505,47.2415],[99.1864,47.2386],[99.2103,47.2252],[99.2087,47.215],[99.2293,47.1934],[99.2301,47.1848],[99.2416,47.1723],[99.2621,47.1664],[99.2908,47.1454],[99.3032,47.1097],[99.3286,47.0942],[99.4056,47.0252],[99.4615,47.0084],[99.4449,46.992],[99.4424,46.984],[99.3772,46.948],[99.3646,46.935],[99.3467,46.9283],[99.3252,46.9055],[99.3725,46.8817],[99.3967,46.8616],[99.4707,46.835],[99.5295,46.7963],[99.5617,46.7701],[99.5306,46.7551],[99.4935,46.7208],[99.4604,46.7042],[99.3892,46.7036],[99.4074,46.6572],[99.4477,46.6491],[99.4625,46.6041],[99.5037,46.6187],[99.5874,46.6331],[99.6643,46.6572],[99.7387,46.7251],[99.7418,46.7334],[99.6731,46.7695],[99.6921,46.8374],[99.6799,46.8806],[99.6903,46.9098],[99.7373,46.9225],[99.7444,46.9287],[99.7777,46.9369],[99.8397,46.9726],[99.9018,46.9863],[99.9281,47.0443],[99.8908,47.0679],[99.924,47.1032],[99.8914,47.1466],[99.9104,47.2168],[99.8531,47.2467],[99.8896,47.3578],[99.8833,47.3771],[99.8871,47.3924],[99.8778,47.4279],[99.8291,47.4368],[99.8177,47.4465],[99.7546,47.4923],[99.7113,47.5393],[99.7076,47.5828],[99.6812,47.6159],[99.7448,47.6507]]]}},{"type":"Feature","properties":{"aimagId":65,"aimagName":"Архангай","asCode":6546,"soumId":46,"name":"Цэнхэр","nameEn":"Cenxer"},"geometry":{"type":"Polygon","coordinates":[[[102.0272,47.1254],[101.9866,47.1399],[101.924,47.2377],[101.8649,47.3049],[101.8137,47.3418],[101.7894,47.3822],[101.7802,47.4104],[101.844,47.4676],[101.8661,47.497],[102.0113,47.5018],[102.0473,47.5058],[102.1183,47.5218],[102.1093,47.573],[102.0889,47.6346],[102.0075,47.69],[101.9888,47.6769],[101.8739,47.6513],[101.7709,47.6609],[101.7288,47.6072],[101.686,47.5698],[101.6416,47.5413],[101.6093,47.5129],[101.6043,47.4738],[101.6267,47.439],[101.599,47.3596],[101.6182,47.3301],[101.608,47.293],[101.5153,47.2517],[101.4515,47.2002],[101.3913,47.2049],[101.3624,47.1467],[101.3458,47.105],[101.3266,47.0349],[101.3406,47.0323],[101.3506,47.0196],[101.3451,47.0083],[101.3658,46.983],[101.3499,46.9738],[101.313,46.9657],[101.3167,46.9541],[101.3061,46.9426],[101.2952,46.9235],[101.2695,46.9148],[101.2558,46.9192],[101.2379,46.9173],[101.2052,46.9043],[101.1686,46.9044],[101.1547,46.9083],[101.1359,46.9039],[101.1208,46.8871],[101.1254,46.8701],[101.1694,46.8521],[101.1872,46.8339],[101.2462,46.8174],[101.2668,46.8047],[101.2987,46.7809],[101.3312,46.7651],[101.355,46.8152],[101.4068,46.8264],[101.4773,46.8461],[101.5277,46.8531],[101.634,46.8646],[101.7906,46.8636],[101.8469,46.9057],[101.826,46.9306],[101.8165,46.9483],[101.8594,46.9689],[101.9787,46.9943],[101.9879,46.991],[102.0391,46.9819],[102.0599,46.998],[102.104,46.9887],[102.0913,47.053],[102.0785,47.0778],[102.0272,47.1254]]]}},{"type":"Feature","properties":{"aimagId":41,"aimagName":"Төв","asCode":4161,"soumId":61,"name":"Өндөрширээт","nameEn":"O'ndorshireet"},"geometry":{"type":"Polygon","coordinates":[[[105.4589,47.5534],[105.3073,47.5068],[105.1889,47.5376],[105.1301,47.5459],[105.1267,47.6024],[105.0468,47.6572],[104.9382,47.6822],[104.8702,47.6796],[104.7699,47.7051],[104.7413,47.7095],[104.7234,47.683],[104.7162,47.6634],[104.6755,47.663],[104.5527,47.6692],[104.5501,47.6573],[104.5265,47.6336],[104.5055,47.6187],[104.4769,47.5809],[104.5614,47.5293],[104.6307,47.4992],[104.6442,47.4683],[104.7015,47.4416],[104.7557,47.3851],[104.7673,47.3658],[104.8422,47.344],[104.8741,47.2356],[104.9186,47.1801],[104.978,47.1652],[105.0816,47.186],[105.1888,47.2149],[105.2737,47.2225],[105.3755,47.2174],[105.4411,47.2442],[105.4596,47.2576],[105.4716,47.2587],[105.4742,47.3094],[105.4706,47.39],[105.4442,47.4309],[105.4607,47.4839],[105.4749,47.5086],[105.4589,47.5534]]]}},{"type":"Feature","properties":{"aimagId":65,"aimagName":"Архангай","asCode":6528,"soumId":28,"name":"Төвшрүүлэх","nameEn":"To'vshru'ulex"},"geometry":{"type":"Polygon","coordinates":[[[102.2333,47.686],[102.1832,47.6586],[102.1365,47.6676],[102.0943,47.6936],[102.0374,47.7164],[102.0075,47.69],[102.0889,47.6346],[102.1093,47.573],[102.1183,47.5218],[102.0473,47.5058],[102.0113,47.5018],[101.8661,47.497],[101.844,47.4676],[101.7802,47.4104],[101.7894,47.3822],[101.8137,47.3418],[101.8649,47.3049],[101.924,47.2377],[101.9866,47.1399],[102.0272,47.1254],[102.059,47.1581],[102.0557,47.2072],[102.0469,47.2508],[102.0922,47.2765],[102.1888,47.2841],[102.1966,47.2939],[102.2248,47.3077],[102.2445,47.3296],[102.1635,47.4003],[102.2777,47.4891],[102.2832,47.548],[102.279,47.5612],[102.3241,47.65],[102.3483,47.6815],[102.2333,47.686]]]}},{"type":"Feature","properties":{"aimagId":41,"aimagName":"Төв","asCode":4101,"soumId":1,"name":"Зуунмод","nameEn":"Zuunmod"},"geometry":{"type":"Polygon","coordinates":[[[106.9678,47.6849],[106.9742,47.7008],[106.9671,47.7203],[106.9481,47.7283],[106.9327,47.7285],[106.9155,47.7078],[106.9198,47.6808],[106.9396,47.6784],[106.9658,47.6802],[106.9678,47.6849]]]}},{"type":"Feature","properties":{"aimagId":64,"aimagName":"Баянхонгор","asCode":6437,"soumId":37,"name":"Гурванбулаг","nameEn":"Gurvanbulag"},"geometry":{"type":"Polygon","coordinates":[[[98.7826,47.7274],[98.7728,47.7277],[98.7659,47.728],[98.7522,47.7385],[98.7238,47.7293],[98.7131,47.7234],[98.7071,47.7235],[98.6842,47.73],[98.6727,47.7308],[98.6625,47.7298],[98.6513,47.7286],[98.6467,47.7283],[98.6346,47.7266],[98.6277,47.7138],[98.6248,47.7118],[98.6214,47.7113],[98.6142,47.711],[98.6089,47.7114],[98.6038,47.7129],[98.5913,47.7122],[98.5442,47.6999],[98.4499,47.6648],[98.4226,47.6577],[98.4094,47.6429],[98.4096,47.6247],[98.383,47.611],[98.3726,47.5435],[98.3053,47.4953],[98.2469,47.4459],[98.3079,47.3856],[98.2694,47.3425],[98.2568,47.3381],[98.2562,47.3281],[98.2471,47.303],[98.2319,47.2918],[98.211,47.2873],[98.199,47.2786],[98.1848,47.2767],[98.1502,47.2535],[98.0864,47.234],[98.1729,47.1478],[98.1952,47.0486],[98.3085,46.9971],[98.343,46.9878],[98.3682,46.9777],[98.4098,46.9431],[98.3997,46.9291],[98.4796,46.9371],[98.5378,46.8634],[98.5617,46.8433],[98.5929,46.8195],[98.6367,46.8502],[98.7811,46.9109],[98.8158,46.941],[98.9126,46.9924],[98.9127,47.0029],[98.9037,47.0598],[98.9373,47.1004],[98.9326,47.1155],[98.9413,47.1288],[98.9593,47.1323],[98.9665,47.1478],[98.9862,47.1646],[98.9862,47.1744],[99.0054,47.2137],[99.0185,47.2219],[99.0193,47.2447],[99.0564,47.2687],[99.0583,47.3165],[99.0392,47.3323],[99.0069,47.3339],[98.9722,47.3417],[98.9689,47.3535],[98.9721,47.3753],[98.9809,47.3815],[99.0035,47.4077],[98.9466,47.4436],[98.9631,47.4651],[98.964,47.5065],[98.901,47.5154],[98.876,47.5305],[98.8531,47.5355],[98.8254,47.5855],[98.8182,47.6674],[98.7999,47.682],[98.7972,47.7052],[98.7823,47.7118],[98.782,47.7166],[98.7891,47.7278],[98.7861,47.7274],[98.7826,47.7274]]]}},{"type":"Feature","properties":{"aimagId":65,"aimagName":"Архангай","asCode":6537,"soumId":37,"name":"Хашаат","nameEn":"Xashaat"},"geometry":{"type":"Polygon","coordinates":[[[103.5951,47.3898],[103.5915,47.3981],[103.5679,47.4062],[103.4506,47.4865],[103.3789,47.5064],[103.3088,47.5611],[103.2644,47.6254],[103.2068,47.7157],[103.1827,47.72],[103.1216,47.7193],[103.0668,47.7629],[103.018,47.7446],[103.0057,47.7112],[102.9422,47.6598],[102.9107,47.6479],[102.8682,47.6286],[102.8287,47.6168],[102.7751,47.5885],[102.6742,47.5801],[102.7038,47.5471],[102.75,47.4924],[102.714,47.4359],[102.6927,47.4333],[102.6959,47.4194],[102.6864,47.4056],[102.6792,47.3993],[102.7035,47.3764],[102.8305,47.3918],[102.8938,47.3388],[103.0341,47.3211],[103.1016,47.2611],[103.114,47.202],[103.3539,47.1901],[103.4866,47.1929],[103.5646,47.2063],[103.6534,47.2377],[103.6936,47.2392],[103.6756,47.2476],[103.6709,47.2588],[103.645,47.2782],[103.6463,47.2969],[103.6392,47.3327],[103.6343,47.3421],[103.6127,47.3559],[103.5988,47.3708],[103.5951,47.3898]]]}},{"type":"Feature","properties":{"aimagId":81,"aimagName":"Завхан","asCode":8101,"soumId":1,"name":"Улиастай","nameEn":"Uliastai"},"geometry":{"type":"Polygon","coordinates":[[[96.8952,47.727],[96.8958,47.7526],[96.8607,47.7672],[96.8479,47.791],[96.8241,47.791],[96.8196,47.7682],[96.8125,47.7492],[96.8246,47.7242],[96.8371,47.705],[96.8946,47.7022],[96.8952,47.727]]]}},{"type":"Feature","properties":{"aimagId":82,"aimagName":"Говь-Алтай","asCode":8237,"soumId":37,"name":"Хөхморьт","nameEn":"Xo'xmorit"},"geometry":{"type":"Polygon","coordinates":[[[95.0984,47.5526],[95.0879,47.5492],[95.0617,47.5624],[95.0572,47.5708],[95.033,47.5869],[95.0302,47.6123],[94.9944,47.6296],[94.9883,47.643],[94.9773,47.6522],[94.9402,47.6602],[94.9126,47.6573],[94.894,47.6638],[94.885,47.6604],[94.8612,47.6662],[94.8477,47.6622],[94.7892,47.6679],[94.7462,47.6704],[94.696,47.6692],[94.6774,47.6712],[94.6598,47.6687],[94.6288,47.6691],[94.614,47.673],[94.5784,47.672],[94.5618,47.6757],[94.5157,47.6748],[94.4956,47.6765],[94.4498,47.6882],[94.4264,47.6971],[94.3771,47.7043],[94.3229,47.716],[94.2984,47.7168],[94.2815,47.725],[94.2471,47.7529],[94.2364,47.7531],[94.2145,47.7664],[94.1951,47.7934],[94.1207,47.7799],[93.9936,47.7338],[93.626,47.6647],[93.6174,47.6487],[93.6004,47.6265],[93.5637,47.5978],[93.5234,47.579],[93.5153,47.5669],[93.5728,47.5208],[93.6494,47.4918],[93.7179,47.4445],[93.7912,47.3489],[93.9913,47.306],[94.0246,47.2734],[94.0576,47.2471],[94.0423,47.2135],[94.1555,46.9939],[94.1794,46.9917],[94.2176,46.9942],[94.3112,47.0078],[94.3362,47.0142],[94.3834,47.0223],[94.4267,47.025],[94.5304,47.0821],[94.627,47.1365],[94.8562,47.2002],[94.9269,47.2528],[94.9155,47.2974],[95.0711,47.3122],[95.1891,47.3438],[95.0984,47.5526]]]}},{"type":"Feature","properties":{"aimagId":84,"aimagName":"Ховд","asCode":8425,"soumId":25,"name":"Манхан","nameEn":"Manxan"},"geometry":{"type":"Polygon","coordinates":[[[92.7878,47.449],[92.7796,47.4776],[92.687,47.5463],[92.6252,47.5868],[92.5897,47.6216],[92.601,47.6532],[92.5639,47.6866],[92.5449,47.7214],[92.4714,47.7336],[92.4507,47.7406],[92.411,47.7402],[92.3788,47.7472],[92.2865,47.761],[92.2373,47.7959],[92.1745,47.8066],[92.0912,47.806],[92.0772,47.7818],[92.0872,47.7519],[92.096,47.7441],[92.067,47.6239],[92.0188,47.6242],[92.0019,47.6271],[91.9518,47.6243],[91.9377,47.6203],[91.9138,47.6079],[91.8716,47.6062],[91.8508,47.603],[91.8384,47.5972],[91.8158,47.5948],[91.775,47.5546],[91.7627,47.5108],[91.807,47.4339],[91.8124,47.4154],[91.8363,47.4075],[91.883,47.368],[91.8805,47.3441],[91.8623,47.3304],[91.8331,47.3174],[91.8522,47.3068],[91.8897,47.2778],[91.9796,47.2217],[91.9811,47.1971],[92.0044,47.1855],[92.0374,47.1507],[92.0268,47.1193],[92.0346,47.0926],[92.0616,47.0854],[92.1254,47.0291],[92.1647,47.0059],[92.1852,46.9891],[92.2084,46.9627],[92.2287,46.9458],[92.2493,46.9164],[92.2802,46.9284],[92.3411,46.9216],[92.3726,46.9247],[92.3913,46.9164],[92.4558,46.919],[92.5083,46.9301],[92.5386,46.9401],[92.5634,46.958],[92.5691,46.9914],[92.5647,47.003],[92.5307,47.0204],[92.523,47.0441],[92.509,47.0438],[92.4842,47.0608],[92.4618,47.0885],[92.4641,47.1026],[92.4437,47.1179],[92.44,47.1419],[92.4263,47.1778],[92.4091,47.2041],[92.4787,47.2322],[92.5738,47.2473],[92.5705,47.3031],[92.5765,47.3122],[92.581,47.3373],[92.6567,47.3669],[92.6985,47.3807],[92.79,47.4388],[92.7878,47.449]]]}},{"type":"Feature","properties":{"aimagId":22,"aimagName":"Сүхбаатар","asCode":2228,"soumId":28,"name":"Түмэнцогт","nameEn":"Tu'mencogt"},"geometry":{"type":"Polygon","coordinates":[[[112.7125,47.5863],[112.7234,47.8305],[112.7136,47.8204],[112.6844,47.821],[112.6583,47.8185],[112.6495,47.8119],[112.6184,47.8073],[112.6039,47.8113],[112.583,47.7907],[112.5659,47.7868],[112.5519,47.791],[112.5256,47.7803],[112.5008,47.7874],[112.4827,47.7855],[112.4558,47.7873],[112.4407,47.7805],[112.4216,47.7903],[112.4058,47.7944],[112.3761,47.7921],[112.37,47.7968],[112.3303,47.7419],[112.2163,47.708],[112.15,47.6864],[112.112,47.6447],[112.1066,47.6115],[112.0831,47.5178],[112.0804,47.4617],[112.0765,47.4417],[112.0815,47.3463],[112.179,47.337],[112.2672,47.3079],[112.3594,47.3318],[112.4272,47.3518],[112.5119,47.3478],[112.6124,47.344],[112.7245,47.4081],[112.6437,47.5062],[112.7125,47.5863]]]}},{"type":"Feature","properties":{"aimagId":84,"aimagName":"Ховд","asCode":8419,"soumId":19,"name":"Дуут","nameEn":"Duut"},"geometry":{"type":"Polygon","coordinates":[[[91.8158,47.5948],[91.8008,47.6037],[91.6646,47.6115],[91.6371,47.6393],[91.6139,47.6436],[91.5901,47.6577],[91.5467,47.6682],[91.5011,47.6999],[91.4964,47.7265],[91.4322,47.7627],[91.4128,47.777],[91.3248,47.8024],[91.2757,47.8414],[91.214,47.8498],[91.2203,47.8396],[91.2045,47.8269],[91.2114,47.7884],[91.1995,47.7822],[91.1957,47.7588],[91.174,47.7515],[91.1721,47.7326],[91.1889,47.715],[91.1768,47.706],[91.1929,47.6902],[91.1907,47.6724],[91.1842,47.6702],[91.1778,47.6517],[91.1824,47.6271],[91.1682,47.6085],[91.2353,47.5962],[91.2336,47.5765],[91.2446,47.5621],[91.2537,47.5138],[91.2527,47.491],[91.2553,47.4549],[91.208,47.3999],[91.2635,47.3684],[91.2985,47.335],[91.2986,47.3092],[91.4042,47.2419],[91.4158,47.244],[91.4253,47.2348],[91.5687,47.2599],[91.5781,47.261],[91.6088,47.2744],[91.6698,47.2635],[91.6983,47.2866],[91.7503,47.2943],[91.8331,47.3174],[91.8623,47.3304],[91.8805,47.3441],[91.883,47.368],[91.8363,47.4075],[91.8124,47.4154],[91.807,47.4339],[91.7627,47.5108],[91.775,47.5546],[91.8158,47.5948]]]}},{"type":"Feature","properties":{"aimagId":23,"aimagName":"Хэнтий","asCode":2337,"soumId":37,"name":"Жаргалтхаан","nameEn":"Jargaltxaan"},"geometry":{"type":"Polygon","coordinates":[[[109.7363,47.6699],[109.6869,47.6901],[109.6696,47.7239],[109.6542,47.7351],[109.629,47.737],[109.6094,47.7453],[109.5695,47.7569],[109.5259,47.7778],[109.5062,47.7911],[109.4966,47.8105],[109.4992,47.8211],[109.4674,47.8305],[109.4882,47.8401],[109.4926,47.8471],[109.4765,47.8679],[109.4755,47.8834],[109.4333,47.8813],[109.4242,47.8749],[109.405,47.8709],[109.3273,47.8884],[109.3321,47.773],[109.3094,47.7334],[109.2845,47.7075],[109.2663,47.6723],[109.2682,47.6362],[109.2018,47.6033],[109.064,47.5702],[109.0929,47.5319],[109.1455,47.507],[109.1667,47.4696],[109.1774,47.4288],[109.1731,47.3987],[109.2154,47.3894],[109.2584,47.3305],[109.3387,47.2703],[109.3705,47.2855],[109.4032,47.2815],[109.421,47.2641],[109.4216,47.2516],[109.4357,47.2398],[109.4548,47.2181],[109.4726,47.1919],[109.5088,47.1674],[109.5144,47.1423],[109.5875,47.1483],[109.8766,47.2076],[109.8439,47.2651],[109.8488,47.3024],[109.9041,47.4202],[109.8218,47.4575],[109.7849,47.5108],[109.7431,47.539],[109.7355,47.5507],[109.7669,47.5901],[109.7592,47.6368],[109.7363,47.6699]]]}},{"type":"Feature","properties":{"aimagId":65,"aimagName":"Архангай","asCode":6516,"soumId":16,"name":"Өгийнуур","nameEn":"O'giinuur"},"geometry":{"type":"Polygon","coordinates":[[[102.8288,47.8858],[102.7887,47.8705],[102.7015,47.8564],[102.6284,47.8516],[102.5277,47.8625],[102.4381,47.8911],[102.3343,47.8684],[102.2774,47.8116],[102.2736,47.7778],[102.2333,47.686],[102.3483,47.6815],[102.3241,47.65],[102.279,47.5612],[102.2832,47.548],[102.3112,47.5318],[102.3437,47.5351],[102.383,47.524],[102.4209,47.5301],[102.5284,47.5542],[102.6742,47.5801],[102.7751,47.5885],[102.8287,47.6168],[102.8682,47.6286],[102.9107,47.6479],[102.9422,47.6598],[103.0057,47.7112],[103.018,47.7446],[103.0668,47.7629],[102.962,47.815],[102.9585,47.8547],[102.8288,47.8858]]]}},{"type":"Feature","properties":{"aimagId":65,"aimagName":"Архангай","asCode":6552,"soumId":52,"name":"Чулуут","nameEn":"Chuluut"},"geometry":{"type":"Polygon","coordinates":[[[100.5593,47.6285],[100.4251,47.6132],[100.4511,47.8448],[100.2748,47.8801],[100.1894,47.8997],[100.0826,47.9007],[99.9728,47.8537],[99.9057,47.8266],[99.9301,47.7533],[99.9315,47.7352],[99.946,47.6291],[99.9081,47.6346],[99.7626,47.6524],[99.7448,47.6507],[99.6812,47.6159],[99.7076,47.5828],[99.7113,47.5393],[99.7546,47.4923],[99.8177,47.4465],[99.8291,47.4368],[99.8778,47.4279],[99.8871,47.3924],[99.8833,47.3771],[99.8896,47.3578],[99.8531,47.2467],[99.9104,47.2168],[99.8914,47.1466],[99.924,47.1032],[99.9311,47.0931],[99.9682,47.1039],[99.99,47.0979],[100.0009,47.1075],[100.0175,47.1089],[100.0351,47.1262],[100.064,47.1289],[100.0834,47.1446],[100.1379,47.1293],[100.1743,47.1542],[100.1897,47.1714],[100.2571,47.1619],[100.2937,47.1877],[100.3232,47.1849],[100.359,47.196],[100.3818,47.2122],[100.4488,47.237],[100.4683,47.3194],[100.5524,47.354],[100.5716,47.4369],[100.6461,47.4815],[100.6352,47.5036],[100.6441,47.5225],[100.6109,47.5624],[100.6173,47.5794],[100.6146,47.5927],[100.625,47.6008],[100.6408,47.6036],[100.5593,47.6285]]]}},{"type":"Feature","properties":{"aimagId":81,"aimagName":"Завхан","asCode":8131,"soumId":31,"name":"Отгон","nameEn":"Otgon"},"geometry":{"type":"Polygon","coordinates":[[[98.4094,47.6429],[98.3443,47.6569],[98.269,47.6487],[98.241,47.6517],[98.2452,47.676],[98.2025,47.6985],[98.2007,47.709],[98.1904,47.7112],[98.1774,47.7224],[98.1882,47.7333],[98.1745,47.7463],[98.1735,47.7567],[98.1916,47.761],[98.1903,47.7735],[98.1774,47.7834],[98.199,47.7873],[98.1925,47.8043],[98.2018,47.8528],[98.2163,47.8565],[98.2205,47.8781],[98.1971,47.8928],[98.188,47.9045],[98.1934,47.9342],[98.1752,47.9509],[98.0428,47.9364],[97.941,47.8948],[97.889,47.9078],[97.8175,47.8926],[97.8097,47.8626],[97.7957,47.85],[97.766,47.8416],[97.7669,47.8207],[97.7517,47.8059],[97.7465,47.7895],[97.7289,47.773],[97.7145,47.7545],[97.7138,47.7386],[97.7007,47.726],[97.6977,47.7134],[97.5985,47.7235],[97.5833,47.7063],[97.5661,47.7042],[97.5674,47.6944],[97.5791,47.681],[97.5808,47.6692],[97.5938,47.6623],[97.5928,47.6477],[97.5515,47.6075],[97.5297,47.605],[97.4772,47.5545],[97.5337,47.5372],[97.5232,47.5095],[97.4921,47.4806],[97.4955,47.4578],[97.4276,47.4502],[97.4105,47.4506],[97.3994,47.4207],[97.3618,47.3765],[97.3732,47.3599],[97.3864,47.3556],[97.4075,47.3415],[97.4273,47.3379],[97.438,47.3024],[97.427,47.2952],[97.4313,47.2716],[97.4238,47.2618],[97.4242,47.2509],[97.4448,47.2343],[97.4273,47.1898],[97.4435,47.1371],[97.429,47.1194],[97.4404,47.1008],[97.4433,47.0768],[97.4387,47.0428],[97.4506,47.0273],[97.4678,46.9951],[97.4675,46.9867],[97.478,46.9736],[97.4988,46.9587],[97.4891,46.946],[97.486,46.9236],[97.5011,46.9095],[97.4984,46.8871],[97.5052,46.8802],[97.499,46.8611],[97.4933,46.8311],[97.4978,46.8102],[97.5191,46.796],[97.5355,46.7942],[97.5158,46.7807],[97.5134,46.7644],[97.5012,46.7622],[97.4792,46.7421],[97.4624,46.7401],[97.4451,46.7332],[97.4303,46.738],[97.4119,46.7268],[97.4311,46.7174],[97.4658,46.637],[97.5301,46.5913],[97.6323,46.6024],[97.6696,46.6757],[97.7403,46.7649],[97.7456,46.8083],[97.7453,46.83],[97.7638,46.8588],[97.7735,46.8821],[97.7676,46.9156],[97.7684,46.9331],[97.7893,47.0005],[97.7884,47.0377],[97.8356,47.0519],[97.8394,47.0622],[97.8701,47.0972],[97.854,47.1617],[97.874,47.2053],[97.892,47.2229],[97.9685,47.2176],[98.0729,47.2266],[98.0864,47.234],[98.1502,47.2535],[98.1848,47.2767],[98.199,47.2786],[98.211,47.2873],[98.2319,47.2918],[98.2471,47.303],[98.2562,47.3281],[98.2568,47.3381],[98.2694,47.3425],[98.3079,47.3856],[98.2469,47.4459],[98.3053,47.4953],[98.3726,47.5435],[98.383,47.611],[98.4096,47.6247],[98.4094,47.6429]]]}},{"type":"Feature","properties":{"aimagId":21,"aimagName":"Дорнод","asCode":2122,"soumId":22,"name":"Матад","nameEn":"Matad"},"geometry":{"type":"Polygon","coordinates":[[[116.8685,47.8934],[116.7963,47.8986],[116.6741,47.8919],[116.4434,47.8388],[116.2587,47.8779],[116.2579,47.8799],[116.1109,47.8184],[115.9573,47.6878],[115.9349,47.6809],[115.6791,47.8507],[115.5737,47.9197],[115.4553,47.8594],[115.4441,47.7755],[115.4358,47.6851],[115.465,47.5838],[115.2918,47.4969],[115.193,47.497],[115.1249,47.4806],[114.9891,47.4704],[114.9217,47.5027],[114.8726,47.4406],[114.7978,47.3705],[114.7031,47.2267],[114.6103,47.1972],[114.4885,47.1467],[114.4432,46.9453],[114.4573,46.9043],[114.4738,46.8275],[114.6868,46.7484],[114.7671,46.671],[114.7924,46.6479],[114.9474,46.5304],[115.0895,46.5645],[115.1663,46.5794],[115.2505,46.5759],[115.4714,46.578],[115.6305,46.5732],[115.7122,46.6023],[115.7452,46.6186],[115.8454,46.6149],[115.9585,46.6167],[116.0603,46.6171],[116.2974,46.6261],[116.3814,46.5123],[116.4948,46.3664],[116.5513,46.2945],[116.5775,46.2885],[116.5983,46.303],[116.6578,46.3211],[116.7612,46.3292],[116.7731,46.3453],[116.8109,46.3554],[116.8193,46.378],[116.8389,46.3843],[116.8644,46.3762],[116.8912,46.3741],[116.8966,46.3771],[116.9474,46.4574],[116.9863,46.5437],[116.9692,46.5705],[116.9692,46.6193],[116.9945,46.671],[116.91,46.7583],[116.8658,46.8501],[116.8463,46.9353],[116.8939,47.0666],[116.9939,47.1845],[116.9636,47.2596],[116.9469,47.3632],[116.9985,47.4733],[116.9233,47.5515],[116.8915,47.6867],[116.8642,47.7223],[116.8685,47.8934]]]}},{"type":"Feature","properties":{"aimagId":11,"aimagName":"Улаанбаатар","asCode":1101,"soumId":1,"name":"Багануур","nameEn":"Baganuur"},"geometry":{"type":"Polygon","coordinates":[[[108.3971,47.9479],[108.3864,47.9563],[108.3671,47.9547],[108.3455,47.9693],[108.3311,47.9743],[108.3139,47.973],[108.3064,47.9783],[108.2745,47.9834],[108.2717,47.9872],[108.2303,47.9878],[108.2061,47.9291],[108.2302,47.6849],[108.2412,47.6846],[108.2938,47.6661],[108.4687,47.6912],[108.4853,47.7032],[108.4898,47.7158],[108.4809,47.7303],[108.5,47.7439],[108.4969,47.757],[108.4801,47.767],[108.4882,47.7803],[108.4757,47.8121],[108.4807,47.8287],[108.4734,47.8516],[108.4722,47.8719],[108.4973,47.9137],[108.4908,47.9214],[108.4762,47.93],[108.4385,47.941],[108.4009,47.9449],[108.3971,47.9479]]]}},{"type":"Feature","properties":{"aimagId":23,"aimagName":"Хэнтий","asCode":2301,"soumId":1,"name":"Хэрлэн","nameEn":"Xerlen"},"geometry":{"type":"Polygon","coordinates":[[[111.0386,47.505],[111.0315,47.5217],[111.0262,47.5661],[111.0352,47.5875],[111.0245,47.6537],[111.0476,47.6837],[111.0764,47.7045],[111.065,47.716],[111.0496,47.7407],[111.03,47.7582],[111.0191,47.778],[111.0207,47.7847],[111.0108,47.8023],[111.0049,47.8207],[111.0037,47.8607],[110.9956,47.9196],[110.935,47.993],[110.8236,47.9877],[110.7481,47.9725],[110.7072,47.9212],[110.5497,47.8936],[110.5401,47.8624],[110.393,47.7772],[110.2151,47.7359],[110.1182,47.6615],[110.0362,47.6315],[109.8578,47.6352],[109.845,47.648],[109.8559,47.6635],[109.8522,47.6706],[109.7363,47.6699],[109.7592,47.6368],[109.7669,47.5901],[109.7355,47.5507],[109.7431,47.539],[109.7849,47.5108],[109.8218,47.4575],[109.9041,47.4202],[109.9497,47.4212],[109.9853,47.4241],[110.0166,47.4224],[110.0908,47.4229],[110.1237,47.4245],[110.1694,47.4201],[110.2557,47.4468],[110.3036,47.504],[110.3721,47.5071],[110.3867,47.5334],[110.4097,47.5533],[110.4619,47.5661],[110.4645,47.5718],[110.536,47.6076],[110.5431,47.6053],[110.5586,47.5873],[110.5795,47.5703],[110.5791,47.5595],[110.5966,47.5491],[110.603,47.52],[110.6194,47.5046],[110.6219,47.4934],[110.6,47.4089],[110.6061,47.3421],[110.5558,47.3316],[110.5602,47.2966],[110.6018,47.2789],[110.6296,47.2745],[110.6399,47.2871],[110.6584,47.2966],[110.6607,47.3086],[110.7103,47.3122],[110.7214,47.3178],[110.747,47.322],[110.756,47.333],[110.7574,47.3487],[110.7958,47.3538],[110.8157,47.3653],[110.8517,47.3682],[110.8506,47.3774],[110.8667,47.3808],[110.8703,47.3877],[110.8894,47.3928],[110.8794,47.4041],[110.8905,47.4106],[110.8971,47.4241],[110.9081,47.4236],[110.913,47.4347],[110.913,47.4553],[110.921,47.4681],[110.9319,47.4713],[110.9595,47.4929],[110.977,47.491],[111.0005,47.4976],[111.0145,47.4907],[111.0386,47.505]]]}},{"type":"Feature","properties":{"aimagId":65,"aimagName":"Архангай","asCode":6534,"soumId":34,"name":"Хангай","nameEn":"Xangai"},"geometry":{"type":"Polygon","coordinates":[[[100.0875,47.9599],[100.011,47.9568],[99.9257,47.9758],[99.907,47.9816],[99.8211,47.9953],[99.7323,47.9831],[99.6395,48.0212],[99.5951,48.006],[99.5905,47.963],[99.5157,47.9591],[99.4514,47.9928],[99.4464,48.005],[99.426,48.0296],[99.3495,48.0427],[99.3328,48.0494],[99.2877,48.0325],[99.2454,48.0041],[99.1936,48.0296],[99.1776,47.9708],[99.2044,47.9244],[99.0949,47.9139],[99.0057,47.9383],[98.9805,47.8989],[98.8755,47.8728],[98.8481,47.8318],[98.8736,47.81],[98.8257,47.766],[98.7522,47.7385],[98.7546,47.7357],[98.758,47.7328],[98.7659,47.728],[98.7728,47.7277],[98.7826,47.7274],[98.7861,47.7274],[98.7891,47.7278],[98.7856,47.7231],[98.7834,47.7199],[98.782,47.7166],[98.7823,47.7118],[98.7972,47.7052],[98.7999,47.682],[98.8182,47.6674],[98.8254,47.5855],[98.8531,47.5355],[98.876,47.5305],[98.901,47.5154],[98.964,47.5065],[99.0791,47.4803],[99.1714,47.479],[99.2449,47.4599],[99.2599,47.4877],[99.3673,47.5222],[99.3918,47.578],[99.4093,47.5838],[99.4212,47.6031],[99.4519,47.6048],[99.4647,47.6015],[99.4765,47.5862],[99.4939,47.5744],[99.51,47.5745],[99.5566,47.5934],[99.5698,47.6189],[99.6397,47.6309],[99.6556,47.6292],[99.698,47.6598],[99.7188,47.6632],[99.736,47.6514],[99.7448,47.6507],[99.7626,47.6524],[99.9081,47.6346],[99.946,47.6291],[99.9315,47.7352],[99.9301,47.7533],[99.9057,47.8266],[99.9728,47.8537],[100.0826,47.9007],[100.0828,47.943],[100.0875,47.9599]]]}},{"type":"Feature","properties":{"aimagId":84,"aimagName":"Ховд","asCode":8401,"soumId":1,"name":"Жаргалант","nameEn":"Jargalant"},"geometry":{"type":"Polygon","coordinates":[[[91.6867,48.0419],[91.6716,48.0532],[91.6216,48.04],[91.6044,48.0269],[91.5711,48.0225],[91.5748,47.9824],[91.597,47.9775],[91.6771,47.9592],[91.6782,47.9732],[91.6975,47.9964],[91.7206,48.0163],[91.6867,48.0419]]]}},{"type":"Feature","properties":{"aimagId":21,"aimagName":"Дорнод","asCode":2113,"soumId":13,"name":"Булган","nameEn":"Bulgan"},"geometry":{"type":"Polygon","coordinates":[[[113.7221,48.0468],[113.6959,48.0467],[113.6782,48.0545],[113.6596,48.0477],[113.6409,48.0524],[113.6193,48.0521],[113.5874,48.0437],[113.5598,48.0463],[113.5374,48.0414],[113.4804,48.0442],[113.4548,48.0353],[113.4161,48.0382],[113.4094,48.0289],[113.3763,48.031],[113.3718,48.0181],[113.4116,47.9357],[113.4391,47.8571],[113.5291,47.7521],[113.6005,47.6917],[113.6729,47.629],[113.6843,47.581],[113.6968,47.5382],[113.8035,47.5082],[113.9406,47.4153],[113.963,47.4027],[114.1863,47.2918],[114.4938,47.176],[114.4885,47.1467],[114.6103,47.1972],[114.7031,47.2267],[114.7978,47.3705],[114.8726,47.4406],[114.9217,47.5027],[114.9056,47.5307],[114.8826,47.5647],[114.8608,47.6242],[114.8267,47.6694],[114.7956,47.7024],[114.7866,47.7178],[114.7755,47.7207],[114.7224,47.783],[114.6476,47.8739],[114.6357,47.8862],[114.5791,47.9538],[114.5511,47.979],[114.52,47.9816],[114.4559,48.0167],[114.4104,48.0394],[114.4039,48.0322],[114.3817,48.0374],[114.3646,48.0292],[114.3496,48.0361],[114.3205,48.0318],[114.2664,48.0347],[114.2385,48.0293],[114.2166,48.0348],[114.2008,48.0272],[114.1754,48.0266],[114.1619,48.0214],[114.1254,48.0181],[114.1014,48.0125],[114.0896,48.0187],[114.0239,48.0134],[113.9999,48.0137],[113.9799,48.0103],[113.96,48.0146],[113.9491,48.008],[113.9241,48.0054],[113.9154,48.0003],[113.8879,48.0052],[113.8721,48.0119],[113.863,48.0051],[113.8407,48.0112],[113.8339,48.0338],[113.8222,48.0362],[113.8228,48.0485],[113.7987,48.0539],[113.7833,48.0488],[113.7647,48.053],[113.7221,48.0468]]]}},{"type":"Feature","properties":{"aimagId":41,"aimagName":"Төв","asCode":4155,"soumId":55,"name":"Лүн","nameEn":"Lu'n"},"geometry":{"type":"Polygon","coordinates":[[[105.3644,48.0367],[105.2815,48.0032],[105.2807,47.9899],[105.2035,47.9775],[105.1308,47.9754],[105.0422,47.9987],[105.0403,48.0703],[104.9093,48.0199],[104.8391,47.9633],[104.8072,47.9308],[104.7608,47.9197],[104.7448,47.9122],[104.7262,47.9101],[104.717,47.929],[104.6841,47.9402],[104.6772,47.9703],[104.6538,47.9746],[104.6429,47.9715],[104.6291,47.9759],[104.6619,47.909],[104.6852,47.8696],[104.7065,47.7966],[104.7387,47.7896],[104.7413,47.7095],[104.7699,47.7051],[104.8702,47.6796],[104.9382,47.6822],[105.0468,47.6572],[105.1267,47.6024],[105.1301,47.5459],[105.1889,47.5376],[105.3073,47.5068],[105.4589,47.5534],[105.5556,47.5768],[105.5516,47.6018],[105.5725,47.6335],[105.6872,47.7244],[105.6444,47.7488],[105.5696,47.7742],[105.5294,47.786],[105.4571,47.8152],[105.3747,47.8134],[105.3577,47.9195],[105.3725,47.9613],[105.3644,48.0367]]]}},{"type":"Feature","properties":{"aimagId":41,"aimagName":"Төв","asCode":4128,"soumId":28,"name":"Баянхангай","nameEn":"Bayanxangai"},"geometry":{"type":"Polygon","coordinates":[[[105.69,47.9362],[105.6593,47.9848],[105.634,48.0329],[105.6113,48.0551],[105.605,48.0789],[105.54,48.0366],[105.4915,48.031],[105.4748,48.0175],[105.4358,48.0349],[105.3644,48.0367],[105.3725,47.9613],[105.3577,47.9195],[105.3747,47.8134],[105.4571,47.8152],[105.5294,47.786],[105.5696,47.7742],[105.6444,47.7488],[105.6872,47.7244],[105.5725,47.6335],[105.5516,47.6018],[105.5556,47.5768],[105.6461,47.5425],[105.7021,47.6005],[105.7598,47.6372],[105.8524,47.7032],[105.8963,47.7086],[105.8278,47.7649],[105.7674,47.8122],[105.7163,47.8459],[105.6862,47.8754],[105.6404,47.9012],[105.69,47.9362]]]}},{"type":"Feature","properties":{"aimagId":63,"aimagName":"Булган","asCode":6307,"soumId":7,"name":"Баяннуур","nameEn":"Bayannuur"},"geometry":{"type":"Polygon","coordinates":[[[104.6291,47.9759],[104.6144,47.9713],[104.604,47.9802],[104.5645,47.9979],[104.5485,48.0021],[104.5327,48.0116],[104.5152,48.0278],[104.5022,48.0268],[104.49,48.0333],[104.4713,48.0322],[104.4659,48.0413],[104.4357,48.0416],[104.4293,48.0567],[104.4103,48.0626],[104.3932,48.0632],[104.3518,48.0711],[104.3309,48.0812],[104.311,48.0737],[104.3251,48.0306],[104.2954,47.9611],[104.2747,47.924],[104.2985,47.866],[104.3468,47.8066],[104.4098,47.79],[104.4274,47.7665],[104.449,47.753],[104.4556,47.7336],[104.4799,47.7219],[104.4835,47.7064],[104.4774,47.7033],[104.4897,47.656],[104.5055,47.6187],[104.5265,47.6336],[104.5501,47.6573],[104.5527,47.6692],[104.6755,47.663],[104.7162,47.6634],[104.7234,47.683],[104.7413,47.7095],[104.7387,47.7896],[104.7065,47.7966],[104.6852,47.8696],[104.6619,47.909],[104.6291,47.9759]]]}},{"type":"Feature","properties":{"aimagId":21,"aimagName":"Дорнод","asCode":2128,"soumId":28,"name":"Халхгол","nameEn":"Xalx gol"},"geometry":{"type":"Polygon","coordinates":[[[116.8966,46.3771],[117.0253,46.3601],[117.0886,46.3544],[117.2433,46.3649],[117.3696,46.3607],[117.3803,46.3969],[117.3694,46.4086],[117.3922,46.4783],[117.4406,46.5255],[117.415,46.5805],[117.4441,46.5831],[117.4669,46.5886],[117.4886,46.5991],[117.5036,46.5975],[117.5139,46.5902],[117.5244,46.5982],[117.5487,46.6009],[117.5797,46.5948],[117.5881,46.6034],[117.6214,46.5927],[117.6316,46.5814],[117.637,46.5622],[117.6344,46.5544],[117.6676,46.5315],[117.7019,46.5133],[117.7152,46.5125],[117.7263,46.5181],[117.7609,46.5244],[117.7726,46.5358],[117.7949,46.528],[117.8186,46.5316],[117.8312,46.5291],[117.8639,46.5482],[117.8563,46.5724],[117.8756,46.5818],[117.8862,46.581],[117.8973,46.5992],[117.9348,46.6166],[117.9749,46.6118],[117.9857,46.6165],[117.9802,46.6267],[117.9994,46.6307],[118.0339,46.6276],[118.07,46.6456],[118.0758,46.651],[118.1098,46.6686],[118.1161,46.6793],[118.1534,46.6856],[118.1837,46.6816],[118.217,46.6959],[118.2185,46.7056],[118.2286,46.7133],[118.255,46.7159],[118.277,46.7215],[118.2999,46.7362],[118.3127,46.74],[118.3285,46.7365],[118.4014,46.7283],[118.4376,46.7065],[118.5778,46.693],[118.5799,46.6959],[118.6299,46.7184],[118.6516,46.7159],[118.6673,46.698],[118.7274,46.6935],[118.7714,46.6859],[118.7933,46.6898],[118.7931,46.7001],[118.7834,46.7166],[118.8154,46.7421],[118.8208,46.7531],[118.8485,46.7703],[118.8654,46.7684],[118.8792,46.7729],[118.9048,46.7746],[118.9114,46.7655],[118.9142,46.7384],[118.9039,46.7344],[118.9172,46.7225],[118.9439,46.7249],[118.9612,46.7379],[118.9748,46.7389],[118.9955,46.749],[119.0115,46.7452],[119.0236,46.7212],[119.0382,46.7026],[119.0803,46.6624],[119.1085,46.6472],[119.1523,46.6561],[119.1997,46.6436],[119.2203,46.6473],[119.2585,46.6418],[119.2628,46.6284],[119.2729,46.6266],[119.2951,46.6116],[119.3147,46.6091],[119.3368,46.6114],[119.3437,46.6178],[119.3772,46.6052],[119.434,46.6396],[119.4796,46.6282],[119.5214,46.6361],[119.5553,46.6346],[119.5595,46.6269],[119.582,46.6138],[119.6325,46.6252],[119.665,46.6182],[119.6807,46.5906],[119.7063,46.5973],[119.7315,46.6147],[119.747,46.6117],[119.7808,46.63],[119.8068,46.6673],[119.8004,46.6822],[119.8309,46.6693],[119.8376,46.6721],[119.8901,46.6636],[119.9037,46.6666],[119.9065,46.689],[119.9223,46.7049],[119.9299,46.7217],[119.9179,46.7281],[119.9039,46.7653],[119.9254,46.7794],[119.9315,46.7988],[119.9196,46.8302],[119.9197,46.8484],[119.909,46.8516],[119.899,46.8655],[119.901,46.879],[119.9122,46.8978],[119.9208,46.9023],[119.8552,46.9201],[119.8485,46.9391],[119.8679,46.9554],[119.8658,46.9639],[119.8421,46.9652],[119.8318,46.9764],[119.8181,46.9829],[119.7864,47.0227],[119.7949,47.0355],[119.7883,47.045],[119.8015,47.0576],[119.756,47.1303],[119.7171,47.1662],[119.7089,47.1939],[119.6816,47.2059],[119.6402,47.2361],[119.6214,47.2454],[119.6087,47.2473],[119.5751,47.244],[119.5578,47.2471],[119.5553,47.2597],[119.5607,47.2732],[119.5529,47.2982],[119.5206,47.3046],[119.5135,47.3194],[119.4767,47.3279],[119.4783,47.3359],[119.4595,47.3407],[119.4368,47.3585],[119.4366,47.3708],[119.3712,47.3989],[119.358,47.4216],[119.3449,47.4295],[119.3256,47.4346],[119.3295,47.4501],[119.3613,47.4783],[119.1925,47.5224],[119.1434,47.5425],[119.123,47.6648],[118.7584,47.7744],[118.5588,47.9927],[118.4514,47.9964],[118.4092,48.0093],[118.3641,48.014],[118.3479,48.0038],[118.337,48.0066],[118.2893,48.0026],[118.2719,48.0092],[118.2666,48.0159],[118.2464,48.0205],[118.2324,48.0323],[118.2287,48.0414],[118.1785,48.0394],[118.1686,48.0482],[118.1414,48.0334],[118.1271,48.0337],[118.1145,48.0453],[118.0981,48.0297],[118.0506,48.0204],[118.0434,48.0114],[118.0073,48.0134],[117.9923,48.0101],[117.9839,48.0147],[117.9601,48.0147],[117.9475,48.0098],[117.9133,48.0215],[117.8982,48.0179],[117.8857,48.0267],[117.8757,48.0225],[117.8044,48.0144],[117.7536,47.9746],[117.5201,47.7864],[117.5176,47.7718],[117.4813,47.7584],[117.3748,47.6404],[117.0852,47.8233],[116.8685,47.8934],[116.8642,47.7223],[116.8915,47.6867],[116.9233,47.5515],[116.9985,47.4733],[116.9469,47.3632],[116.9636,47.2596],[116.9939,47.1845],[116.8939,47.0666],[116.8463,46.9353],[116.8658,46.8501],[116.91,46.7583],[116.9945,46.671],[116.9692,46.6193],[116.9692,46.5705],[116.9863,46.5437],[116.9474,46.4574],[116.8966,46.3771]]]}},{"type":"Feature","properties":{"aimagId":63,"aimagName":"Булган","asCode":6316,"soumId":16,"name":"Гурван булаг","nameEn":"Gurvanbulag"},"geometry":{"type":"Polygon","coordinates":[[[103.672,47.8442],[103.6522,47.8726],[103.6225,47.906],[103.6118,47.9099],[103.5831,47.9409],[103.5621,47.953],[103.5452,47.9735],[103.5329,47.9976],[103.5249,48.0017],[103.5108,48.0223],[103.5035,48.0699],[103.4528,48.0839],[103.3832,48.0551],[103.3341,48.0674],[103.2421,48.0988],[103.219,48.0724],[103.1828,48.0631],[103.1536,48.0499],[103.1313,47.9817],[103.0898,47.9578],[103.1018,47.9336],[103.0532,47.8958],[102.9585,47.8547],[102.962,47.815],[103.0668,47.7629],[103.1216,47.7193],[103.1827,47.72],[103.2068,47.7157],[103.2644,47.6254],[103.3088,47.5611],[103.3789,47.5064],[103.4506,47.4865],[103.5679,47.4062],[103.5915,47.3981],[103.5951,47.3898],[103.664,47.4103],[103.7093,47.4479],[103.725,47.4829],[103.7556,47.5358],[103.825,47.5704],[103.7882,47.5946],[103.8089,47.6112],[103.7802,47.6476],[103.7803,47.6573],[103.763,47.6921],[103.7342,47.7425],[103.7065,47.7878],[103.6387,47.839],[103.672,47.8442]]]}},{"type":"Feature","properties":{"aimagId":23,"aimagName":"Хэнтий","asCode":2316,"soumId":16,"name":"Баян-Овоо","nameEn":"Bayan-Ovoo"},"geometry":{"type":"Polygon","coordinates":[[[112.5543,48.0497],[112.3723,48.069],[112.2272,48.0475],[112.1622,48.0673],[112.0619,48.116],[111.9506,48.1035],[111.8805,48.0964],[111.8863,48.0549],[111.909,47.9579],[111.877,47.9064],[111.7962,47.8525],[111.7467,47.8278],[111.6248,47.6865],[111.7014,47.6297],[111.6888,47.6074],[111.681,47.5507],[111.6983,47.5005],[111.7487,47.4635],[111.8181,47.4064],[112.0815,47.3463],[112.0765,47.4417],[112.0804,47.4617],[112.0831,47.5178],[112.1066,47.6115],[112.112,47.6447],[112.15,47.6864],[112.2163,47.708],[112.3303,47.7419],[112.37,47.7968],[112.3761,47.7921],[112.4058,47.7944],[112.4216,47.7903],[112.4407,47.7805],[112.4558,47.7873],[112.4827,47.7855],[112.5008,47.7874],[112.5256,47.7803],[112.5519,47.791],[112.5659,47.7868],[112.583,47.7907],[112.6039,47.8113],[112.6184,47.8073],[112.6495,47.8119],[112.6583,47.8185],[112.6844,47.821],[112.7136,47.8204],[112.7234,47.8305],[112.6541,47.9238],[112.5543,48.0497]]]}},{"type":"Feature","properties":{"aimagId":81,"aimagName":"Завхан","asCode":8104,"soumId":4,"name":"Алдархаан","nameEn":"Aldarxaan"},"geometry":{"type":"Polygon","coordinates":[[[97.766,47.8416],[97.6944,47.8634],[97.5954,47.8496],[97.505,47.8721],[97.4585,47.8878],[97.4295,47.9244],[97.4032,47.9619],[97.3996,47.9729],[97.3709,47.9859],[97.3388,48.0068],[97.2569,48.0359],[97.24,48.063],[97.2356,48.0964],[97.2079,48.1196],[97.1874,48.1226],[97.1513,48.1174],[97.1064,48.1232],[97.0832,48.1314],[97.0156,48.1032],[96.9505,48.0858],[96.863,48.0468],[96.8667,48.035],[96.8415,48.0076],[96.8338,47.996],[96.7448,47.9541],[96.7031,47.9514],[96.599,47.9267],[96.5923,47.9327],[96.5591,47.9439],[96.5176,47.9394],[96.5085,47.9334],[96.511,47.9053],[96.5096,47.8885],[96.4416,47.8663],[96.3522,47.8481],[96.2005,47.8811],[96.0779,47.8623],[96.0632,47.8402],[96.048,47.8299],[96.0129,47.8141],[95.9307,47.7644],[95.7693,47.7017],[95.469,47.7111],[95.4351,47.7745],[95.3468,47.7317],[95.3728,47.7035],[95.4404,47.5597],[95.7564,47.4387],[95.8885,47.377],[95.894,47.3687],[95.9192,47.3539],[95.9418,47.3513],[95.9613,47.3548],[95.9776,47.3502],[95.9852,47.3417],[96.0053,47.3405],[96.0349,47.3256],[96.0682,47.323],[96.1697,47.3319],[96.1878,47.3391],[96.2681,47.4392],[96.4209,47.489],[96.5075,47.553],[96.5389,47.5702],[96.6186,47.5827],[96.6515,47.616],[96.7212,47.6187],[96.7425,47.6208],[96.7709,47.6175],[96.783,47.6124],[96.7966,47.6146],[96.8085,47.6086],[96.848,47.6081],[96.8625,47.6051],[96.8947,47.6116],[96.92,47.6206],[96.9503,47.6278],[96.9618,47.6263],[97.0161,47.6114],[97.0364,47.5944],[97.089,47.5672],[97.1949,47.5673],[97.2131,47.5714],[97.2443,47.5696],[97.2609,47.565],[97.2868,47.5427],[97.3386,47.5402],[97.3618,47.5368],[97.3873,47.5409],[97.4079,47.5482],[97.4772,47.5545],[97.5297,47.605],[97.5515,47.6075],[97.5928,47.6477],[97.5938,47.6623],[97.5808,47.6692],[97.5791,47.681],[97.5674,47.6944],[97.5661,47.7042],[97.5833,47.7063],[97.5985,47.7235],[97.6977,47.7134],[97.7007,47.726],[97.7138,47.7386],[97.7145,47.7545],[97.7289,47.773],[97.7465,47.7895],[97.7517,47.8059],[97.7669,47.8207],[97.766,47.8416]],[[96.8952,47.727],[96.8946,47.7022],[96.8371,47.705],[96.8246,47.7242],[96.8125,47.7492],[96.8196,47.7682],[96.8241,47.791],[96.8479,47.791],[96.8607,47.7672],[96.8958,47.7526],[96.8952,47.727]]]}},{"type":"Feature","properties":{"aimagId":63,"aimagName":"Булган","asCode":6319,"soumId":19,"name":"Дашинчилэн","nameEn":"Dashinchilen"},"geometry":{"type":"Polygon","coordinates":[[[104.3309,48.0812],[104.3187,48.0844],[104.314,48.0948],[104.3,48.1028],[104.3094,48.1356],[104.302,48.1399],[104.2954,48.1549],[104.3039,48.1606],[104.3078,48.1746],[104.2997,48.2022],[104.2834,48.1978],[104.2802,48.2069],[104.2686,48.184],[104.2159,48.1701],[104.1875,48.1577],[104.1705,48.1533],[104.172,48.1172],[104.1692,48.0994],[104.1387,48.0818],[104.122,48.0622],[104.1141,48.0478],[104.0916,48.0296],[104.0508,48.0155],[104.0277,47.9906],[104.0202,47.9699],[104.0079,47.953],[104.0106,47.9425],[104.002,47.9352],[103.9954,47.9362],[103.9761,47.9227],[103.9571,47.9181],[103.9206,47.899],[103.8982,47.9012],[103.8827,47.8908],[103.8833,47.8822],[103.8724,47.8741],[103.8559,47.8782],[103.8387,47.8741],[103.8283,47.8596],[103.806,47.8624],[103.7678,47.8558],[103.7514,47.8573],[103.7287,47.8505],[103.7053,47.8532],[103.6874,47.8455],[103.672,47.8442],[103.6387,47.839],[103.7065,47.7878],[103.7342,47.7425],[103.763,47.6921],[103.7803,47.6573],[103.7802,47.6476],[103.8089,47.6112],[103.7882,47.5946],[103.825,47.5704],[103.8747,47.5848],[103.908,47.6067],[103.9291,47.5885],[103.9323,47.5665],[103.9475,47.5574],[103.9768,47.5496],[104.0104,47.5342],[104.0245,47.5309],[104.0356,47.5109],[104.1125,47.5105],[104.307,47.6116],[104.3451,47.6108],[104.4141,47.6165],[104.4658,47.6303],[104.5055,47.6187],[104.4897,47.656],[104.4774,47.7033],[104.4835,47.7064],[104.4799,47.7219],[104.4556,47.7336],[104.449,47.753],[104.4274,47.7665],[104.4098,47.79],[104.3468,47.8066],[104.2985,47.866],[104.2747,47.924],[104.2954,47.9611],[104.3251,48.0306],[104.311,48.0737],[104.3309,48.0812]]]}},{"type":"Feature","properties":{"aimagId":83,"aimagName":"Баян-Өлгий","asCode":8322,"soumId":22,"name":"Дэлүүн","nameEn":"Delu'un"},"geometry":{"type":"Polygon","coordinates":[[[90.0748,47.775],[90.0806,47.765],[90.1187,47.7414],[90.1389,47.7219],[90.1778,47.7256],[90.2055,47.7124],[90.2163,47.7038],[90.2421,47.7079],[90.2578,47.6934],[90.297,47.6926],[90.3271,47.6795],[90.3379,47.6785],[90.3672,47.6574],[90.3724,47.6446],[90.3503,47.6436],[90.3438,47.6268],[90.375,47.6001],[90.3926,47.566],[90.4001,47.5388],[90.4117,47.5377],[90.4356,47.5249],[90.447,47.5152],[90.4511,47.5021],[90.4606,47.5003],[90.4702,47.4886],[90.4658,47.4751],[90.472,47.4667],[90.4676,47.4478],[90.4543,47.4404],[90.4619,47.4041],[90.483,47.3958],[90.4986,47.4027],[90.5203,47.3765],[90.4984,47.3562],[90.5057,47.3378],[90.4786,47.3188],[90.5088,47.3202],[90.5406,47.3072],[90.568,47.299],[90.5947,47.2984],[90.6088,47.3033],[90.6224,47.2976],[90.6747,47.2899],[90.6911,47.294],[90.7099,47.2832],[90.7282,47.2786],[90.737,47.3048],[90.7532,47.32],[90.7918,47.3447],[90.8463,47.3768],[90.828,47.4144],[90.8251,47.4306],[90.8275,47.4568],[90.8606,47.5064],[90.9424,47.5228],[90.9839,47.5073],[91.0026,47.4857],[91.0093,47.4673],[91.0378,47.4528],[91.1071,47.4497],[91.1542,47.4194],[91.1828,47.4162],[91.208,47.3999],[91.2553,47.4549],[91.2527,47.491],[91.2537,47.5138],[91.2446,47.5621],[91.2336,47.5765],[91.2353,47.5962],[91.1682,47.6085],[91.1824,47.6271],[91.1778,47.6517],[91.1842,47.6702],[91.1907,47.6724],[91.1929,47.6902],[91.1768,47.706],[91.1607,47.7173],[91.1089,47.7123],[91.0644,47.7355],[91.0673,47.7993],[91.041,47.8234],[91.0645,47.8573],[91.0535,47.8711],[91.0202,47.8822],[90.9916,47.9467],[90.9574,47.9712],[90.9464,48.0013],[90.9461,48.0349],[90.8841,48.0509],[90.8669,48.0718],[90.8321,48.0747],[90.8126,48.1061],[90.8059,48.1546],[90.819,48.1742],[90.7359,48.1747],[90.6757,48.1709],[90.5988,48.1922],[90.5277,48.2048],[90.4872,48.1836],[90.43,48.193],[90.2958,48.2081],[90.2478,48.1792],[90.1352,48.1476],[90.0852,48.1265],[90.0772,48.0838],[90.0494,48.0249],[90.0471,48.0034],[90.0645,47.9825],[90.0667,47.9523],[90.0815,47.9252],[90.079,47.8698],[90.0799,47.8576],[90.0695,47.8441],[90.0653,47.8289],[90.0659,47.8058],[90.0743,47.7991],[90.0656,47.792],[90.0748,47.775]]]}},{"type":"Feature","properties":{"aimagId":65,"aimagName":"Архангай","asCode":6513,"soumId":13,"name":"Их тамир","nameEn":"Ixtamir"},"geometry":{"type":"Polygon","coordinates":[[[101.5526,47.999],[101.5676,48.0954],[101.553,48.1478],[101.4871,48.1904],[101.4262,48.2089],[101.4233,48.1959],[101.4049,48.1578],[101.3236,48.0596],[101.2522,47.9574],[101.0784,47.9579],[100.9846,47.9244],[100.9767,47.9289],[100.9515,47.9119],[100.9262,47.8839],[100.9136,47.8629],[100.9103,47.8464],[100.9,47.8348],[100.8784,47.8184],[100.8661,47.7988],[100.8251,47.7969],[100.7956,47.7924],[100.7876,47.782],[100.7309,47.7464],[100.721,47.7293],[100.7047,47.7189],[100.6869,47.6923],[100.5989,47.6762],[100.5593,47.6285],[100.6408,47.6036],[100.625,47.6008],[100.6146,47.5927],[100.6173,47.5794],[100.6109,47.5624],[100.6441,47.5225],[100.6352,47.5036],[100.6461,47.4815],[100.5716,47.4369],[100.5524,47.354],[100.4683,47.3194],[100.4488,47.237],[100.3818,47.2122],[100.359,47.196],[100.3758,47.1713],[100.3883,47.115],[100.374,47.0986],[100.4278,47.0803],[100.4296,47.003],[100.431,46.9904],[100.45,46.9801],[100.4704,46.9758],[100.5284,46.98],[100.5457,46.975],[100.5752,46.9716],[100.5891,46.9633],[100.6026,46.9701],[100.6309,46.9449],[100.6139,46.9176],[100.6284,46.891],[100.6448,46.8681],[100.6621,46.8734],[100.6699,46.8823],[100.672,46.9088],[100.667,46.93],[100.674,46.945],[100.6769,46.9699],[100.6883,46.9833],[100.6881,47.0009],[100.7004,47.0223],[100.6947,47.0371],[100.7081,47.0584],[100.7192,47.0677],[100.7118,47.0735],[100.7231,47.0902],[100.725,47.1018],[100.7404,47.1067],[100.7585,47.1201],[100.7762,47.1238],[100.7827,47.1339],[100.7975,47.1426],[100.8112,47.1572],[100.8286,47.1669],[100.8321,47.1737],[100.8526,47.1855],[100.8324,47.229],[100.8817,47.2428],[100.9121,47.2901],[100.9213,47.3446],[101.0335,47.4091],[101.2061,47.4205],[101.256,47.4741],[101.2971,47.4871],[101.3966,47.4851],[101.4749,47.5554],[101.4781,47.6015],[101.4907,47.6242],[101.4249,47.6396],[101.3903,47.6353],[101.3587,47.6469],[101.3353,47.652],[101.3527,47.6614],[101.3686,47.6843],[101.3672,47.6913],[101.3776,47.7069],[101.3775,47.7189],[101.3911,47.73],[101.3862,47.7353],[101.3869,47.7645],[101.4064,47.8345],[101.4293,47.908],[101.4752,47.9375],[101.5526,47.999]]]}},{"type":"Feature","properties":{"aimagId":84,"aimagName":"Ховд","asCode":8446,"soumId":46,"name":"Чандмань","nameEn":"Chandmani"},"geometry":{"type":"Polygon","coordinates":[[[93.4065,48.218],[93.3909,48.2072],[93.3541,48.207],[93.3094,48.2109],[93.2733,48.2107],[93.2581,48.2077],[93.2124,48.2152],[93.1646,48.2148],[93.1404,48.2073],[93.1261,48.1871],[93.1208,48.1714],[93.1306,48.1609],[93.1344,48.1434],[93.1034,48.1318],[93.096,48.1225],[93.0824,48.132],[93.066,48.132],[93.0491,48.1456],[93.0303,48.1354],[93.0347,48.1291],[93.0116,48.1095],[92.9773,48.0855],[92.9496,48.0834],[92.8833,48.082],[92.8546,48.0772],[92.7992,48.1058],[92.7518,48.1398],[92.7456,48.1327],[92.7143,48.1095],[92.6731,48.0823],[92.6506,48.0761],[92.6183,48.0829],[92.6051,48.094],[92.5926,48.0941],[92.5745,48.0863],[92.5498,48.0862],[92.5201,48.0969],[92.524,48.0779],[92.5162,48.0673],[92.4799,48.052],[92.4726,48.0381],[92.4552,48.0324],[92.4321,48.0093],[92.4183,48.0063],[92.3961,48.0031],[92.3772,48.01],[92.3691,47.9933],[92.3518,47.9812],[92.3183,47.9472],[92.3151,47.9382],[92.2853,47.8947],[92.2768,47.873],[92.2643,47.8553],[92.2618,47.8372],[92.2242,47.8345],[92.1912,47.8358],[92.1687,47.8271],[92.122,47.8123],[92.0912,47.806],[92.1745,47.8066],[92.2373,47.7959],[92.2865,47.761],[92.3788,47.7472],[92.411,47.7402],[92.4507,47.7406],[92.4714,47.7336],[92.5449,47.7214],[92.5639,47.6866],[92.601,47.6532],[92.5897,47.6216],[92.6252,47.5868],[92.687,47.5463],[92.7796,47.4776],[92.7878,47.449],[92.85,47.4359],[92.9003,47.4271],[92.9149,47.3933],[92.952,47.3772],[92.982,47.356],[92.9677,47.3354],[93.0094,47.3123],[93.0297,47.2841],[93.1555,47.2921],[93.2733,47.3076],[93.3031,47.3103],[93.3714,47.3411],[93.4762,47.3227],[93.4991,47.3557],[93.5067,47.3713],[93.5194,47.4102],[93.5144,47.5126],[93.5062,47.5544],[93.5153,47.5669],[93.5234,47.579],[93.5637,47.5978],[93.6004,47.6265],[93.6174,47.6487],[93.626,47.6647],[93.6104,47.676],[93.5751,47.6854],[93.5444,47.6976],[93.5143,47.7141],[93.5002,47.727],[93.4759,47.738],[93.431,47.7662],[93.4137,47.7719],[93.3771,47.7734],[93.3914,47.7847],[93.384,47.8017],[93.366,47.8097],[93.3602,47.8171],[93.3408,47.8141],[93.2997,47.838],[93.2927,47.8594],[93.2779,47.8581],[93.2717,47.8688],[93.284,47.89],[93.2748,47.9207],[93.2534,47.9337],[93.2585,47.9387],[93.2828,47.9352],[93.2859,47.9526],[93.2985,47.9601],[93.328,47.9709],[93.3162,47.98],[93.2908,47.9849],[93.2705,47.9665],[93.2639,47.9924],[93.2756,47.9998],[93.2825,48.0131],[93.2548,48.0159],[93.286,48.0416],[93.3008,48.0506],[93.353,48.0761],[93.3902,48.1061],[93.4085,48.1255],[93.4201,48.1442],[93.4276,48.1765],[93.4232,48.1998],[93.4065,48.218]]]}},{"type":"Feature","properties":{"aimagId":65,"aimagName":"Архангай","asCode":6504,"soumId":4,"name":"Батцэнгэл","nameEn":"Batcengel"},"geometry":{"type":"Polygon","coordinates":[[[102.1893,48.2273],[101.9552,48.2465],[101.8443,48.1035],[101.8083,48.0479],[101.7416,48.033],[101.6664,48.0251],[101.5526,47.999],[101.4752,47.9375],[101.4293,47.908],[101.4064,47.8345],[101.3869,47.7645],[101.3862,47.7353],[101.3911,47.73],[101.3775,47.7189],[101.3776,47.7069],[101.3672,47.6913],[101.3686,47.6843],[101.3527,47.6614],[101.3353,47.652],[101.3587,47.6469],[101.3903,47.6353],[101.4249,47.6396],[101.4907,47.6242],[101.4781,47.6015],[101.4749,47.5554],[101.4976,47.5484],[101.53,47.5449],[101.6093,47.5129],[101.6416,47.5413],[101.686,47.5698],[101.7288,47.6072],[101.7709,47.6609],[101.8739,47.6513],[101.9888,47.6769],[102.0075,47.69],[102.0374,47.7164],[102.0943,47.6936],[102.1365,47.6676],[102.1832,47.6586],[102.2333,47.686],[102.2736,47.7778],[102.2774,47.8116],[102.3343,47.8684],[102.4381,47.8911],[102.3772,47.9465],[102.3302,47.981],[102.2704,48.0351],[102.2303,48.1322],[102.1796,48.1564],[102.1893,48.2273]]]}},{"type":"Feature","properties":{"aimagId":23,"aimagName":"Хэнтий","asCode":2349,"soumId":49,"name":"Цэнхэрмандал","nameEn":"Cenxermandal"},"geometry":{"type":"Polygon","coordinates":[[[109.3273,47.8884],[109.287,47.9266],[109.2109,48.0147],[109.1749,48.1313],[109.1257,48.1836],[109.0561,48.2426],[109.0026,48.2496],[108.9282,48.1567],[108.9412,48.1236],[108.9368,48.1007],[108.9145,48.0828],[108.8135,48.0325],[108.7793,47.9945],[108.6671,47.948],[108.6409,47.9316],[108.4908,47.9214],[108.4973,47.9137],[108.4722,47.8719],[108.4734,47.8516],[108.4807,47.8287],[108.4757,47.8121],[108.4882,47.7803],[108.4801,47.767],[108.4969,47.757],[108.5,47.7439],[108.4809,47.7303],[108.4898,47.7158],[108.4853,47.7032],[108.4687,47.6912],[108.4555,47.6612],[108.4294,47.6284],[108.4089,47.6208],[108.4108,47.6052],[108.4055,47.5945],[108.4153,47.5631],[108.441,47.5631],[108.5183,47.5737],[108.5924,47.574],[108.6704,47.5649],[108.7459,47.5747],[108.821,47.6056],[108.9082,47.6391],[108.9433,47.6097],[108.9827,47.5971],[109.0272,47.5901],[109.064,47.5702],[109.2018,47.6033],[109.2682,47.6362],[109.2663,47.6723],[109.2845,47.7075],[109.3094,47.7334],[109.3321,47.773],[109.3273,47.8884]]]}},{"type":"Feature","properties":{"aimagId":41,"aimagName":"Төв","asCode":4134,"soumId":34,"name":"Баянцогт","nameEn":"Bayancogt"},"geometry":{"type":"Polygon","coordinates":[[[106.2333,48.1402],[106.2156,48.144],[106.1558,48.1215],[106.1161,48.1285],[106.092,48.1421],[106.0791,48.1577],[106.0732,48.2092],[106.0838,48.2226],[106.0458,48.2444],[106.0153,48.2784],[105.992,48.2812],[105.9078,48.2905],[105.765,48.2661],[105.7706,48.2304],[105.7164,48.2196],[105.6958,48.2175],[105.6879,48.2065],[105.6143,48.1313],[105.605,48.0789],[105.6113,48.0551],[105.634,48.0329],[105.6593,47.9848],[105.69,47.9362],[105.7398,47.9279],[105.7954,47.9458],[105.9387,47.9694],[106.0162,47.9949],[106.0581,47.9926],[106.2269,47.9753],[106.3367,47.9936],[106.4037,47.9824],[106.4809,47.9806],[106.4816,47.9809],[106.4801,47.9832],[106.4596,48.0133],[106.4604,48.03],[106.4611,48.0421],[106.4616,48.0431],[106.4798,48.0732],[106.417,48.1342],[106.4278,48.148],[106.3712,48.1178],[106.3666,48.0835],[106.357,48.0713],[106.3395,48.0618],[106.3227,48.0703],[106.3041,48.094],[106.2913,48.0979],[106.3024,48.1208],[106.2979,48.1258],[106.2745,48.1314],[106.2555,48.128],[106.2357,48.1402],[106.2342,48.1401],[106.2333,48.1402]]]}},{"type":"Feature","properties":{"aimagId":41,"aimagName":"Төв","asCode":4119,"soumId":19,"name":"Баяндэлгэр","nameEn":"Bayandelger"},"geometry":{"type":"Polygon","coordinates":[[[108.2366,48.3126],[108.1534,48.3189],[108.1106,48.2966],[108.059,48.2533],[108.0213,48.2186],[108.0237,48.2084],[108.0204,48.1276],[108.0912,48.11],[108.1333,48.0589],[108.0717,48.0091],[108.0279,47.9787],[108.0189,47.9062],[108.0236,47.8787],[108.0195,47.8151],[108.0086,47.7736],[108.0029,47.7424],[107.9865,47.7134],[107.953,47.6708],[108.0076,47.651],[108.0196,47.6178],[108.1206,47.5883],[108.1494,47.5664],[108.1153,47.5006],[108.1472,47.4085],[108.1452,47.3711],[108.0999,47.3356],[108.2733,47.3246],[108.4944,47.322],[108.5496,47.3356],[108.526,47.3541],[108.5135,47.3703],[108.4945,47.3772],[108.4836,47.3852],[108.4782,47.4068],[108.4699,47.4229],[108.461,47.4278],[108.4556,47.4458],[108.4447,47.4513],[108.4395,47.4708],[108.4229,47.4704],[108.4029,47.488],[108.4139,47.5039],[108.412,47.5358],[108.4189,47.5491],[108.4153,47.5631],[108.4055,47.5945],[108.4108,47.6052],[108.4089,47.6208],[108.4294,47.6284],[108.4555,47.6612],[108.4687,47.6912],[108.2938,47.6661],[108.2412,47.6846],[108.2302,47.6849],[108.2061,47.9291],[108.2303,47.9878],[108.2717,47.9872],[108.2745,47.9834],[108.3064,47.9783],[108.3139,47.973],[108.3311,47.9743],[108.3455,47.9693],[108.3671,47.9547],[108.3864,47.9563],[108.3971,47.9479],[108.385,47.9649],[108.3601,47.9855],[108.339,47.9987],[108.32,48.0021],[108.3193,48.0116],[108.3017,48.0293],[108.3111,48.0441],[108.242,48.1044],[108.3538,48.1584],[108.322,48.1708],[108.2157,48.2356],[108.2292,48.264],[108.2382,48.2969],[108.2366,48.3126]]]}},{"type":"Feature","properties":{"aimagId":21,"aimagName":"Дорнод","asCode":2131,"soumId":31,"name":"Хөлөнбуйр","nameEn":"Xo'lonbuir"},"geometry":{"type":"Polygon","coordinates":[[[113.3763,48.031],[113.3668,48.034],[113.3535,48.0249],[113.3318,48.0298],[113.3157,48.0289],[113.2896,48.0225],[113.2787,48.0157],[113.2357,48.0129],[113.2266,48.0088],[113.1882,48.0116],[113.187,48.0301],[113.17,48.0538],[113.0817,48.0782],[112.9202,48.1236],[112.7523,48.25],[112.67,48.3191],[112.5574,48.3119],[112.4954,48.2903],[112.5282,48.232],[112.5355,48.2048],[112.5516,48.1728],[112.5572,48.1259],[112.5543,48.0497],[112.6541,47.9238],[112.7234,47.8305],[112.7125,47.5863],[112.9695,47.6435],[113.1757,47.5985],[113.5325,47.5493],[113.6968,47.5382],[113.6843,47.581],[113.6729,47.629],[113.6005,47.6917],[113.5291,47.7521],[113.4391,47.8571],[113.4116,47.9357],[113.3718,48.0181],[113.3763,48.031]]]}},{"type":"Feature","properties":{"aimagId":65,"aimagName":"Архангай","asCode":6519,"soumId":19,"name":"Өлзийт","nameEn":"O'lziit"},"geometry":{"type":"Polygon","coordinates":[[[102.621,48.2635],[102.5754,48.2875],[102.488,48.2539],[102.3966,48.3166],[102.3414,48.3392],[102.29,48.3298],[102.2466,48.2974],[102.1893,48.2273],[102.1796,48.1564],[102.2303,48.1322],[102.2704,48.0351],[102.3302,47.981],[102.3772,47.9465],[102.4381,47.8911],[102.5277,47.8625],[102.6284,47.8516],[102.7015,47.8564],[102.7887,47.8705],[102.8288,47.8858],[102.8167,47.9233],[102.8035,47.9484],[102.8161,47.9816],[102.8234,48.0089],[102.7656,48.0943],[102.7108,48.1931],[102.6614,48.2435],[102.621,48.2635]]]}},{"type":"Feature","properties":{"aimagId":84,"aimagName":"Ховд","asCode":8440,"soumId":40,"name":"Ховд","nameEn":"Xovd"},"geometry":{"type":"Polygon","coordinates":[[[91.9014,48.2447],[91.8978,48.258],[91.8863,48.2784],[91.8669,48.2945],[91.849,48.3034],[91.8447,48.3104],[91.8287,48.3155],[91.8211,48.3271],[91.8156,48.3503],[91.7964,48.3456],[91.7731,48.3523],[91.7439,48.3527],[91.6845,48.3615],[91.6384,48.3473],[91.5207,48.2988],[91.4879,48.2593],[91.4591,48.258],[91.4297,48.2468],[91.4007,48.2436],[91.3797,48.2316],[91.3224,48.2516],[91.2722,48.2727],[91.2374,48.2808],[91.218,48.2937],[91.1902,48.2945],[91.1825,48.2908],[91.1658,48.2986],[91.1391,48.305],[91.112,48.2972],[91.1033,48.2979],[91.0666,48.2868],[91.0583,48.2756],[91.0453,48.2717],[90.9943,48.2379],[90.906,48.2323],[90.877,48.217],[90.8513,48.1969],[90.8051,48.2073],[90.819,48.1742],[90.8059,48.1546],[90.8126,48.1061],[90.8321,48.0747],[90.8669,48.0718],[90.8841,48.0509],[90.9461,48.0349],[90.9464,48.0013],[90.9574,47.9712],[90.9916,47.9467],[91.0202,47.8822],[91.0535,47.8711],[91.0645,47.8573],[91.041,47.8234],[91.0673,47.7993],[91.0644,47.7355],[91.1089,47.7123],[91.1607,47.7173],[91.1768,47.706],[91.1889,47.715],[91.1721,47.7326],[91.174,47.7515],[91.1957,47.7588],[91.1995,47.7822],[91.2114,47.7884],[91.2045,47.8269],[91.2203,47.8396],[91.214,47.8498],[91.221,47.8605],[91.2525,47.8885],[91.2816,47.8919],[91.3181,47.9099],[91.3442,47.9164],[91.3656,47.9175],[91.415,47.9145],[91.4255,47.9112],[91.462,47.9212],[91.4794,47.9201],[91.5041,47.9267],[91.5181,47.9341],[91.5377,47.9357],[91.5593,47.9444],[91.597,47.9775],[91.5748,47.9824],[91.5711,48.0225],[91.6044,48.0269],[91.6216,48.04],[91.6716,48.0532],[91.6867,48.0419],[91.7078,48.0555],[91.725,48.0718],[91.7306,48.0971],[91.7482,48.1128],[91.7679,48.1227],[91.764,48.1377],[91.7477,48.158],[91.7622,48.1641],[91.794,48.1862],[91.8169,48.1988],[91.8413,48.2085],[91.9014,48.2447]]]}},{"type":"Feature","properties":{"aimagId":41,"aimagName":"Төв","asCode":4137,"soumId":37,"name":"Баянчандмань","nameEn":"Bayanchandmani"},"geometry":{"type":"Polygon","coordinates":[[[106.3813,48.317],[106.3193,48.3248],[106.2939,48.3314],[106.2589,48.3262],[106.2172,48.3135],[106.2186,48.2992],[106.1961,48.2918],[106.1902,48.3024],[106.1908,48.3536],[106.1702,48.363],[106.1462,48.3675],[106.1197,48.3606],[106.1057,48.3467],[106.0983,48.3252],[106.0759,48.3064],[106.0346,48.2903],[106.0153,48.2784],[106.0458,48.2444],[106.0838,48.2226],[106.0732,48.2092],[106.0791,48.1577],[106.092,48.1421],[106.1161,48.1285],[106.1558,48.1215],[106.2156,48.144],[106.2333,48.1402],[106.2342,48.1401],[106.2357,48.1402],[106.2555,48.128],[106.2745,48.1314],[106.2979,48.1258],[106.3024,48.1208],[106.2913,48.0979],[106.3041,48.094],[106.3227,48.0703],[106.3395,48.0618],[106.357,48.0713],[106.3666,48.0835],[106.3712,48.1178],[106.4278,48.148],[106.4077,48.1973],[106.3673,48.2462],[106.3629,48.2577],[106.3536,48.2886],[106.3813,48.317]]]}},{"type":"Feature","properties":{"aimagId":84,"aimagName":"Ховд","asCode":8410,"soumId":10,"name":"Буянт","nameEn":"Buyant"},"geometry":{"type":"Polygon","coordinates":[[[92.4183,48.0063],[92.4308,48.0202],[92.4393,48.0172],[92.4478,48.033],[92.4394,48.0439],[92.4493,48.0531],[92.4296,48.0772],[92.4253,48.0923],[92.416,48.0979],[92.4047,48.1158],[92.3689,48.1531],[92.379,48.1767],[92.3915,48.2196],[92.3982,48.226],[92.402,48.2497],[92.4098,48.2609],[92.4226,48.3065],[92.4344,48.3122],[92.4354,48.3238],[92.4651,48.3198],[92.4883,48.3195],[92.497,48.3288],[92.4843,48.3379],[92.4524,48.3513],[92.4431,48.3495],[92.4142,48.3556],[92.3873,48.365],[92.35,48.368],[92.3495,48.3286],[92.3379,48.3389],[92.3097,48.3516],[92.297,48.3516],[92.2775,48.3649],[92.2583,48.3732],[92.2393,48.3694],[92.2384,48.3561],[92.2135,48.3481],[92.2104,48.3282],[92.2179,48.3186],[92.234,48.3182],[92.2449,48.3062],[92.2714,48.2873],[92.284,48.2719],[92.2831,48.2601],[92.303,48.2486],[92.3024,48.2308],[92.2822,48.2261],[92.2806,48.207],[92.2868,48.1761],[92.299,48.169],[92.2906,48.1625],[92.2622,48.1679],[92.245,48.1652],[92.2344,48.1751],[92.1707,48.1741],[92.1509,48.1693],[92.1133,48.1897],[92.1025,48.1808],[92.0859,48.1873],[92.0703,48.2176],[92.042,48.2076],[92.0238,48.2116],[91.9917,48.2066],[91.9805,48.216],[91.9695,48.2144],[91.9298,48.2197],[91.9286,48.2276],[91.9074,48.2355],[91.9014,48.2447],[91.8413,48.2085],[91.8169,48.1988],[91.794,48.1862],[91.7622,48.1641],[91.7477,48.158],[91.764,48.1377],[91.7679,48.1227],[91.7482,48.1128],[91.7306,48.0971],[91.725,48.0718],[91.7078,48.0555],[91.6867,48.0419],[91.7206,48.0163],[91.6975,47.9964],[91.6782,47.9732],[91.6771,47.9592],[91.597,47.9775],[91.5593,47.9444],[91.5377,47.9357],[91.5181,47.9341],[91.5041,47.9267],[91.4794,47.9201],[91.462,47.9212],[91.4255,47.9112],[91.415,47.9145],[91.3656,47.9175],[91.3442,47.9164],[91.3181,47.9099],[91.2816,47.8919],[91.2525,47.8885],[91.221,47.8605],[91.214,47.8498],[91.2757,47.8414],[91.3248,47.8024],[91.4128,47.777],[91.4322,47.7627],[91.4964,47.7265],[91.5011,47.6999],[91.5467,47.6682],[91.5901,47.6577],[91.6139,47.6436],[91.6371,47.6393],[91.6646,47.6115],[91.8008,47.6037],[91.8158,47.5948],[91.8384,47.5972],[91.8508,47.603],[91.8716,47.6062],[91.9138,47.6079],[91.9377,47.6203],[91.9518,47.6243],[92.0019,47.6271],[92.0188,47.6242],[92.067,47.6239],[92.096,47.7441],[92.0872,47.7519],[92.0772,47.7818],[92.0912,47.806],[92.122,47.8123],[92.1687,47.8271],[92.1912,47.8358],[92.2242,47.8345],[92.2618,47.8372],[92.2643,47.8553],[92.2768,47.873],[92.2853,47.8947],[92.3151,47.9382],[92.3183,47.9472],[92.3518,47.9812],[92.3691,47.9933],[92.3772,48.01],[92.3961,48.0031],[92.4183,48.0063]]]}},{"type":"Feature","properties":{"aimagId":65,"aimagName":"Архангай","asCode":6522,"soumId":22,"name":"Өндөр-Улаан","nameEn":"O'ndor-Ulaan"},"geometry":{"type":"Polygon","coordinates":[[[100.919,48.386],[100.8476,48.3348],[100.7803,48.345],[100.7145,48.3534],[100.6152,48.3983],[100.5311,48.4146],[100.5045,48.3887],[100.4981,48.3752],[100.4698,48.3586],[100.4789,48.3551],[100.4642,48.3398],[100.4838,48.3347],[100.4703,48.3009],[100.4852,48.2791],[100.4765,48.2543],[100.4396,48.2392],[100.4354,48.2344],[100.4754,48.2248],[100.4846,48.1828],[100.4789,48.1379],[100.4369,48.1341],[100.3864,48.1352],[100.3673,48.1377],[100.2595,48.1353],[100.1992,48.0927],[100.1235,48.0786],[100.0944,48.0516],[100.0875,47.9599],[100.0828,47.943],[100.0826,47.9007],[100.1894,47.8997],[100.2748,47.8801],[100.4511,47.8448],[100.4251,47.6132],[100.5593,47.6285],[100.5989,47.6762],[100.6869,47.6923],[100.7047,47.7189],[100.721,47.7293],[100.7309,47.7464],[100.7876,47.782],[100.7956,47.7924],[100.8251,47.7969],[100.8661,47.7988],[100.8784,47.8184],[100.9,47.8348],[100.9103,47.8464],[100.9136,47.8629],[100.9262,47.8839],[100.9515,47.9119],[100.9767,47.9289],[100.9846,47.9244],[101.0784,47.9579],[101.2522,47.9574],[101.3236,48.0596],[101.4049,48.1578],[101.4233,48.1959],[101.4262,48.2089],[101.2737,48.2172],[101.1313,48.2564],[101.026,48.2783],[100.919,48.386]]]}},{"type":"Feature","properties":{"aimagId":81,"aimagName":"Завхан","asCode":8119,"soumId":19,"name":"Завханмандал","nameEn":"Zavxanmandal"},"geometry":{"type":"Polygon","coordinates":[[[95.348,48.3493],[94.634,48.4278],[94.5264,48.2777],[94.4549,48.268],[94.4272,48.2438],[94.3879,48.12],[94.4468,48.0287],[94.4723,48.0097],[94.4778,47.9707],[94.4731,47.9248],[94.4452,47.876],[94.5019,47.8754],[94.5273,47.8817],[94.6402,47.8791],[94.7198,47.8523],[94.7857,47.8476],[94.8761,47.8588],[94.9401,47.875],[94.9946,47.9488],[95.0404,47.9885],[95.2055,48.0149],[95.2726,48.0883],[95.3501,48.0891],[95.4168,48.1558],[95.4425,48.1879],[95.5669,48.2674],[95.5767,48.3182],[95.348,48.3493]]]}},{"type":"Feature","properties":{"aimagId":41,"aimagName":"Төв","asCode":4170,"soumId":70,"name":"Угтаалцайдам","nameEn":"Ugtaalcaidam"},"geometry":{"type":"Polygon","coordinates":[[[105.7696,48.3973],[105.7557,48.3892],[105.7321,48.3851],[105.71,48.3689],[105.6973,48.3421],[105.6851,48.3322],[105.66,48.3236],[105.6372,48.3202],[105.6215,48.3283],[105.5837,48.342],[105.5809,48.3533],[105.5704,48.3666],[105.5679,48.3823],[105.5773,48.3921],[105.5744,48.4081],[105.533,48.4302],[105.4936,48.412],[105.4622,48.394],[105.4187,48.3828],[105.3868,48.3785],[105.3638,48.3559],[105.3026,48.3422],[105.2664,48.3175],[105.2483,48.2892],[105.21,48.2498],[105.1884,48.2388],[105.1632,48.2026],[105.142,48.1957],[105.1309,48.1855],[105.0958,48.1426],[105.0403,48.0703],[105.0422,47.9987],[105.1308,47.9754],[105.2035,47.9775],[105.2807,47.9899],[105.2815,48.0032],[105.3644,48.0367],[105.4358,48.0349],[105.4748,48.0175],[105.4915,48.031],[105.54,48.0366],[105.605,48.0789],[105.6143,48.1313],[105.6879,48.2065],[105.6958,48.2175],[105.7164,48.2196],[105.7706,48.2304],[105.765,48.2661],[105.7454,48.2791],[105.7222,48.3095],[105.7157,48.3467],[105.7318,48.3597],[105.7515,48.3634],[105.7683,48.3836],[105.7696,48.3973]]]}},{"type":"Feature","properties":{"aimagId":23,"aimagName":"Хэнтий","asCode":2304,"soumId":4,"name":"Батноров","nameEn":"Batnorov"},"geometry":{"type":"Polygon","coordinates":[[[111.8805,48.0964],[111.8767,48.143],[111.8796,48.207],[111.9113,48.3126],[111.8804,48.3378],[111.7682,48.3957],[111.6747,48.4809],[111.5378,48.3818],[111.4755,48.3299],[111.3935,48.2474],[111.2835,48.2529],[111.2047,48.2042],[111.1377,48.1616],[111.0987,48.1332],[111.0125,48.1121],[110.956,48.018],[110.935,47.993],[110.9956,47.9196],[111.0037,47.8607],[111.0049,47.8207],[111.0108,47.8023],[111.0207,47.7847],[111.0191,47.778],[111.03,47.7582],[111.0496,47.7407],[111.065,47.716],[111.0764,47.7045],[111.0476,47.6837],[111.0245,47.6537],[111.0352,47.5875],[111.0262,47.5661],[111.0315,47.5217],[111.0386,47.505],[111.0713,47.5033],[111.0855,47.4966],[111.1064,47.4976],[111.121,47.491],[111.1552,47.4984],[111.1826,47.4999],[111.1971,47.5081],[111.2192,47.5093],[111.2311,47.522],[111.2469,47.5238],[111.2518,47.5176],[111.2777,47.5341],[111.3121,47.5436],[111.3184,47.5515],[111.3403,47.5583],[111.3741,47.555],[111.4049,47.5574],[111.4276,47.5672],[111.4427,47.5649],[111.4776,47.5697],[111.496,47.5832],[111.5034,47.594],[111.5282,47.5999],[111.5364,47.5938],[111.5595,47.5989],[111.6066,47.6022],[111.6375,47.6073],[111.6501,47.5961],[111.6658,47.5976],[111.6888,47.6074],[111.7014,47.6297],[111.6248,47.6865],[111.7467,47.8278],[111.7962,47.8525],[111.877,47.9064],[111.909,47.9579],[111.8863,48.0549],[111.8805,48.0964]]]}},{"type":"Feature","properties":{"aimagId":65,"aimagName":"Архангай","asCode":6525,"soumId":25,"name":"Тариат","nameEn":"Tariat"},"geometry":{"type":"Polygon","coordinates":[[[100.5045,48.3887],[100.5142,48.4033],[100.5021,48.4194],[100.5073,48.4366],[100.5575,48.4448],[100.5721,48.4576],[100.5513,48.4661],[100.5582,48.4738],[100.5762,48.4812],[100.565,48.4895],[100.5538,48.4829],[100.5324,48.4851],[100.5062,48.4835],[100.5031,48.4947],[100.4905,48.5047],[100.4936,48.5148],[100.4725,48.5273],[100.4074,48.5275],[100.3905,48.5138],[100.3529,48.5027],[100.2922,48.4992],[100.2394,48.5034],[100.2286,48.4999],[100.2083,48.5041],[100.1694,48.4972],[100.1597,48.4912],[100.1528,48.475],[100.1596,48.4458],[100.2081,48.4133],[100.1448,48.3834],[100.0874,48.4061],[100.0195,48.4179],[99.9315,48.464],[99.8319,48.4787],[99.7915,48.487],[99.7391,48.4245],[99.7334,48.3551],[99.725,48.3136],[99.6597,48.3155],[99.5663,48.2925],[99.477,48.2809],[99.383,48.2924],[99.3557,48.3144],[99.3391,48.2881],[99.2804,48.2556],[99.2181,48.2555],[99.1515,48.304],[99.0809,48.3113],[99.0756,48.29],[99.0759,48.2637],[99.0587,48.2287],[99.0716,48.2041],[99.0827,48.1654],[99.1165,48.113],[99.1562,48.1151],[99.1541,48.1016],[99.1882,48.0848],[99.1844,48.0638],[99.1936,48.0296],[99.2454,48.0041],[99.2877,48.0325],[99.3328,48.0494],[99.3495,48.0427],[99.426,48.0296],[99.4464,48.005],[99.4514,47.9928],[99.5157,47.9591],[99.5905,47.963],[99.5951,48.006],[99.6395,48.0212],[99.7323,47.9831],[99.8211,47.9953],[99.907,47.9816],[99.9257,47.9758],[100.011,47.9568],[100.0875,47.9599],[100.0944,48.0516],[100.1235,48.0786],[100.1992,48.0927],[100.2595,48.1353],[100.3673,48.1377],[100.3864,48.1352],[100.4369,48.1341],[100.4789,48.1379],[100.4846,48.1828],[100.4754,48.2248],[100.4354,48.2344],[100.4396,48.2392],[100.4765,48.2543],[100.4852,48.2791],[100.4703,48.3009],[100.4838,48.3347],[100.4642,48.3398],[100.4789,48.3551],[100.4698,48.3586],[100.4981,48.3752],[100.5045,48.3887]]]}},{"type":"Feature","properties":{"aimagId":81,"aimagName":"Завхан","asCode":8122,"soumId":22,"name":"Идэр","nameEn":"Ider"},"geometry":{"type":"Polygon","coordinates":[[[97.7928,48.3535],[97.7777,48.3516],[97.7606,48.3766],[97.7332,48.3944],[97.7064,48.4163],[97.6869,48.4254],[97.6837,48.4462],[97.6757,48.4551],[97.6784,48.466],[97.6582,48.4893],[97.6608,48.5099],[97.6395,48.51],[97.591,48.484],[97.5519,48.4845],[97.5132,48.4825],[97.472,48.4747],[97.406,48.4555],[97.3659,48.4639],[97.3333,48.4647],[97.3244,48.4681],[97.2732,48.4727],[97.2426,48.4827],[97.2145,48.4961],[97.1708,48.5207],[97.1581,48.5207],[97.141,48.5291],[97.1261,48.5316],[97.1009,48.5213],[97.0825,48.5103],[97.0598,48.5013],[97.0393,48.5033],[97.0546,48.4711],[97.1078,48.3793],[97.1048,48.3412],[97.1002,48.3293],[97.1244,48.282],[97.13,48.277],[97.1327,48.2596],[97.122,48.2322],[97.1122,48.2187],[97.1005,48.2125],[97.0925,48.2009],[97.1031,48.1852],[97.1019,48.1625],[97.0832,48.1314],[97.1064,48.1232],[97.1513,48.1174],[97.1874,48.1226],[97.2079,48.1196],[97.2356,48.0964],[97.24,48.063],[97.2569,48.0359],[97.3388,48.0068],[97.3709,47.9859],[97.3996,47.9729],[97.4032,47.9619],[97.4295,47.9244],[97.4585,47.8878],[97.505,47.8721],[97.5954,47.8496],[97.6944,47.8634],[97.766,47.8416],[97.7957,47.85],[97.8097,47.8626],[97.8175,47.8926],[97.889,47.9078],[97.941,47.8948],[98.0428,47.9364],[98.0679,48.0432],[98.0607,48.0903],[98.0094,48.1401],[97.9796,48.1805],[97.9629,48.2269],[97.9121,48.2636],[97.8923,48.2725],[97.7928,48.3535]]]}},{"type":"Feature","properties":{"aimagId":81,"aimagName":"Завхан","asCode":8116,"soumId":16,"name":"Дөрвөлжин","nameEn":"Do'rvoljin"},"geometry":{"type":"Polygon","coordinates":[[[94.3879,48.12],[94.2663,48.1466],[94.2291,48.2243],[94.1302,48.2595],[94.1003,48.2668],[94.0671,48.2857],[93.9492,48.3207],[93.8671,48.3648],[93.8737,48.3757],[93.8594,48.4152],[93.8254,48.4409],[93.7646,48.4796],[93.7473,48.5099],[93.7049,48.5281],[93.6369,48.55],[93.5607,48.5308],[93.4777,48.4892],[93.3924,48.4198],[93.4537,48.4061],[93.4798,48.3933],[93.4907,48.3819],[93.5066,48.3749],[93.5133,48.3648],[93.4946,48.3454],[93.4888,48.3288],[93.4913,48.3078],[93.4819,48.2891],[93.474,48.2629],[93.4529,48.2444],[93.4428,48.2406],[93.4259,48.2257],[93.4065,48.218],[93.4232,48.1998],[93.4276,48.1765],[93.4201,48.1442],[93.4085,48.1255],[93.3902,48.1061],[93.353,48.0761],[93.3008,48.0506],[93.286,48.0416],[93.2548,48.0159],[93.2825,48.0131],[93.2756,47.9998],[93.2639,47.9924],[93.2705,47.9665],[93.2908,47.9849],[93.3162,47.98],[93.328,47.9709],[93.2985,47.9601],[93.2859,47.9526],[93.2828,47.9352],[93.2585,47.9387],[93.2534,47.9337],[93.2748,47.9207],[93.284,47.89],[93.2717,47.8688],[93.2779,47.8581],[93.2927,47.8594],[93.2997,47.838],[93.3408,47.8141],[93.3602,47.8171],[93.366,47.8097],[93.384,47.8017],[93.3914,47.7847],[93.3771,47.7734],[93.4137,47.7719],[93.431,47.7662],[93.4759,47.738],[93.5002,47.727],[93.5143,47.7141],[93.5444,47.6976],[93.5751,47.6854],[93.6104,47.676],[93.626,47.6647],[93.9936,47.7338],[94.1207,47.7799],[94.1951,47.7934],[94.2145,47.7664],[94.2364,47.7531],[94.2471,47.7529],[94.2815,47.725],[94.2984,47.7168],[94.3229,47.716],[94.3771,47.7043],[94.4264,47.6971],[94.4498,47.6882],[94.4956,47.6765],[94.5157,47.6748],[94.5618,47.6757],[94.5784,47.672],[94.614,47.673],[94.6288,47.6691],[94.6598,47.6687],[94.6774,47.6712],[94.696,47.6692],[94.7462,47.6704],[94.7892,47.6679],[94.8477,47.6622],[94.8612,47.6662],[94.885,47.6604],[94.894,47.6638],[94.9126,47.6573],[94.9402,47.6602],[94.9773,47.6522],[94.9883,47.643],[94.9944,47.6296],[95.0302,47.6123],[95.033,47.5869],[95.0572,47.5708],[95.0617,47.5624],[95.0879,47.5492],[95.0984,47.5526],[95.1157,47.5553],[95.1536,47.569],[95.1704,47.5707],[95.1877,47.5777],[95.2084,47.5805],[95.234,47.578],[95.2515,47.5832],[95.274,47.5814],[95.2928,47.5838],[95.3097,47.5793],[95.3258,47.5703],[95.388,47.5679],[95.4035,47.5635],[95.4203,47.5647],[95.4404,47.5597],[95.3728,47.7035],[95.3468,47.7317],[95.4351,47.7745],[95.3391,47.8157],[95.3033,47.7951],[95.2192,47.7962],[95.1601,47.798],[95.0571,47.816],[95.0314,47.8504],[94.9401,47.875],[94.8761,47.8588],[94.7857,47.8476],[94.7198,47.8523],[94.6402,47.8791],[94.5273,47.8817],[94.5019,47.8754],[94.4452,47.876],[94.4731,47.9248],[94.4778,47.9707],[94.4723,48.0097],[94.4468,48.0287],[94.3879,48.12]]]}},{"type":"Feature","properties":{"aimagId":81,"aimagName":"Завхан","asCode":8167,"soumId":67,"name":"Эрдэнэхайрхан","nameEn":"Erdenexairxan"},"geometry":{"type":"Polygon","coordinates":[[[96.4183,48.4896],[96.3164,48.5542],[96.1523,48.517],[96.1072,48.5125],[96.0728,48.4731],[96.0315,48.4694],[96.0081,48.456],[95.9076,48.4333],[95.8913,48.4105],[95.8597,48.4048],[95.8407,48.395],[95.7859,48.3826],[95.7702,48.3715],[95.7581,48.3685],[95.7303,48.3499],[95.7197,48.3481],[95.6594,48.3486],[95.6372,48.3369],[95.5767,48.3182],[95.5669,48.2674],[95.4425,48.1879],[95.4168,48.1558],[95.3501,48.0891],[95.2726,48.0883],[95.2055,48.0149],[95.0404,47.9885],[94.9946,47.9488],[94.9401,47.875],[95.0314,47.8504],[95.0571,47.816],[95.1601,47.798],[95.2192,47.7962],[95.3033,47.7951],[95.3391,47.8157],[95.3573,47.8226],[95.5093,47.8735],[95.5532,47.9005],[95.6489,47.9318],[95.7481,47.9751],[95.8906,47.9961],[95.9887,48.024],[96.0355,48.0488],[96.0708,48.0616],[96.1152,48.0636],[96.2176,48.09],[96.2222,48.0987],[96.2267,48.1305],[96.2383,48.1403],[96.2863,48.149],[96.3338,48.1473],[96.3656,48.1481],[96.399,48.1516],[96.4828,48.1777],[96.4602,48.2033],[96.4554,48.2454],[96.4438,48.2693],[96.424,48.3484],[96.3951,48.4354],[96.4183,48.4896]]]}},{"type":"Feature","properties":{"aimagId":83,"aimagName":"Баян-Өлгий","asCode":8304,"soumId":4,"name":"Алтай","nameEn":"Altai"},"geometry":{"type":"Polygon","coordinates":[[[89.9019,48.3007],[89.819,48.3296],[89.7919,48.3536],[89.6927,48.4105],[89.6224,48.4188],[89.5951,48.4331],[89.5475,48.5181],[89.4918,48.5143],[89.4186,48.5341],[89.3621,48.5582],[89.3059,48.5663],[89.2637,48.5222],[89.1938,48.4551],[89.213,48.4084],[89.2305,48.3704],[89.1916,48.3152],[89.1846,48.2715],[89.2001,48.2459],[89.2415,48.1946],[89.2747,48.1446],[89.3131,48.1008],[89.365,48.0827],[89.3936,48.0621],[89.3829,48.0442],[89.3983,48.0311],[89.443,48.0319],[89.4914,48.0245],[89.5086,48.0332],[89.5347,48.0359],[89.5816,48.0302],[89.5943,48.0197],[89.6009,48.008],[89.5859,47.9982],[89.5949,47.9713],[89.6128,47.9592],[89.6169,47.9503],[89.6383,47.947],[89.6392,47.9334],[89.649,47.9097],[89.6583,47.9046],[89.6875,47.9042],[89.7297,47.8939],[89.7458,47.8799],[89.7396,47.8675],[89.7525,47.8566],[89.7525,47.8407],[89.7591,47.8277],[89.7771,47.8268],[89.7913,47.8337],[89.8144,47.8343],[89.8205,47.83],[89.8416,47.832],[89.849,47.8272],[89.8901,47.8392],[89.9269,47.8309],[89.951,47.8332],[89.9546,47.8506],[89.9492,47.8578],[89.9584,47.8868],[89.9791,47.8797],[90.0129,47.8803],[90.0383,47.871],[90.0512,47.8741],[90.079,47.8698],[90.0815,47.9252],[90.0667,47.9523],[90.0645,47.9825],[90.0471,48.0034],[90.0494,48.0249],[90.0772,48.0838],[90.039,48.1063],[90.037,48.1375],[90.0377,48.1768],[90.0029,48.1859],[90.0122,48.2108],[89.9971,48.2223],[89.9019,48.3007]]]}},{"type":"Feature","properties":{"aimagId":63,"aimagName":"Булган","asCode":6343,"soumId":43,"name":"Хишиг-өндөр","nameEn":"Xishig-O'ndor"},"geometry":{"type":"Polygon","coordinates":[[[103.6433,48.4538],[103.5732,48.4608],[103.5107,48.4588],[103.469,48.4463],[103.3726,48.4803],[103.3635,48.4922],[103.3767,48.5495],[103.3369,48.5549],[103.3411,48.5641],[103.3137,48.5623],[103.2926,48.5438],[103.2777,48.5405],[103.2647,48.5438],[103.2683,48.5578],[103.2534,48.5781],[103.2341,48.5639],[103.2372,48.5515],[103.23,48.5455],[103.2068,48.5556],[103.1666,48.5634],[103.1594,48.5454],[103.1457,48.4817],[103.1599,48.4509],[103.1783,48.3756],[103.1323,48.2988],[103.1899,48.2565],[103.2421,48.0988],[103.3341,48.0674],[103.3832,48.0551],[103.4528,48.0839],[103.5035,48.0699],[103.5108,48.0223],[103.5249,48.0017],[103.5329,47.9976],[103.5452,47.9735],[103.5621,47.953],[103.5831,47.9409],[103.6118,47.9099],[103.6225,47.906],[103.6522,47.8726],[103.672,47.8442],[103.6874,47.8455],[103.7053,47.8532],[103.7287,47.8505],[103.7514,47.8573],[103.7678,47.8558],[103.806,47.8624],[103.8283,47.8596],[103.8387,47.8741],[103.8559,47.8782],[103.8724,47.8741],[103.8833,47.8822],[103.8827,47.8908],[103.8982,47.9012],[103.9206,47.899],[103.9571,47.9181],[103.9761,47.9227],[103.9954,47.9362],[104.002,47.9352],[103.9682,47.9659],[103.9236,47.9845],[103.8865,48.0569],[103.7918,48.1202],[103.7355,48.1405],[103.7455,48.1694],[103.7279,48.1959],[103.7266,48.2073],[103.7066,48.2312],[103.7013,48.2518],[103.6511,48.299],[103.6475,48.3585],[103.6372,48.4038],[103.6433,48.4538]]]}},{"type":"Feature","properties":{"aimagId":81,"aimagName":"Завхан","asCode":8170,"soumId":70,"name":"Яруу","nameEn":"Yaruu"},"geometry":{"type":"Polygon","coordinates":[[[97.0445,48.5882],[96.9711,48.591],[96.8154,48.5997],[96.7957,48.603],[96.7702,48.585],[96.7464,48.5864],[96.7161,48.5796],[96.6906,48.5685],[96.6623,48.5572],[96.6503,48.5464],[96.64,48.5473],[96.62,48.5176],[96.6295,48.4849],[96.6021,48.4605],[96.5787,48.4473],[96.5683,48.4176],[96.4183,48.4896],[96.3951,48.4354],[96.424,48.3484],[96.4438,48.2693],[96.4554,48.2454],[96.4602,48.2033],[96.4828,48.1777],[96.399,48.1516],[96.3656,48.1481],[96.3338,48.1473],[96.2863,48.149],[96.2383,48.1403],[96.2267,48.1305],[96.2222,48.0987],[96.2176,48.09],[96.1152,48.0636],[96.0708,48.0616],[96.0355,48.0488],[95.9887,48.024],[95.8906,47.9961],[95.7481,47.9751],[95.6489,47.9318],[95.5532,47.9005],[95.5093,47.8735],[95.3573,47.8226],[95.3391,47.8157],[95.4351,47.7745],[95.469,47.7111],[95.7693,47.7017],[95.9307,47.7644],[96.0129,47.8141],[96.048,47.8299],[96.0632,47.8402],[96.0779,47.8623],[96.2005,47.8811],[96.3522,47.8481],[96.4416,47.8663],[96.5096,47.8885],[96.511,47.9053],[96.5085,47.9334],[96.5176,47.9394],[96.5591,47.9439],[96.5923,47.9327],[96.599,47.9267],[96.7031,47.9514],[96.7448,47.9541],[96.8338,47.996],[96.8415,48.0076],[96.8667,48.035],[96.863,48.0468],[96.9505,48.0858],[97.0156,48.1032],[97.0832,48.1314],[97.1019,48.1625],[97.1031,48.1852],[97.0925,48.2009],[97.1005,48.2125],[97.1122,48.2187],[97.122,48.2322],[97.1327,48.2596],[97.13,48.277],[97.1244,48.282],[97.1002,48.3293],[97.1048,48.3412],[97.1078,48.3793],[97.0546,48.4711],[97.0393,48.5033],[97.0323,48.5549],[97.0445,48.5882]]]}},{"type":"Feature","properties":{"aimagId":21,"aimagName":"Дорнод","asCode":2107,"soumId":7,"name":"Баянтүмэн","nameEn":"Bayantu'men"},"geometry":{"type":"Polygon","coordinates":[[[114.5511,47.979],[114.5791,47.9538],[114.6357,47.8862],[114.6476,47.8739],[114.7224,47.783],[114.7755,47.7207],[114.7866,47.7178],[114.7956,47.7024],[114.8267,47.6694],[114.8608,47.6242],[114.8826,47.5647],[114.9056,47.5307],[114.9217,47.5027],[114.9891,47.4704],[115.1249,47.4806],[115.193,47.497],[115.2918,47.4969],[115.465,47.5838],[115.4358,47.6851],[115.4441,47.7755],[115.4553,47.8594],[115.5737,47.9197],[115.5319,48.1027],[115.5214,48.1111],[115.5329,48.1189],[115.537,48.1306],[115.526,48.1356],[115.5222,48.1532],[115.8132,48.2569],[115.7877,48.5234],[115.7741,48.5212],[115.6717,48.5248],[115.5677,48.5109],[115.4721,48.4965],[115.4321,48.4876],[115.4348,48.5113],[115.4236,48.53],[115.4348,48.5375],[115.4282,48.5506],[115.4369,48.5585],[115.4346,48.5734],[115.4462,48.5821],[115.4342,48.5945],[115.4108,48.6056],[115.3928,48.6061],[115.3743,48.6116],[115.361,48.6094],[115.3473,48.6203],[115.3267,48.6217],[115.3007,48.6036],[115.2921,48.6063],[115.2545,48.5992],[115.2333,48.5988],[115.2196,48.5879],[115.2202,48.5779],[115.1975,48.5686],[115.1976,48.5616],[115.1687,48.5378],[115.1556,48.5305],[115.1206,48.4944],[115.1238,48.4903],[115.1064,48.4764],[115.11,48.4682],[115.0936,48.4557],[115.0757,48.4522],[115.0626,48.4358],[115.0654,48.4278],[115.0416,48.4088],[115.031,48.3921],[115.0239,48.3726],[115.0085,48.3669],[115.0185,48.3339],[114.9982,48.3235],[114.9948,48.3161],[114.9768,48.311],[114.9582,48.2953],[114.9585,48.2819],[114.929,48.2451],[114.9049,48.2306],[114.8602,48.2198],[114.8452,48.2232],[114.8377,48.2093],[114.828,48.2064],[114.8109,48.1804],[114.7934,48.167],[114.7777,48.1605],[114.7751,48.1517],[114.7397,48.132],[114.7131,48.152],[114.6208,48.1804],[114.6358,48.2134],[114.6504,48.2612],[114.67,48.3117],[114.6623,48.3168],[114.5561,48.3257],[114.5456,48.3463],[114.4199,48.3247],[114.2641,48.3237],[114.1778,48.2679],[114.1153,48.1895],[114.0793,48.1985],[114.0131,48.2186],[113.9083,48.2485],[113.8422,48.277],[113.7343,48.1941],[113.6573,48.1317],[113.7221,48.0468],[113.7647,48.053],[113.7833,48.0488],[113.7987,48.0539],[113.8228,48.0485],[113.8222,48.0362],[113.8339,48.0338],[113.8407,48.0112],[113.863,48.0051],[113.8721,48.0119],[113.8879,48.0052],[113.9154,48.0003],[113.9241,48.0054],[113.9491,48.008],[113.96,48.0146],[113.9799,48.0103],[113.9999,48.0137],[114.0239,48.0134],[114.0896,48.0187],[114.1014,48.0125],[114.1254,48.0181],[114.1619,48.0214],[114.1754,48.0266],[114.2008,48.0272],[114.2166,48.0348],[114.2385,48.0293],[114.2664,48.0347],[114.3205,48.0318],[114.3496,48.0361],[114.3646,48.0292],[114.3817,48.0374],[114.4039,48.0322],[114.4104,48.0394],[114.4237,48.0803],[114.4946,48.1216],[114.5235,48.1246],[114.6258,48.1461],[114.679,48.1328],[114.7126,48.1084],[114.7417,48.0754],[114.7004,48.0331],[114.6579,48.0199],[114.5717,48.0082],[114.5511,47.979]]]}},{"type":"Feature","properties":{"aimagId":41,"aimagName":"Төв","asCode":4152,"soumId":52,"name":"Заамар","nameEn":"Zaamar"},"geometry":{"type":"Polygon","coordinates":[[[104.9507,48.5499],[104.8631,48.5766],[104.7988,48.5678],[104.7498,48.5922],[104.6666,48.6284],[104.5963,48.6441],[104.5825,48.6364],[104.5576,48.6326],[104.5471,48.6254],[104.5445,48.622],[104.5561,48.5977],[104.557,48.5688],[104.5334,48.5321],[104.5376,48.5209],[104.5195,48.5185],[104.5211,48.5036],[104.5141,48.4929],[104.5467,48.4883],[104.5531,48.4764],[104.5426,48.4628],[104.5464,48.4502],[104.5411,48.4392],[104.5467,48.4326],[104.5323,48.4234],[104.5328,48.41],[104.5092,48.394],[104.507,48.3748],[104.4867,48.3701],[104.4718,48.3787],[104.4588,48.3699],[104.4614,48.3562],[104.4539,48.3426],[104.4206,48.3385],[104.4047,48.3332],[104.4097,48.3259],[104.4016,48.3131],[104.3981,48.2966],[104.4017,48.2846],[104.3711,48.2776],[104.3696,48.2615],[104.3478,48.244],[104.3273,48.2352],[104.3094,48.219],[104.2917,48.2184],[104.2802,48.2069],[104.2834,48.1978],[104.2997,48.2022],[104.3078,48.1746],[104.3039,48.1606],[104.2954,48.1549],[104.302,48.1399],[104.3094,48.1356],[104.3,48.1028],[104.314,48.0948],[104.3187,48.0844],[104.3309,48.0812],[104.3518,48.0711],[104.3932,48.0632],[104.4103,48.0626],[104.4293,48.0567],[104.4357,48.0416],[104.4659,48.0413],[104.4713,48.0322],[104.49,48.0333],[104.5022,48.0268],[104.5152,48.0278],[104.5327,48.0116],[104.5485,48.0021],[104.5645,47.9979],[104.604,47.9802],[104.6144,47.9713],[104.6291,47.9759],[104.6429,47.9715],[104.6538,47.9746],[104.6772,47.9703],[104.6841,47.9402],[104.717,47.929],[104.7262,47.9101],[104.7448,47.9122],[104.7608,47.9197],[104.8072,47.9308],[104.8391,47.9633],[104.9093,48.0199],[105.0403,48.0703],[105.0958,48.1426],[105.0341,48.1757],[105.0067,48.1923],[104.9851,48.2281],[104.9743,48.2417],[104.9902,48.3134],[104.9657,48.3873],[104.9497,48.4122],[104.9392,48.4956],[104.941,48.5337],[104.9507,48.5499]]]}},{"type":"Feature","properties":{"aimagId":41,"aimagName":"Төв","asCode":4113,"soumId":13,"name":"Батсүмбэр","nameEn":"Batsu'mber"},"geometry":{"type":"Polygon","coordinates":[[[107.261,48.5942],[107.208,48.6037],[107.1585,48.6419],[107.1229,48.6477],[106.9978,48.6184],[106.9412,48.6349],[106.8739,48.6349],[106.8377,48.6082],[106.807,48.5953],[106.7843,48.577],[106.7765,48.5474],[106.6544,48.549],[106.6387,48.5478],[106.5653,48.5534],[106.5258,48.553],[106.4823,48.4858],[106.49,48.4689],[106.4815,48.453],[106.427,48.4256],[106.412,48.421],[106.3945,48.4005],[106.3953,48.3805],[106.3733,48.3533],[106.3813,48.317],[106.3536,48.2886],[106.3629,48.2577],[106.4419,48.2719],[106.4528,48.2649],[106.499,48.2538],[106.5894,48.2448],[106.6108,48.232],[106.6587,48.2376],[106.6768,48.2319],[106.7434,48.2278],[106.8236,48.2171],[106.8752,48.185],[106.9614,48.1911],[106.9675,48.1973],[106.992,48.2087],[107.0312,48.1868],[107.0532,48.1887],[107.0826,48.2086],[107.1109,48.2229],[107.1059,48.2611],[107.1309,48.2829],[107.1893,48.34],[107.2262,48.3573],[107.285,48.3985],[107.282,48.4837],[107.2527,48.511],[107.2536,48.5323],[107.261,48.5942]]]}},{"type":"Feature","properties":{"aimagId":84,"aimagName":"Ховд","asCode":8416,"soumId":16,"name":"Дөргөн","nameEn":"Do'rgon"},"geometry":{"type":"Polygon","coordinates":[[[93.3924,48.4198],[93.3803,48.4246],[93.3593,48.4397],[93.322,48.4501],[93.3023,48.4606],[93.2754,48.4841],[93.2549,48.5172],[93.2323,48.5411],[93.2331,48.553],[93.2227,48.5709],[93.203,48.5896],[93.1958,48.6147],[93.1773,48.6207],[92.9728,48.6481],[92.9623,48.6387],[92.9418,48.6424],[92.8674,48.5445],[92.7748,48.53],[92.672,48.5961],[92.6005,48.6099],[92.379,48.6232],[92.366,48.6277],[92.3343,48.6235],[92.2739,48.6303],[92.2561,48.6126],[92.2328,48.6005],[92.2511,48.5603],[92.2609,48.5339],[92.2771,48.4607],[92.3495,48.3286],[92.35,48.368],[92.3873,48.365],[92.4142,48.3556],[92.4431,48.3495],[92.4524,48.3513],[92.4843,48.3379],[92.497,48.3288],[92.4883,48.3195],[92.4651,48.3198],[92.4354,48.3238],[92.4344,48.3122],[92.4226,48.3065],[92.4098,48.2609],[92.402,48.2497],[92.3982,48.226],[92.3915,48.2196],[92.379,48.1767],[92.3689,48.1531],[92.4047,48.1158],[92.416,48.0979],[92.4253,48.0923],[92.4296,48.0772],[92.4493,48.0531],[92.4394,48.0439],[92.4478,48.033],[92.4393,48.0172],[92.4308,48.0202],[92.4183,48.0063],[92.4321,48.0093],[92.4552,48.0324],[92.4726,48.0381],[92.4799,48.052],[92.5162,48.0673],[92.524,48.0779],[92.5201,48.0969],[92.5498,48.0862],[92.5745,48.0863],[92.5926,48.0941],[92.6051,48.094],[92.6183,48.0829],[92.6506,48.0761],[92.6731,48.0823],[92.7143,48.1095],[92.7456,48.1327],[92.7518,48.1398],[92.7992,48.1058],[92.8546,48.0772],[92.8833,48.082],[92.9496,48.0834],[92.9773,48.0855],[93.0116,48.1095],[93.0347,48.1291],[93.0303,48.1354],[93.0491,48.1456],[93.066,48.132],[93.0824,48.132],[93.096,48.1225],[93.1034,48.1318],[93.1344,48.1434],[93.1306,48.1609],[93.1208,48.1714],[93.1261,48.1871],[93.1404,48.2073],[93.1646,48.2148],[93.2124,48.2152],[93.2581,48.2077],[93.2733,48.2107],[93.3094,48.2109],[93.3541,48.207],[93.3909,48.2072],[93.4065,48.218],[93.4259,48.2257],[93.4428,48.2406],[93.4529,48.2444],[93.474,48.2629],[93.4819,48.2891],[93.4913,48.3078],[93.4888,48.3288],[93.4946,48.3454],[93.5133,48.3648],[93.5066,48.3749],[93.4907,48.3819],[93.4798,48.3933],[93.4537,48.4061],[93.3924,48.4198]]]}},{"type":"Feature","properties":{"aimagId":63,"aimagName":"Булган","asCode":6322,"soumId":22,"name":"Могод","nameEn":"Mogod"},"geometry":{"type":"Polygon","coordinates":[[[103.0244,48.6539],[103.0112,48.6544],[102.9993,48.6479],[102.9825,48.6463],[102.9754,48.6383],[102.9386,48.6445],[102.9101,48.626],[102.8629,48.6285],[102.8418,48.6135],[102.8217,48.593],[102.8093,48.5946],[102.7813,48.5821],[102.7624,48.5859],[102.7251,48.5781],[102.6992,48.5823],[102.6868,48.5606],[102.6758,48.5613],[102.65,48.5552],[102.659,48.5434],[102.6316,48.5315],[102.6092,48.5313],[102.6001,48.5145],[102.615,48.5045],[102.6353,48.5062],[102.626,48.4914],[102.6014,48.4873],[102.5996,48.4669],[102.6056,48.4477],[102.6026,48.4237],[102.6048,48.402],[102.597,48.3899],[102.5965,48.3751],[102.6063,48.3566],[102.6006,48.3342],[102.6075,48.3193],[102.6192,48.3148],[102.6333,48.2974],[102.6193,48.2907],[102.621,48.2635],[102.6614,48.2435],[102.7108,48.1931],[102.7656,48.0943],[102.8234,48.0089],[102.8161,47.9816],[102.8035,47.9484],[102.8167,47.9233],[102.8288,47.8858],[102.9585,47.8547],[103.0532,47.8958],[103.1018,47.9336],[103.0898,47.9578],[103.1313,47.9817],[103.1536,48.0499],[103.1828,48.0631],[103.219,48.0724],[103.2421,48.0988],[103.1899,48.2565],[103.1323,48.2988],[103.1783,48.3756],[103.1599,48.4509],[103.1457,48.4817],[103.1594,48.5454],[103.1666,48.5634],[103.1486,48.5672],[103.1506,48.5801],[103.133,48.5944],[103.1089,48.5924],[103.0991,48.5974],[103.1123,48.612],[103.0894,48.6218],[103.071,48.6204],[103.0682,48.6351],[103.0534,48.6348],[103.0244,48.6539]]]}},{"type":"Feature","properties":{"aimagId":41,"aimagName":"Төв","asCode":4173,"soumId":73,"name":"Цээл","nameEn":"Ceel"},"geometry":{"type":"Polygon","coordinates":[[[105.7696,48.3973],[105.7457,48.4016],[105.7216,48.435],[105.6589,48.4751],[105.5761,48.5107],[105.5498,48.5698],[105.4733,48.6683],[105.3786,48.6028],[105.3282,48.6011],[105.2718,48.5654],[105.179,48.581],[105.0826,48.5631],[105.0165,48.53],[104.9507,48.5499],[104.941,48.5337],[104.9392,48.4956],[104.9497,48.4122],[104.9657,48.3873],[104.9902,48.3134],[104.9743,48.2417],[104.9851,48.2281],[105.0067,48.1923],[105.0341,48.1757],[105.0958,48.1426],[105.1309,48.1855],[105.142,48.1957],[105.1632,48.2026],[105.1884,48.2388],[105.21,48.2498],[105.2483,48.2892],[105.2664,48.3175],[105.3026,48.3422],[105.3638,48.3559],[105.3868,48.3785],[105.4187,48.3828],[105.4622,48.394],[105.4936,48.412],[105.533,48.4302],[105.5744,48.4081],[105.5773,48.3921],[105.5679,48.3823],[105.5704,48.3666],[105.5809,48.3533],[105.5837,48.342],[105.6215,48.3283],[105.6372,48.3202],[105.66,48.3236],[105.6851,48.3322],[105.6973,48.3421],[105.71,48.3689],[105.7321,48.3851],[105.7557,48.3892],[105.7696,48.3973]]]}},{"type":"Feature","properties":{"aimagId":83,"aimagName":"Баян-Өлгий","asCode":8331,"soumId":31,"name":"Толбо","nameEn":"Tolbo"},"geometry":{"type":"Polygon","coordinates":[[[90.4636,48.6275],[90.4192,48.577],[90.3845,48.5808],[90.2792,48.5822],[90.2236,48.6044],[90.1409,48.6428],[90.0898,48.6764],[90.0264,48.6653],[89.9762,48.647],[89.9421,48.6583],[89.9183,48.6562],[89.8975,48.6396],[89.9317,48.5516],[89.9682,48.5269],[90.0498,48.4915],[90.0863,48.4221],[90.0399,48.3891],[89.9871,48.3985],[89.9883,48.3667],[89.9674,48.3492],[89.9019,48.3007],[89.9971,48.2223],[90.0122,48.2108],[90.0029,48.1859],[90.0377,48.1768],[90.037,48.1375],[90.039,48.1063],[90.0772,48.0838],[90.0852,48.1265],[90.1352,48.1476],[90.2478,48.1792],[90.2958,48.2081],[90.43,48.193],[90.4872,48.1836],[90.5277,48.2048],[90.5988,48.1922],[90.6757,48.1709],[90.7359,48.1747],[90.819,48.1742],[90.8051,48.2073],[90.8047,48.2473],[90.7835,48.3071],[90.7879,48.3347],[90.8139,48.3811],[90.8543,48.4032],[90.8381,48.4491],[90.7702,48.4801],[90.7773,48.5104],[90.7765,48.5269],[90.765,48.5661],[90.7362,48.563],[90.6504,48.604],[90.664,48.6287],[90.6823,48.635],[90.5876,48.6364],[90.5649,48.6287],[90.4636,48.6275]]]}},{"type":"Feature","properties":{"aimagId":41,"aimagName":"Төв","asCode":4140,"soumId":40,"name":"Борнуур","nameEn":"Bornuur"},"geometry":{"type":"Polygon","coordinates":[[[106.5258,48.553],[106.5364,48.5985],[106.4664,48.6179],[106.4314,48.6291],[106.3886,48.6548],[106.3087,48.6725],[106.2898,48.6866],[106.2064,48.6899],[106.0901,48.6468],[106.0882,48.6137],[106.0845,48.6018],[106.1056,48.5373],[106.125,48.5304],[106.1092,48.5137],[106.0441,48.5097],[106.0218,48.4928],[106.026,48.4233],[106.0352,48.3716],[106.0301,48.3594],[106.0127,48.3564],[105.9889,48.3576],[105.9914,48.338],[105.9854,48.3289],[105.992,48.2812],[106.0153,48.2784],[106.0346,48.2903],[106.0759,48.3064],[106.0983,48.3252],[106.1057,48.3467],[106.1197,48.3606],[106.1462,48.3675],[106.1702,48.363],[106.1908,48.3536],[106.1902,48.3024],[106.1961,48.2918],[106.2186,48.2992],[106.2172,48.3135],[106.2589,48.3262],[106.2939,48.3314],[106.3193,48.3248],[106.3813,48.317],[106.3733,48.3533],[106.3953,48.3805],[106.3945,48.4005],[106.412,48.421],[106.427,48.4256],[106.4815,48.453],[106.49,48.4689],[106.4823,48.4858],[106.5258,48.553]]]}},{"type":"Feature","properties":{"aimagId":84,"aimagName":"Ховд","asCode":8449,"soumId":49,"name":"Эрдэнэбүрэн","nameEn":"Erdenebu'ren"},"geometry":{"type":"Polygon","coordinates":[[[91.3506,48.6831],[91.2683,48.6882],[91.1954,48.7074],[91.1623,48.7069],[91.0846,48.6732],[91.015,48.6552],[90.9773,48.632],[90.9529,48.6245],[90.902,48.6184],[90.7843,48.6395],[90.6823,48.635],[90.664,48.6287],[90.6504,48.604],[90.7362,48.563],[90.765,48.5661],[90.7765,48.5269],[90.7773,48.5104],[90.7702,48.4801],[90.8381,48.4491],[90.8543,48.4032],[90.8139,48.3811],[90.7879,48.3347],[90.7835,48.3071],[90.8047,48.2473],[90.8051,48.2073],[90.8513,48.1969],[90.877,48.217],[90.906,48.2323],[90.9943,48.2379],[91.0453,48.2717],[91.0583,48.2756],[91.0666,48.2868],[91.1033,48.2979],[91.112,48.2972],[91.1391,48.305],[91.1658,48.2986],[91.1825,48.2908],[91.1902,48.2945],[91.218,48.2937],[91.2374,48.2808],[91.2722,48.2727],[91.3224,48.2516],[91.3797,48.2316],[91.4007,48.2436],[91.4297,48.2468],[91.4591,48.258],[91.4879,48.2593],[91.5207,48.2988],[91.6384,48.3473],[91.6845,48.3615],[91.6658,48.3862],[91.6671,48.4079],[91.672,48.4278],[91.663,48.4348],[91.6643,48.4442],[91.6548,48.4549],[91.6582,48.4716],[91.6346,48.4893],[91.6365,48.5021],[91.6483,48.5129],[91.644,48.5268],[91.6537,48.5646],[91.6476,48.5738],[91.648,48.5962],[91.6013,48.6097],[91.5922,48.6206],[91.5768,48.6256],[91.5699,48.6336],[91.5425,48.6366],[91.5222,48.6355],[91.4946,48.6289],[91.4731,48.6336],[91.4647,48.6283],[91.4293,48.6249],[91.4123,48.6274],[91.3747,48.6261],[91.3547,48.6347],[91.3345,48.6736],[91.3506,48.6831]]]}},{"type":"Feature","properties":{"aimagId":63,"aimagName":"Булган","asCode":6313,"soumId":13,"name":"Бүрэгхангай","nameEn":"Bu'regxangai"},"geometry":{"type":"Polygon","coordinates":[[[104.498,48.7218],[104.4329,48.7394],[104.4043,48.7371],[104.413,48.7281],[104.4051,48.7115],[104.3738,48.6701],[104.3048,48.6718],[104.2842,48.665],[104.2726,48.6659],[104.2591,48.6744],[104.2366,48.668],[104.2304,48.6768],[104.2087,48.6764],[104.2054,48.6669],[104.2273,48.6591],[104.2276,48.653],[104.2081,48.649],[104.1932,48.6576],[104.1677,48.6639],[104.1493,48.6619],[104.1222,48.6532],[104.1241,48.6445],[104.1077,48.6413],[104.0895,48.6544],[104.0559,48.6487],[104.0518,48.6647],[104.0191,48.6756],[103.999,48.6709],[103.9996,48.6653],[104.0198,48.6615],[104.0195,48.6447],[103.9919,48.6428],[103.9413,48.6358],[103.8991,48.6455],[103.8923,48.6401],[103.887,48.6217],[103.8786,48.6076],[103.8421,48.5783],[103.837,48.5645],[103.84,48.5436],[103.7314,48.5191],[103.7056,48.4756],[103.6433,48.4538],[103.6372,48.4038],[103.6475,48.3585],[103.6511,48.299],[103.7013,48.2518],[103.7066,48.2312],[103.7266,48.2073],[103.7279,48.1959],[103.7455,48.1694],[103.7355,48.1405],[103.7918,48.1202],[103.8865,48.0569],[103.9236,47.9845],[103.9682,47.9659],[104.002,47.9352],[104.0106,47.9425],[104.0079,47.953],[104.0202,47.9699],[104.0277,47.9906],[104.0508,48.0155],[104.0916,48.0296],[104.1141,48.0478],[104.122,48.0622],[104.1387,48.0818],[104.1692,48.0994],[104.172,48.1172],[104.1705,48.1533],[104.1875,48.1577],[104.2159,48.1701],[104.2686,48.184],[104.2802,48.2069],[104.2917,48.2184],[104.3094,48.219],[104.3273,48.2352],[104.3478,48.244],[104.3696,48.2615],[104.3711,48.2776],[104.4017,48.2846],[104.3981,48.2966],[104.4016,48.3131],[104.4097,48.3259],[104.4047,48.3332],[104.4206,48.3385],[104.4539,48.3426],[104.4614,48.3562],[104.4588,48.3699],[104.4718,48.3787],[104.4867,48.3701],[104.507,48.3748],[104.5092,48.394],[104.5328,48.41],[104.5323,48.4234],[104.5467,48.4326],[104.5411,48.4392],[104.5464,48.4502],[104.5426,48.4628],[104.5531,48.4764],[104.5467,48.4883],[104.5141,48.4929],[104.5211,48.5036],[104.5195,48.5185],[104.5376,48.5209],[104.5334,48.5321],[104.557,48.5688],[104.5561,48.5977],[104.5445,48.622],[104.5471,48.6254],[104.5163,48.6499],[104.498,48.7218]]]}},{"type":"Feature","properties":{"aimagId":65,"aimagName":"Архангай","asCode":6555,"soumId":55,"name":"Эрдэнэмандал","nameEn":"Erdenemandal"},"geometry":{"type":"Polygon","coordinates":[[[101.6276,48.7387],[101.6145,48.7352],[101.603,48.7445],[101.5773,48.7357],[101.5652,48.7217],[101.5598,48.7081],[101.5105,48.7007],[101.4795,48.718],[101.4494,48.7187],[101.4367,48.7355],[101.4126,48.7407],[101.3777,48.7312],[101.3569,48.7408],[101.3451,48.7407],[101.323,48.7255],[101.3026,48.7244],[101.2844,48.7187],[101.2486,48.6951],[101.221,48.698],[101.1963,48.7035],[101.1852,48.6994],[101.1783,48.6466],[101.122,48.6192],[101.0331,48.5784],[101.031,48.4824],[100.9591,48.4485],[100.919,48.386],[101.026,48.2783],[101.1313,48.2564],[101.2737,48.2172],[101.4262,48.2089],[101.4871,48.1904],[101.553,48.1478],[101.5676,48.0954],[101.5526,47.999],[101.6664,48.0251],[101.7416,48.033],[101.8083,48.0479],[101.8443,48.1035],[101.9552,48.2465],[101.9624,48.3095],[101.871,48.353],[101.7822,48.4088],[101.6656,48.4425],[101.6063,48.483],[101.6326,48.5263],[101.6661,48.5978],[101.6223,48.6569],[101.6099,48.6878],[101.6293,48.7353],[101.6276,48.7387]]]}},{"type":"Feature","properties":{"aimagId":81,"aimagName":"Завхан","asCode":8152,"soumId":52,"name":"Ургамал","nameEn":"Urgamal"},"geometry":{"type":"Polygon","coordinates":[[[94.658,48.7208],[94.482,48.7167],[94.4229,48.7311],[94.2464,48.7582],[94.1328,48.8078],[94.0647,48.7825],[94.0382,48.7607],[93.9797,48.7456],[93.9311,48.7246],[93.8987,48.7168],[93.8799,48.7049],[93.8409,48.7026],[93.7966,48.6839],[93.7724,48.68],[93.7451,48.6911],[93.7344,48.7011],[93.6517,48.6521],[93.6369,48.55],[93.7049,48.5281],[93.7473,48.5099],[93.7646,48.4796],[93.8254,48.4409],[93.8594,48.4152],[93.8737,48.3757],[93.8671,48.3648],[93.9492,48.3207],[94.0671,48.2857],[94.1003,48.2668],[94.1302,48.2595],[94.2291,48.2243],[94.2663,48.1466],[94.3879,48.12],[94.4272,48.2438],[94.4549,48.268],[94.5264,48.2777],[94.634,48.4278],[94.6719,48.4946],[94.688,48.6222],[94.6508,48.6818],[94.658,48.7208]]]}},{"type":"Feature","properties":{"aimagId":81,"aimagName":"Завхан","asCode":8161,"soumId":61,"name":"Цэцэн-Уул","nameEn":"Cecen-Uul"},"geometry":{"type":"Polygon","coordinates":[[[96.3164,48.5542],[96.3407,48.5688],[96.3509,48.6222],[96.3005,48.6641],[96.3123,48.7096],[96.3425,48.7326],[96.3482,48.745],[96.3406,48.7571],[96.3412,48.7669],[96.2827,48.7714],[96.2049,48.8363],[96.0945,48.8111],[95.9899,48.7923],[95.9632,48.7893],[95.8517,48.78],[95.7814,48.7751],[95.6503,48.7283],[95.6081,48.6712],[95.5383,48.6305],[95.5364,48.6186],[95.5489,48.5968],[95.5419,48.5698],[95.4248,48.5227],[95.4119,48.5026],[95.4168,48.4593],[95.3856,48.45],[95.3546,48.4381],[95.3684,48.4166],[95.3668,48.3875],[95.3728,48.3738],[95.348,48.3493],[95.5767,48.3182],[95.6372,48.3369],[95.6594,48.3486],[95.7197,48.3481],[95.7303,48.3499],[95.7581,48.3685],[95.7702,48.3715],[95.7859,48.3826],[95.8407,48.395],[95.8597,48.4048],[95.8913,48.4105],[95.9076,48.4333],[96.0081,48.456],[96.0315,48.4694],[96.0728,48.4731],[96.1072,48.5125],[96.1523,48.517],[96.3164,48.5542]]]}},{"type":"Feature","properties":{"aimagId":41,"aimagName":"Төв","asCode":4149,"soumId":49,"name":"Жаргалант","nameEn":"Jargalant"},"geometry":{"type":"Polygon","coordinates":[[[105.9669,48.7171],[105.9283,48.721],[105.893,48.7355],[105.8558,48.7231],[105.8539,48.7842],[105.8135,48.7814],[105.7861,48.7999],[105.7502,48.7825],[105.7239,48.7988],[105.6639,48.83],[105.6094,48.8431],[105.5609,48.8353],[105.5236,48.824],[105.4649,48.8098],[105.4495,48.7802],[105.4657,48.7386],[105.4733,48.6683],[105.5498,48.5698],[105.5761,48.5107],[105.6589,48.4751],[105.7216,48.435],[105.7457,48.4016],[105.7696,48.3973],[105.7683,48.3836],[105.7515,48.3634],[105.7318,48.3597],[105.7157,48.3467],[105.7222,48.3095],[105.7454,48.2791],[105.765,48.2661],[105.9078,48.2905],[105.992,48.2812],[105.9854,48.3289],[105.9914,48.338],[105.9889,48.3576],[106.0127,48.3564],[106.0301,48.3594],[106.0352,48.3716],[106.026,48.4233],[106.0218,48.4928],[106.0441,48.5097],[106.1092,48.5137],[106.125,48.5304],[106.1056,48.5373],[106.0845,48.6018],[106.0882,48.6137],[106.0901,48.6468],[106.0262,48.7082],[105.9669,48.7171]]]}},{"type":"Feature","properties":{"aimagId":21,"aimagName":"Дорнод","asCode":2134,"soumId":34,"name":"Цагаан-Овоо","nameEn":"Cagaan-Ovoo"},"geometry":{"type":"Polygon","coordinates":[[[113.6582,48.7899],[113.2758,48.8465],[113.1614,48.7784],[113.014,48.7243],[112.9139,48.7187],[112.8118,48.6749],[112.754,48.6443],[112.676,48.6508],[112.6006,48.6421],[112.5099,48.626],[112.3979,48.633],[112.4644,48.544],[112.5184,48.4998],[112.5596,48.4426],[112.5772,48.3799],[112.5746,48.3557],[112.5574,48.3119],[112.67,48.3191],[112.7523,48.25],[112.9202,48.1236],[113.0817,48.0782],[113.17,48.0538],[113.187,48.0301],[113.1882,48.0116],[113.2266,48.0088],[113.2357,48.0129],[113.2787,48.0157],[113.2896,48.0225],[113.3157,48.0289],[113.3318,48.0298],[113.3535,48.0249],[113.3668,48.034],[113.3763,48.031],[113.4094,48.0289],[113.4161,48.0382],[113.4548,48.0353],[113.4804,48.0442],[113.5374,48.0414],[113.5598,48.0463],[113.5874,48.0437],[113.6193,48.0521],[113.6409,48.0524],[113.6596,48.0477],[113.6782,48.0545],[113.6959,48.0467],[113.7221,48.0468],[113.6573,48.1317],[113.7343,48.1941],[113.8422,48.277],[113.8119,48.2953],[113.86,48.5198],[113.8583,48.5343],[113.8488,48.5427],[113.8447,48.5631],[113.8379,48.5776],[113.8255,48.5918],[113.8058,48.5971],[113.7753,48.6117],[113.7516,48.6335],[113.7322,48.6445],[113.7138,48.65],[113.6916,48.6618],[113.6215,48.7285],[113.6582,48.7899]]]}},{"type":"Feature","properties":{"aimagId":81,"aimagName":"Завхан","asCode":8134,"soumId":34,"name":"Сантмаргац","nameEn":"Santmargac"},"geometry":{"type":"Polygon","coordinates":[[[95.4198,48.8282],[95.3298,48.851],[95.3142,48.7964],[95.2127,48.7701],[95.1773,48.7366],[95.0952,48.7131],[95.0561,48.6978],[95.0154,48.6889],[95.0002,48.6824],[94.9802,48.6825],[94.9568,48.6865],[94.8587,48.6934],[94.7946,48.6873],[94.7681,48.6767],[94.7485,48.6735],[94.6946,48.6713],[94.6748,48.6787],[94.6508,48.6818],[94.688,48.6222],[94.6719,48.4946],[94.634,48.4278],[95.348,48.3493],[95.3728,48.3738],[95.3668,48.3875],[95.3684,48.4166],[95.3546,48.4381],[95.3856,48.45],[95.4168,48.4593],[95.4119,48.5026],[95.4248,48.5227],[95.5419,48.5698],[95.5489,48.5968],[95.5364,48.6186],[95.5383,48.6305],[95.6081,48.6712],[95.6503,48.7283],[95.5502,48.7711],[95.5378,48.7689],[95.5204,48.7818],[95.4841,48.7887],[95.479,48.7975],[95.4451,48.8189],[95.4198,48.8282]]]}},{"type":"Feature","properties":{"aimagId":65,"aimagName":"Архангай","asCode":6543,"soumId":43,"name":"Цахир","nameEn":"Caxir"},"geometry":{"type":"Polygon","coordinates":[[[99.1936,48.0296],[99.1844,48.0638],[99.1882,48.0848],[99.1541,48.1016],[99.1562,48.1151],[99.1165,48.113],[99.0827,48.1654],[99.0716,48.2041],[99.0587,48.2287],[99.0759,48.2637],[99.0756,48.29],[99.0809,48.3113],[99.0171,48.3046],[98.9899,48.3054],[98.9568,48.2903],[98.9412,48.2771],[98.9077,48.2611],[98.8042,48.225],[98.7059,48.2321],[98.6815,48.167],[98.6183,48.1563],[98.5816,48.1313],[98.5525,48.1077],[98.4961,48.0815],[98.4092,48.1147],[98.2674,48.0945],[98.2386,48.0725],[98.2241,48.0081],[98.2155,47.9894],[98.1889,47.9761],[98.1752,47.9509],[98.1934,47.9342],[98.188,47.9045],[98.1971,47.8928],[98.2205,47.8781],[98.2163,47.8565],[98.2018,47.8528],[98.1925,47.8043],[98.199,47.7873],[98.1774,47.7834],[98.1903,47.7735],[98.1916,47.761],[98.1735,47.7567],[98.1745,47.7463],[98.1882,47.7333],[98.1774,47.7224],[98.1904,47.7112],[98.2007,47.709],[98.2025,47.6985],[98.2452,47.676],[98.241,47.6517],[98.269,47.6487],[98.3443,47.6569],[98.4094,47.6429],[98.4226,47.6577],[98.4499,47.6648],[98.5442,47.6999],[98.5913,47.7122],[98.6038,47.7129],[98.6089,47.7114],[98.6142,47.711],[98.6214,47.7113],[98.6248,47.7118],[98.6277,47.7138],[98.6346,47.7266],[98.6467,47.7283],[98.6727,47.7308],[98.6842,47.73],[98.7071,47.7235],[98.7131,47.7234],[98.7238,47.7293],[98.7522,47.7385],[98.8257,47.766],[98.8736,47.81],[98.8481,47.8318],[98.8755,47.8728],[98.9805,47.8989],[99.0057,47.9383],[99.0949,47.9139],[99.2044,47.9244],[99.1776,47.9708],[99.1936,48.0296]]]}},{"type":"Feature","properties":{"aimagId":63,"aimagName":"Булган","asCode":6301,"soumId":1,"name":"Булган","nameEn":"Bulgan"},"geometry":{"type":"Polygon","coordinates":[[[103.5768,48.8239],[103.5208,48.8565],[103.4902,48.8759],[103.3976,48.8507],[103.3626,48.8342],[103.4363,48.8312],[103.4655,48.7811],[103.552,48.769],[103.5768,48.8239]]]}},{"type":"Feature","properties":{"aimagId":23,"aimagName":"Хэнтий","asCode":2310,"soumId":10,"name":"Баян-Адарга","nameEn":"Bayan-Adraga"},"geometry":{"type":"Polygon","coordinates":[[[111.5415,48.7661],[111.5336,48.7609],[111.5274,48.7455],[111.5119,48.7395],[111.4702,48.7436],[111.4693,48.7343],[111.4498,48.715],[111.4326,48.7275],[111.4253,48.7261],[111.3952,48.7062],[111.3712,48.7144],[111.3552,48.7089],[111.3376,48.7128],[111.3157,48.6977],[111.2868,48.6968],[111.2799,48.6916],[111.251,48.696],[111.2174,48.7628],[111.1624,48.8487],[111.0806,48.8761],[111.065,48.8665],[111.0435,48.8698],[110.9937,48.8584],[110.9669,48.8546],[111.006,48.8167],[111.0309,48.7539],[111.0318,48.7222],[110.9981,48.7094],[110.9164,48.5907],[110.8496,48.5742],[110.8493,48.5232],[110.7992,48.4496],[110.8211,48.4135],[110.8783,48.3566],[110.9191,48.2969],[110.944,48.1924],[110.9948,48.1407],[111.0125,48.1121],[111.0987,48.1332],[111.1377,48.1616],[111.2047,48.2042],[111.2835,48.2529],[111.3935,48.2474],[111.4755,48.3299],[111.5378,48.3818],[111.6747,48.4809],[111.6452,48.512],[111.5463,48.5836],[111.5553,48.6543],[111.5635,48.7441],[111.5415,48.7661]]]}},{"type":"Feature","properties":{"aimagId":83,"aimagName":"Баян-Өлгий","asCode":8319,"soumId":19,"name":"Буянт","nameEn":"Buyant"},"geometry":{"type":"Polygon","coordinates":[[[90.0898,48.6764],[90.0582,48.688],[90.0434,48.7381],[90.0288,48.7675],[89.9961,48.7953],[89.9941,48.8086],[90.0096,48.8438],[90.0023,48.8542],[90.0054,48.8652],[89.9727,48.8794],[89.9433,48.8724],[89.896,48.87],[89.8109,48.8317],[89.816,48.8132],[89.8014,48.772],[89.7171,48.7649],[89.6493,48.7502],[89.6383,48.7514],[89.5988,48.7416],[89.565,48.7264],[89.5527,48.7106],[89.4995,48.6944],[89.4517,48.6906],[89.4315,48.6834],[89.417,48.6669],[89.4069,48.6452],[89.3715,48.6258],[89.3724,48.6098],[89.3625,48.6],[89.3472,48.6047],[89.3236,48.5996],[89.3059,48.5663],[89.3621,48.5582],[89.4186,48.5341],[89.4918,48.5143],[89.5475,48.5181],[89.5951,48.4331],[89.6224,48.4188],[89.6927,48.4105],[89.7919,48.3536],[89.819,48.3296],[89.9019,48.3007],[89.9674,48.3492],[89.9883,48.3667],[89.9871,48.3985],[90.0399,48.3891],[90.0863,48.4221],[90.0498,48.4915],[89.9682,48.5269],[89.9317,48.5516],[89.8975,48.6396],[89.9183,48.6562],[89.9421,48.6583],[89.9762,48.647],[90.0264,48.6653],[90.0898,48.6764]]]}},{"type":"Feature","properties":{"aimagId":41,"aimagName":"Төв","asCode":4164,"soumId":64,"name":"Сүмбэр","nameEn":"Su'mber"},"geometry":{"type":"Polygon","coordinates":[[[105.9669,48.7171],[106.0627,48.8149],[106.0741,48.853],[105.917,48.8833],[105.8206,48.8879],[105.6094,48.8431],[105.6639,48.83],[105.7239,48.7988],[105.7502,48.7825],[105.7861,48.7999],[105.8135,48.7814],[105.8539,48.7842],[105.8558,48.7231],[105.893,48.7355],[105.9283,48.721],[105.9669,48.7171]]]}},{"type":"Feature","properties":{"aimagId":65,"aimagName":"Архангай","asCode":6531,"soumId":31,"name":"Хайрхан","nameEn":"Xairxan"},"geometry":{"type":"Polygon","coordinates":[[[102.1568,48.7801],[102.1562,48.8354],[102.1099,48.8624],[102.0963,48.8377],[102.0787,48.8327],[102.048,48.8331],[102.0292,48.8236],[102.0324,48.817],[102.0197,48.8086],[102.0054,48.7917],[101.9793,48.7943],[101.9618,48.8028],[101.947,48.815],[101.9533,48.832],[101.9362,48.8495],[101.9463,48.8655],[101.9575,48.8744],[101.9523,48.8837],[101.9318,48.8917],[101.9288,48.8996],[101.91,48.8969],[101.906,48.8903],[101.8766,48.8893],[101.872,48.897],[101.8235,48.8949],[101.8062,48.8957],[101.8011,48.8885],[101.7828,48.8896],[101.7725,48.8722],[101.7605,48.8761],[101.7524,48.8547],[101.7267,48.8532],[101.7257,48.839],[101.7374,48.8316],[101.7083,48.803],[101.7157,48.7966],[101.685,48.7893],[101.6788,48.7707],[101.6693,48.7605],[101.6462,48.7561],[101.6376,48.7398],[101.6276,48.7387],[101.6293,48.7353],[101.6099,48.6878],[101.6223,48.6569],[101.6661,48.5978],[101.6326,48.5263],[101.6063,48.483],[101.6656,48.4425],[101.7822,48.4088],[101.871,48.353],[101.9624,48.3095],[101.9552,48.2465],[102.1893,48.2273],[102.2466,48.2974],[102.29,48.3298],[102.3414,48.3392],[102.3454,48.3601],[102.3761,48.4198],[102.3347,48.4505],[102.3197,48.4648],[102.2473,48.5021],[102.2261,48.5174],[102.2166,48.5732],[102.2149,48.6124],[102.2246,48.6314],[102.207,48.645],[102.1761,48.7042],[102.1936,48.7096],[102.1604,48.7653],[102.1568,48.7801]]]}},{"type":"Feature","properties":{"aimagId":63,"aimagName":"Булган","asCode":6331,"soumId":31,"name":"Сайхан","nameEn":"Saixan"},"geometry":{"type":"Polygon","coordinates":[[[102.954,48.8335],[102.9124,48.8521],[102.8706,48.8607],[102.7727,48.9029],[102.6858,48.8891],[102.6609,48.8934],[102.6235,48.9396],[102.5153,48.9195],[102.3985,48.939],[102.3078,48.9],[102.2094,48.8279],[102.1568,48.7801],[102.1604,48.7653],[102.1936,48.7096],[102.1761,48.7042],[102.207,48.645],[102.2246,48.6314],[102.2149,48.6124],[102.2166,48.5732],[102.2261,48.5174],[102.2473,48.5021],[102.3197,48.4648],[102.3347,48.4505],[102.3761,48.4198],[102.3454,48.3601],[102.3414,48.3392],[102.3966,48.3166],[102.488,48.2539],[102.5754,48.2875],[102.621,48.2635],[102.6193,48.2907],[102.6333,48.2974],[102.6192,48.3148],[102.6075,48.3193],[102.6006,48.3342],[102.6063,48.3566],[102.5965,48.3751],[102.597,48.3899],[102.6048,48.402],[102.6026,48.4237],[102.6056,48.4477],[102.5996,48.4669],[102.6014,48.4873],[102.626,48.4914],[102.6353,48.5062],[102.615,48.5045],[102.6001,48.5145],[102.6092,48.5313],[102.6316,48.5315],[102.659,48.5434],[102.65,48.5552],[102.6758,48.5613],[102.6868,48.5606],[102.6992,48.5823],[102.7251,48.5781],[102.7624,48.5859],[102.7813,48.5821],[102.8093,48.5946],[102.8217,48.593],[102.8418,48.6135],[102.8629,48.6285],[102.9101,48.626],[102.9386,48.6445],[102.9754,48.6383],[102.9825,48.6463],[102.9993,48.6479],[103.0112,48.6544],[103.0244,48.6539],[102.98,48.6759],[102.9725,48.7901],[102.954,48.8335]]]}},{"type":"Feature","properties":{"aimagId":84,"aimagName":"Ховд","asCode":8434,"soumId":34,"name":"Мянгад","nameEn":"Myangad"},"geometry":{"type":"Polygon","coordinates":[[[91.8644,48.957],[91.8522,48.9602],[91.7958,48.9664],[91.7254,48.9292],[91.6808,48.9031],[91.6257,48.8899],[91.5935,48.8443],[91.5347,48.8166],[91.5285,48.7844],[91.4819,48.7682],[91.4415,48.731],[91.391,48.6979],[91.3506,48.6831],[91.3345,48.6736],[91.3547,48.6347],[91.3747,48.6261],[91.4123,48.6274],[91.4293,48.6249],[91.4647,48.6283],[91.4731,48.6336],[91.4946,48.6289],[91.5222,48.6355],[91.5425,48.6366],[91.5699,48.6336],[91.5768,48.6256],[91.5922,48.6206],[91.6013,48.6097],[91.648,48.5962],[91.6476,48.5738],[91.6537,48.5646],[91.644,48.5268],[91.6483,48.5129],[91.6365,48.5021],[91.6346,48.4893],[91.6582,48.4716],[91.6548,48.4549],[91.6643,48.4442],[91.663,48.4348],[91.672,48.4278],[91.6671,48.4079],[91.6658,48.3862],[91.6845,48.3615],[91.7439,48.3527],[91.7731,48.3523],[91.7964,48.3456],[91.8156,48.3503],[91.8211,48.3271],[91.8287,48.3155],[91.8447,48.3104],[91.849,48.3034],[91.8669,48.2945],[91.8863,48.2784],[91.8978,48.258],[91.9014,48.2447],[91.9074,48.2355],[91.9286,48.2276],[91.9298,48.2197],[91.9695,48.2144],[91.9805,48.216],[91.9917,48.2066],[92.0238,48.2116],[92.042,48.2076],[92.0703,48.2176],[92.0859,48.1873],[92.1025,48.1808],[92.1133,48.1897],[92.1509,48.1693],[92.1707,48.1741],[92.2344,48.1751],[92.245,48.1652],[92.2622,48.1679],[92.2906,48.1625],[92.299,48.169],[92.2868,48.1761],[92.2806,48.207],[92.2822,48.2261],[92.3024,48.2308],[92.303,48.2486],[92.2831,48.2601],[92.284,48.2719],[92.2714,48.2873],[92.2449,48.3062],[92.234,48.3182],[92.2179,48.3186],[92.2104,48.3282],[92.2135,48.3481],[92.2384,48.3561],[92.2393,48.3694],[92.2583,48.3732],[92.2775,48.3649],[92.297,48.3516],[92.3097,48.3516],[92.3379,48.3389],[92.3495,48.3286],[92.2771,48.4607],[92.2609,48.5339],[92.2511,48.5603],[92.2328,48.6005],[92.187,48.6706],[92.1836,48.7062],[92.2017,48.7471],[92.1226,48.7677],[92.058,48.7603],[91.9642,48.752],[91.9672,48.7849],[91.9533,48.8013],[91.9309,48.8438],[91.9353,48.8856],[91.9074,48.8962],[91.8941,48.9101],[91.9064,48.94],[91.8644,48.957]]]}},{"type":"Feature","properties":{"aimagId":65,"aimagName":"Архангай","asCode":6510,"soumId":10,"name":"Жаргалант","nameEn":"Jargalant"},"geometry":{"type":"Polygon","coordinates":[[[101.1852,48.6994],[101.1475,48.7158],[101.1224,48.7232],[101.1099,48.7446],[101.0962,48.7555],[101.084,48.7814],[101.0823,48.7915],[101.0665,48.8089],[101.0862,48.8394],[101.0396,48.863],[100.812,48.8746],[100.7423,48.9225],[100.6614,48.9723],[100.5832,48.9643],[100.5827,48.9479],[100.5666,48.9435],[100.5466,48.918],[100.5179,48.9122],[100.5119,48.8992],[100.4979,48.9073],[100.4927,48.8948],[100.4758,48.903],[100.464,48.8965],[100.4656,48.8847],[100.4215,48.8902],[100.4185,48.8759],[100.4038,48.8793],[100.3977,48.8725],[100.4197,48.8617],[100.4164,48.8512],[100.398,48.8474],[100.3888,48.8368],[100.3736,48.8335],[100.3658,48.8194],[100.3721,48.8105],[100.3527,48.8082],[100.354,48.796],[100.3714,48.7994],[100.3698,48.7741],[100.342,48.776],[100.3384,48.7438],[100.3545,48.7385],[100.3362,48.7286],[100.3429,48.7163],[100.3212,48.7024],[100.3236,48.6824],[100.3193,48.6619],[100.3428,48.6616],[100.3484,48.6484],[100.3331,48.6386],[100.3432,48.6339],[100.3462,48.6177],[100.3635,48.609],[100.4074,48.5275],[100.4725,48.5273],[100.4936,48.5148],[100.4905,48.5047],[100.5031,48.4947],[100.5062,48.4835],[100.5324,48.4851],[100.5538,48.4829],[100.565,48.4895],[100.5762,48.4812],[100.5582,48.4738],[100.5513,48.4661],[100.5721,48.4576],[100.5575,48.4448],[100.5073,48.4366],[100.5021,48.4194],[100.5142,48.4033],[100.5045,48.3887],[100.5311,48.4146],[100.6152,48.3983],[100.7145,48.3534],[100.7803,48.345],[100.8476,48.3348],[100.919,48.386],[100.9591,48.4485],[101.031,48.4824],[101.0331,48.5784],[101.122,48.6192],[101.1783,48.6466],[101.1852,48.6994]]]}},{"type":"Feature","properties":{"aimagId":63,"aimagName":"Булган","asCode":6325,"soumId":25,"name":"Орхон","nameEn":"Orxon"},"geometry":{"type":"Polygon","coordinates":[[[104.1665,48.9627],[104.1152,48.9782],[104.0486,48.9713],[104.0344,48.9723],[104.0457,48.9944],[103.9551,48.9956],[103.8784,48.9908],[103.7683,48.9688],[103.7707,48.9644],[103.7478,48.9296],[103.7293,48.9153],[103.6501,48.8983],[103.6298,48.8953],[103.5862,48.8535],[103.5768,48.8239],[103.552,48.769],[103.4655,48.7811],[103.4363,48.8312],[103.3626,48.8342],[103.2771,48.8409],[103.209,48.8742],[103.1937,48.8801],[103.1605,48.9031],[103.139,48.9227],[103.0858,48.9454],[103.0532,48.8468],[102.9912,48.8414],[102.954,48.8335],[102.9725,48.7901],[102.98,48.6759],[103.0244,48.6539],[103.0534,48.6348],[103.0682,48.6351],[103.071,48.6204],[103.0894,48.6218],[103.1123,48.612],[103.0991,48.5974],[103.1089,48.5924],[103.133,48.5944],[103.1506,48.5801],[103.1486,48.5672],[103.1666,48.5634],[103.2068,48.5556],[103.23,48.5455],[103.2372,48.5515],[103.2341,48.5639],[103.2534,48.5781],[103.2683,48.5578],[103.2647,48.5438],[103.2777,48.5405],[103.2926,48.5438],[103.3137,48.5623],[103.3411,48.5641],[103.3369,48.5549],[103.3767,48.5495],[103.3635,48.4922],[103.3726,48.4803],[103.469,48.4463],[103.5107,48.4588],[103.5732,48.4608],[103.6433,48.4538],[103.7056,48.4756],[103.7314,48.5191],[103.84,48.5436],[103.837,48.5645],[103.8421,48.5783],[103.8786,48.6076],[103.887,48.6217],[103.8923,48.6401],[103.8991,48.6455],[103.9413,48.6358],[103.9919,48.6428],[104.0195,48.6447],[104.0198,48.6615],[103.9996,48.6653],[103.999,48.6709],[104.0191,48.6756],[104.0518,48.6647],[104.0559,48.6487],[104.0895,48.6544],[104.1077,48.6413],[104.1241,48.6445],[104.1222,48.6532],[104.1493,48.6619],[104.1677,48.6639],[104.1932,48.6576],[104.2081,48.649],[104.2276,48.653],[104.2273,48.6591],[104.2054,48.6669],[104.2087,48.6764],[104.2304,48.6768],[104.2366,48.668],[104.2591,48.6744],[104.2726,48.6659],[104.2842,48.665],[104.3048,48.6718],[104.3738,48.6701],[104.4051,48.7115],[104.413,48.7281],[104.4043,48.7371],[104.4329,48.7394],[104.498,48.7218],[104.5033,48.7343],[104.5182,48.7403],[104.5312,48.7644],[104.547,48.7757],[104.5378,48.786],[104.5545,48.8],[104.5697,48.7959],[104.5911,48.7976],[104.6099,48.8085],[104.6092,48.8228],[104.6231,48.8317],[104.6252,48.851],[104.534,48.8477],[104.463,48.8859],[104.41,48.9162],[104.3782,48.8983],[104.3453,48.9077],[104.3319,48.9227],[104.3109,48.9313],[104.2937,48.9495],[104.2665,48.9558],[104.2533,48.9476],[104.2263,48.9394],[104.1966,48.9401],[104.1757,48.9519],[104.1665,48.9627]]]}},{"type":"Feature","properties":{"aimagId":83,"aimagName":"Баян-Өлгий","asCode":8301,"soumId":1,"name":"Өлгий","nameEn":"O'lgii"},"geometry":{"type":"Polygon","coordinates":[[[90.0281,48.944],[90.0377,48.9481],[90.0508,48.9417],[90.0608,48.9452],[90.0735,48.9763],[90.0291,48.9907],[89.9949,48.9849],[89.9734,49.0059],[89.9509,49.0217],[89.9065,49.0353],[89.8546,49.0052],[89.8799,48.9726],[89.8809,48.9662],[89.9135,48.9521],[89.9605,48.9403],[89.9899,48.9248],[90.0021,48.9367],[90.0281,48.944]]]}},{"type":"Feature","properties":{"aimagId":81,"aimagName":"Завхан","asCode":8140,"soumId":40,"name":"Тосонцэнгэл","nameEn":"Tosoncengel"},"geometry":{"type":"Polygon","coordinates":[[[98.5691,48.9741],[98.4516,49.0074],[98.4405,49.04],[98.3991,49.0502],[98.3395,49.0447],[98.2614,49.0359],[98.2232,49.0571],[98.1592,49.0384],[98.0904,49.0066],[98.0219,49.0169],[97.9371,49.0074],[97.9206,48.9968],[97.9244,48.9804],[97.9425,48.9486],[97.9438,48.938],[97.9301,48.9048],[97.9263,48.8891],[97.9266,48.8567],[97.9154,48.8154],[97.8962,48.8041],[97.8766,48.6958],[97.8646,48.6518],[97.8571,48.6045],[97.845,48.514],[97.8806,48.4708],[97.8985,48.4556],[97.9358,48.4191],[97.8301,48.4222],[97.8064,48.4134],[97.793,48.3677],[97.7928,48.3535],[97.8923,48.2725],[97.9121,48.2636],[97.9629,48.2269],[97.9796,48.1805],[98.0094,48.1401],[98.0607,48.0903],[98.0679,48.0432],[98.0428,47.9364],[98.1752,47.9509],[98.1889,47.9761],[98.2155,47.9894],[98.2241,48.0081],[98.2386,48.0725],[98.2674,48.0945],[98.4092,48.1147],[98.4961,48.0815],[98.5525,48.1077],[98.5816,48.1313],[98.6183,48.1563],[98.6815,48.167],[98.7059,48.2321],[98.6415,48.3055],[98.6035,48.3264],[98.4842,48.3785],[98.4514,48.3891],[98.4076,48.4359],[98.3827,48.4813],[98.383,48.5063],[98.4075,48.536],[98.4611,48.5814],[98.5209,48.5904],[98.5323,48.6404],[98.5312,48.6995],[98.5497,48.7212],[98.5842,48.724],[98.6334,48.7206],[98.6317,48.7303],[98.6468,48.7636],[98.6817,48.8123],[98.6868,48.8634],[98.6642,48.888],[98.5691,48.9741]]]}},{"type":"Feature","properties":{"aimagId":83,"aimagName":"Баян-Өлгий","asCode":8328,"soumId":28,"name":"Сагсай","nameEn":"Sagsai"},"geometry":{"type":"Polygon","coordinates":[[[89.9065,49.0353],[89.8378,49.0592],[89.8039,49.0522],[89.807,49.0289],[89.784,49.0349],[89.7438,49.0373],[89.7279,49.0448],[89.6928,49.0457],[89.6712,49.0411],[89.6694,49.0302],[89.6429,49.0234],[89.6123,49.0068],[89.5947,49.0045],[89.5459,49.0034],[89.5135,49.0073],[89.5002,48.9988],[89.5455,48.9518],[89.5393,48.9275],[89.5401,48.9137],[89.5339,48.8877],[89.5133,48.8884],[89.3547,48.8447],[89.3682,48.7947],[89.3437,48.7253],[89.2786,48.6914],[89.2532,48.6752],[89.1743,48.5778],[89.0966,48.5487],[89.0807,48.5359],[89.0637,48.528],[89.0321,48.5212],[89.0219,48.5231],[89.0062,48.5167],[88.9842,48.4985],[88.9701,48.4945],[88.9381,48.4927],[88.9164,48.498],[88.8869,48.5116],[88.8791,48.4617],[88.8202,48.4682],[88.8012,48.4368],[88.7723,48.4017],[88.7634,48.3626],[88.7723,48.3476],[88.8044,48.3358],[88.8098,48.3252],[88.8074,48.3098],[88.797,48.3073],[88.78,48.2917],[88.7867,48.2792],[88.7849,48.2661],[88.7587,48.2602],[88.7419,48.2598],[88.7193,48.2515],[88.6959,48.2335],[88.6565,48.2229],[88.6301,48.2215],[88.5882,48.2277],[88.6002,48.2182],[88.6187,48.2119],[88.6374,48.1785],[88.6705,48.1675],[88.6939,48.1784],[88.7144,48.1731],[88.7072,48.1569],[88.7205,48.1532],[88.7296,48.158],[88.7443,48.1501],[88.7557,48.133],[88.779,48.1316],[88.8038,48.1166],[88.8062,48.1065],[88.8221,48.0996],[88.8437,48.1108],[88.8603,48.1058],[88.9115,48.1088],[88.95,48.0935],[88.97,48.0723],[88.9863,48.0689],[88.9878,48.0619],[89.0091,48.05],[89.0126,48.0388],[89.0355,48.0229],[89.0404,48.0107],[89.0531,48.0038],[89.0598,47.9889],[89.1144,47.9847],[89.1284,47.9853],[89.1565,47.9945],[89.1766,47.99],[89.1862,47.9824],[89.2057,47.9771],[89.2332,47.9755],[89.2563,47.991],[89.2798,47.9867],[89.2903,48.0107],[89.3112,48.0137],[89.3272,48.0208],[89.3428,48.0217],[89.3537,48.0157],[89.3679,48.0227],[89.3763,48.0424],[89.3829,48.0442],[89.3936,48.0621],[89.365,48.0827],[89.3131,48.1008],[89.2747,48.1446],[89.2415,48.1946],[89.2001,48.2459],[89.1846,48.2715],[89.1916,48.3152],[89.2305,48.3704],[89.213,48.4084],[89.1938,48.4551],[89.2637,48.5222],[89.3059,48.5663],[89.3236,48.5996],[89.3472,48.6047],[89.3625,48.6],[89.3724,48.6098],[89.3715,48.6258],[89.4069,48.6452],[89.417,48.6669],[89.4315,48.6834],[89.4517,48.6906],[89.4995,48.6944],[89.5527,48.7106],[89.565,48.7264],[89.5988,48.7416],[89.6383,48.7514],[89.6493,48.7502],[89.7171,48.7649],[89.8014,48.772],[89.816,48.8132],[89.8109,48.8317],[89.896,48.87],[89.9433,48.8724],[89.9727,48.8794],[90.0148,48.9086],[90.0281,48.944],[90.0021,48.9367],[89.9899,48.9248],[89.9605,48.9403],[89.9135,48.9521],[89.8809,48.9662],[89.8799,48.9726],[89.8546,49.0052],[89.9065,49.0353]]]}},{"type":"Feature","properties":{"aimagId":21,"aimagName":"Дорнод","asCode":2125,"soumId":25,"name":"Сэргэлэн","nameEn":"Sergelen"},"geometry":{"type":"Polygon","coordinates":[[[114.2808,49.054],[114.1907,49.0791],[114.1012,49.0682],[113.975,48.9925],[113.9007,48.9264],[113.7941,48.9193],[113.686,48.9047],[113.6676,48.8434],[113.6582,48.7899],[113.6215,48.7285],[113.6916,48.6618],[113.7138,48.65],[113.7322,48.6445],[113.7516,48.6335],[113.7753,48.6117],[113.8058,48.5971],[113.8255,48.5918],[113.8379,48.5776],[113.8447,48.5631],[113.8488,48.5427],[113.8583,48.5343],[113.86,48.5198],[113.8119,48.2953],[113.8422,48.277],[113.9083,48.2485],[114.0131,48.2186],[114.0793,48.1985],[114.1153,48.1895],[114.1778,48.2679],[114.2641,48.3237],[114.4199,48.3247],[114.5456,48.3463],[114.5079,48.4262],[114.4768,48.5437],[114.4743,48.6584],[114.4954,48.6802],[114.5122,48.6831],[114.5317,48.7368],[114.555,48.7765],[114.5026,48.7906],[114.3304,48.8758],[114.2688,48.8978],[114.2768,48.9944],[114.2805,49.0138],[114.2808,49.054]]]}},{"type":"Feature","properties":{"aimagId":41,"aimagName":"Төв","asCode":4176,"soumId":76,"name":"Эрдэнэ","nameEn":"Erdene"},"geometry":{"type":"Polygon","coordinates":[[[108.1153,49.0378],[108.0754,49.0407],[107.9365,49.0997],[107.7528,49.0894],[107.5455,49.0163],[107.6035,48.9292],[107.641,48.9047],[107.7027,48.8855],[107.7335,48.8839],[107.7698,48.8384],[107.7321,48.8159],[107.6876,48.7253],[107.675,48.7161],[107.6707,48.6784],[107.6987,48.6516],[107.6909,48.6385],[107.6782,48.6427],[107.652,48.6378],[107.6315,48.638],[107.6067,48.6466],[107.5902,48.6456],[107.5632,48.6519],[107.5229,48.6417],[107.5058,48.6463],[107.47,48.6238],[107.4383,48.6129],[107.4281,48.6158],[107.3611,48.6066],[107.3367,48.5991],[107.3147,48.6029],[107.2761,48.5991],[107.261,48.5942],[107.2536,48.5323],[107.2527,48.511],[107.282,48.4837],[107.285,48.3985],[107.2262,48.3573],[107.1893,48.34],[107.1309,48.2829],[107.1059,48.2611],[107.1109,48.2229],[107.0826,48.2086],[107.1149,48.1757],[107.1627,48.1639],[107.1981,48.1426],[107.2247,48.1353],[107.2538,48.1099],[107.2959,48.0773],[107.3217,48.0612],[107.3447,48.0359],[107.3732,47.9907],[107.446,47.9961],[107.4583,47.9952],[107.4711,47.9869],[107.4757,47.9761],[107.4914,47.9706],[107.5128,47.97],[107.5497,47.9784],[107.5831,47.9717],[107.5987,47.9589],[107.5894,47.9495],[107.6052,47.915],[107.6213,47.9062],[107.6182,47.8939],[107.6013,47.8721],[107.5927,47.8721],[107.5552,47.851],[107.5606,47.835],[107.5402,47.785],[107.5385,47.7459],[107.4839,47.7207],[107.4757,47.6519],[107.4825,47.6429],[107.5019,47.5978],[107.5032,47.5878],[107.5589,47.5412],[107.6259,47.4959],[107.6839,47.4744],[107.6953,47.532],[107.7751,47.5682],[107.8956,47.5996],[108.0196,47.6178],[108.0076,47.651],[107.953,47.6708],[107.9865,47.7134],[108.0029,47.7424],[108.0086,47.7736],[108.0195,47.8151],[108.0236,47.8787],[108.0189,47.9062],[108.0279,47.9787],[108.0717,48.0091],[108.1333,48.0589],[108.0912,48.11],[108.0204,48.1276],[108.0237,48.2084],[108.0213,48.2186],[108.059,48.2533],[108.1106,48.2966],[108.1534,48.3189],[108.2366,48.3126],[108.2256,48.3289],[108.2215,48.3555],[108.226,48.4021],[108.2431,48.425],[108.2579,48.4763],[108.2726,48.5052],[108.2278,48.538],[108.1658,48.5893],[108.1118,48.6144],[108.0964,48.6975],[108.0897,48.8383],[108.1337,48.8837],[108.1447,48.9321],[108.1659,48.9677],[108.1377,48.9853],[108.1384,49.0049],[108.1332,49.0201],[108.1153,49.0378]]]}},{"type":"Feature","properties":{"aimagId":67,"aimagName":"Хөвсгөл","asCode":6716,"soumId":16,"name":"Галт","nameEn":"Galt"},"geometry":{"type":"Polygon","coordinates":[[[100.4163,49.0304],[100.3724,49.056],[100.3565,49.0696],[100.1739,49.0883],[100.1651,49.0985],[100.1357,49.1005],[100.1254,49.0944],[100.1061,49.0919],[100.09,49.0948],[100.0736,49.1043],[100.0079,49.0692],[99.9145,49.0713],[99.8855,49.0599],[99.8813,49.045],[99.879,48.9719],[99.8797,48.9457],[99.8613,48.9218],[99.8489,48.9193],[99.8427,48.9068],[99.8026,48.9193],[99.7693,48.8999],[99.7259,48.924],[99.6598,48.8709],[99.6443,48.8497],[99.6079,48.8577],[99.5264,48.8566],[99.5614,48.8369],[99.58,48.7769],[99.596,48.7538],[99.6138,48.7405],[99.6317,48.6995],[99.682,48.6454],[99.684,48.6387],[99.6647,48.5693],[99.7265,48.5491],[99.7411,48.5135],[99.7789,48.5036],[99.7915,48.487],[99.8319,48.4787],[99.9315,48.464],[100.0195,48.4179],[100.0874,48.4061],[100.1448,48.3834],[100.2081,48.4133],[100.1596,48.4458],[100.1528,48.475],[100.1597,48.4912],[100.1694,48.4972],[100.2083,48.5041],[100.2286,48.4999],[100.2394,48.5034],[100.2922,48.4992],[100.3529,48.5027],[100.3905,48.5138],[100.4074,48.5275],[100.3635,48.609],[100.3462,48.6177],[100.3432,48.6339],[100.3331,48.6386],[100.3484,48.6484],[100.3428,48.6616],[100.3193,48.6619],[100.3236,48.6824],[100.3212,48.7024],[100.3429,48.7163],[100.3362,48.7286],[100.3545,48.7385],[100.3384,48.7438],[100.342,48.776],[100.3698,48.7741],[100.3714,48.7994],[100.354,48.796],[100.3527,48.8082],[100.3721,48.8105],[100.3658,48.8194],[100.3736,48.8335],[100.3888,48.8368],[100.398,48.8474],[100.4164,48.8512],[100.4197,48.8617],[100.3977,48.8725],[100.4038,48.8793],[100.4185,48.8759],[100.4215,48.8902],[100.4656,48.8847],[100.464,48.8965],[100.4758,48.903],[100.4927,48.8948],[100.4979,48.9073],[100.5119,48.8992],[100.5179,48.9122],[100.5466,48.918],[100.5666,48.9435],[100.5827,48.9479],[100.5832,48.9643],[100.5878,48.9767],[100.5318,48.999],[100.4887,49.0017],[100.4799,49.0125],[100.4547,49.0213],[100.4163,49.0304]]]}},{"type":"Feature","properties":{"aimagId":23,"aimagName":"Хэнтий","asCode":2343,"soumId":43,"name":"Норовлин","nameEn":"Norovlin"},"geometry":{"type":"Polygon","coordinates":[[[112.2329,48.9292],[112.1316,49.009],[112.0812,49.0266],[111.9661,49.0733],[111.9586,49.1171],[111.9459,49.1086],[111.9045,49.1025],[111.8918,49.1105],[111.8463,49.1],[111.839,49.0889],[111.841,49.0788],[111.8638,49.0695],[111.8648,49.0599],[111.8534,49.05],[111.8548,49.039],[111.8422,49.0263],[111.8466,49.0152],[111.8343,49.0086],[111.8235,49.0111],[111.8068,49.0043],[111.8079,48.9977],[111.7832,48.9943],[111.7833,48.9681],[111.7664,48.9424],[111.7461,48.935],[111.7479,48.9222],[111.7297,48.9121],[111.7293,48.9025],[111.7043,48.8993],[111.6865,48.8913],[111.6755,48.8795],[111.6828,48.8603],[111.663,48.8484],[111.6467,48.8427],[111.6554,48.819],[111.6392,48.8065],[111.6384,48.7999],[111.6177,48.7936],[111.5984,48.8064],[111.5819,48.8077],[111.5784,48.7963],[111.5668,48.7894],[111.5626,48.7775],[111.5415,48.7661],[111.5635,48.7441],[111.5553,48.6543],[111.5463,48.5836],[111.6452,48.512],[111.6747,48.4809],[111.7682,48.3957],[111.8804,48.3378],[111.9113,48.3126],[111.8796,48.207],[111.8767,48.143],[111.8805,48.0964],[111.9506,48.1035],[112.0619,48.116],[112.1622,48.0673],[112.2272,48.0475],[112.3723,48.069],[112.5543,48.0497],[112.5572,48.1259],[112.5516,48.1728],[112.5355,48.2048],[112.5282,48.232],[112.4954,48.2903],[112.5574,48.3119],[112.5746,48.3557],[112.5772,48.3799],[112.5596,48.4426],[112.5184,48.4998],[112.4644,48.544],[112.3979,48.633],[112.3864,48.6482],[112.3742,48.6727],[112.3417,48.6883],[112.2958,48.7648],[112.2654,48.801],[112.2401,48.867],[112.2329,48.9292]]]}},{"type":"Feature","properties":{"aimagId":43,"aimagName":"Сэлэнгэ","asCode":4328,"soumId":28,"name":"Орхонтуул","nameEn":"Orxontuul"},"geometry":{"type":"Polygon","coordinates":[[[105.1045,49.1149],[105.0872,49.1173],[105.0875,49.1027],[105.077,49.0886],[105.0675,49.0844],[105.065,49.069],[105.0677,49.044],[105.0566,49.039],[105.0635,49.0292],[105.0459,49.0277],[104.9991,49.0355],[104.964,49.0051],[104.8585,49.0312],[104.7835,49.0127],[104.6795,48.9688],[104.6275,48.8981],[104.534,48.8477],[104.6252,48.851],[104.6231,48.8317],[104.6092,48.8228],[104.6099,48.8085],[104.5911,48.7976],[104.5697,48.7959],[104.5545,48.8],[104.5378,48.786],[104.547,48.7757],[104.5312,48.7644],[104.5182,48.7403],[104.5033,48.7343],[104.498,48.7218],[104.5163,48.6499],[104.5471,48.6254],[104.5576,48.6326],[104.5825,48.6364],[104.5963,48.6441],[104.6666,48.6284],[104.7498,48.5922],[104.7988,48.5678],[104.8631,48.5766],[104.9507,48.5499],[105.0165,48.53],[105.0826,48.5631],[105.179,48.581],[105.2718,48.5654],[105.3282,48.6011],[105.3786,48.6028],[105.4733,48.6683],[105.4657,48.7386],[105.4495,48.7802],[105.4649,48.8098],[105.4597,48.8498],[105.4002,48.8871],[105.3518,48.9079],[105.2377,48.9759],[105.1998,49.0194],[105.1863,49.0438],[105.1333,49.0764],[105.1073,49.0894],[105.1156,49.0997],[105.1045,49.1149]]]}},{"type":"Feature","properties":{"aimagId":41,"aimagName":"Төв","asCode":4158,"soumId":58,"name":"Мөнгөнморьт","nameEn":"Mo'ngonmorit"},"geometry":{"type":"Polygon","coordinates":[[[109.0026,48.2496],[109.0561,48.3269],[109.0406,48.3641],[109.0334,48.4522],[109.0071,48.4782],[109.0355,48.4889],[109.0303,48.4977],[109.0012,48.5061],[108.998,48.5106],[108.9732,48.5153],[108.9782,48.5324],[108.9757,48.5471],[108.9448,48.569],[108.9502,48.6059],[108.923,48.6264],[108.9288,48.6557],[108.9387,48.6779],[108.9342,48.6823],[108.927,48.7145],[108.9178,48.7327],[108.9064,48.7422],[108.8887,48.7492],[108.8775,48.7622],[108.8886,48.7788],[108.8822,48.8164],[108.892,48.829],[108.8886,48.8456],[108.8778,48.8437],[108.8547,48.8503],[108.8435,48.872],[108.8145,48.8778],[108.8147,48.9507],[108.7023,49.0159],[108.6742,49.0506],[108.6107,49.0832],[108.5536,49.1379],[108.5138,49.1555],[108.5056,49.1543],[108.5022,49.1464],[108.4783,49.1403],[108.4647,49.1438],[108.4477,49.1281],[108.4336,49.1257],[108.4022,49.1145],[108.3774,49.1252],[108.3617,49.1186],[108.3422,49.1203],[108.3116,49.1107],[108.2714,49.1067],[108.2571,49.0952],[108.2224,49.092],[108.192,49.0785],[108.1649,49.0783],[108.1482,49.0627],[108.1428,49.0415],[108.1303,49.0367],[108.1153,49.0378],[108.1332,49.0201],[108.1384,49.0049],[108.1377,48.9853],[108.1659,48.9677],[108.1447,48.9321],[108.1337,48.8837],[108.0897,48.8383],[108.0964,48.6975],[108.1118,48.6144],[108.1658,48.5893],[108.2278,48.538],[108.2726,48.5052],[108.2579,48.4763],[108.2431,48.425],[108.226,48.4021],[108.2215,48.3555],[108.2256,48.3289],[108.2366,48.3126],[108.2382,48.2969],[108.2292,48.264],[108.2157,48.2356],[108.322,48.1708],[108.3538,48.1584],[108.242,48.1044],[108.3111,48.0441],[108.3017,48.0293],[108.3193,48.0116],[108.32,48.0021],[108.339,47.9987],[108.3601,47.9855],[108.385,47.9649],[108.3971,47.9479],[108.4009,47.9449],[108.4385,47.941],[108.4762,47.93],[108.4908,47.9214],[108.6409,47.9316],[108.6671,47.948],[108.7793,47.9945],[108.8135,48.0325],[108.9145,48.0828],[108.9368,48.1007],[108.9412,48.1236],[108.9282,48.1567],[109.0026,48.2496]]]}},{"type":"Feature","properties":{"aimagId":61,"aimagName":"Орхон","asCode":6101,"soumId":1,"name":"Баян-Өндөр","nameEn":"Bayan-O'ndor"},"geometry":{"type":"Polygon","coordinates":[[[104.2642,49.0804],[104.2344,49.1046],[104.0636,49.1572],[104.0296,49.1042],[103.9803,49.023],[103.9551,48.9956],[104.0457,48.9944],[104.0344,48.9723],[104.0486,48.9713],[104.1152,48.9782],[104.1665,48.9627],[104.1668,48.9955],[104.1833,49.0106],[104.2724,49.0736],[104.2642,49.0804]]]}},{"type":"Feature","properties":{"aimagId":81,"aimagName":"Завхан","asCode":8125,"soumId":25,"name":"Их-Уул","nameEn":"Ix-Uul"},"geometry":{"type":"Polygon","coordinates":[[[99.1132,49.1389],[99.0986,49.1571],[99.0383,49.1477],[99.0363,49.1325],[99.0173,49.1273],[98.9853,49.1244],[98.9612,49.1254],[98.9287,49.1065],[98.916,49.107],[98.9002,49.1168],[98.8682,49.1251],[98.7582,49.1104],[98.7105,49.0237],[98.6425,49.0043],[98.5691,48.9741],[98.6642,48.888],[98.6868,48.8634],[98.6817,48.8123],[98.6468,48.7636],[98.6317,48.7303],[98.6334,48.7206],[98.5842,48.724],[98.5497,48.7212],[98.5312,48.6995],[98.5323,48.6404],[98.5209,48.5904],[98.4611,48.5814],[98.4075,48.536],[98.383,48.5063],[98.3827,48.4813],[98.4076,48.4359],[98.4514,48.3891],[98.4842,48.3785],[98.6035,48.3264],[98.6415,48.3055],[98.7059,48.2321],[98.8042,48.225],[98.9077,48.2611],[98.9412,48.2771],[98.9568,48.2903],[98.9899,48.3054],[99.0171,48.3046],[99.0809,48.3113],[99.1142,48.3967],[99.0966,48.4311],[99.1022,48.4487],[99.0908,48.4634],[99.0924,48.4772],[99.0695,48.4785],[99.0608,48.4986],[99.0738,48.5127],[99.0725,48.5726],[99.0819,48.6428],[99.0835,48.6727],[99.0905,48.6854],[99.13,48.712],[99.1352,48.7187],[99.1357,48.737],[99.1639,48.7573],[99.1752,48.7923],[99.1926,48.8053],[99.2073,48.8429],[99.1946,48.8698],[99.1209,48.9283],[99.1194,48.9779],[99.1116,49.0537],[99.0898,49.0771],[99.1024,49.0858],[99.0995,49.1121],[99.1069,49.1335],[99.1132,49.1389]]]}},{"type":"Feature","properties":{"aimagId":61,"aimagName":"Орхон","asCode":6104,"soumId":4,"name":"Жаргалант","nameEn":"Jargalant"},"geometry":{"type":"Polygon","coordinates":[[[104.5373,49.1365],[104.4748,49.1352],[104.3685,49.1669],[104.3298,49.1702],[104.2746,49.1036],[104.2804,49.0873],[104.2642,49.0804],[104.2724,49.0736],[104.1833,49.0106],[104.1668,48.9955],[104.1665,48.9627],[104.1757,48.9519],[104.1966,48.9401],[104.2263,48.9394],[104.2533,48.9476],[104.2665,48.9558],[104.2937,48.9495],[104.3109,48.9313],[104.3319,48.9227],[104.3453,48.9077],[104.3782,48.8983],[104.41,48.9162],[104.4716,48.9629],[104.5353,49.0142],[104.6324,49.0599],[104.6081,49.0859],[104.5833,49.1005],[104.5631,49.1258],[104.5373,49.1365]]]}},{"type":"Feature","properties":{"aimagId":83,"aimagName":"Баян-Өлгий","asCode":8337,"soumId":37,"name":"Цэнгэл","nameEn":"Cengel"},"geometry":{"type":"Polygon","coordinates":[[[88.9982,48.6373],[88.9911,48.6616],[88.9976,48.6863],[89.0094,48.6934],[89.0178,48.7102],[89.0305,48.7099],[89.0473,48.7309],[89.0746,48.735],[89.0825,48.7472],[89.1071,48.7593],[89.1098,48.771],[89.1445,48.7827],[89.1902,48.7657],[89.2257,48.7484],[89.2467,48.8035],[89.3279,48.8354],[89.3313,48.8922],[89.3266,48.9316],[89.2883,48.9648],[89.2804,48.9755],[89.2244,49.018],[89.2488,49.0554],[89.2172,49.0595],[89.2024,49.0681],[89.1691,49.0713],[89.1313,49.0899],[89.1342,49.1078],[89.1196,49.1164],[89.095,49.1176],[89.0568,49.1259],[89.0416,49.1222],[88.9884,49.1469],[88.9039,49.1457],[88.8943,49.1001],[88.8598,49.0901],[88.8005,49.095],[88.7529,49.1311],[88.6931,49.1387],[88.6102,49.1397],[88.5233,49.1836],[88.4677,49.1681],[88.3422,49.172],[88.2872,49.1541],[88.1732,49.1442],[88.1054,49.1493],[88.0615,49.135],[88.0021,49.1395],[87.9955,49.1417],[87.8135,49.1542],[87.8301,49.1484],[87.8324,49.1385],[87.8656,49.1103],[87.8477,49.0957],[87.8366,49.0814],[87.8516,49.0755],[87.8486,49.0624],[87.8341,49.0593],[87.8261,49.0493],[87.836,49.0379],[87.8585,49.0369],[87.8634,49.0249],[87.8807,49.0154],[87.8693,49.0055],[87.8732,48.9921],[87.9009,48.9826],[87.867,48.9684],[87.8685,48.9483],[87.8291,48.9453],[87.8128,48.9493],[87.7649,48.9183],[87.7408,48.8947],[87.7345,48.8805],[87.7399,48.8695],[87.7506,48.8649],[87.7811,48.8698],[87.7929,48.8528],[87.7932,48.844],[87.8127,48.8422],[87.8209,48.8241],[87.8124,48.8167],[87.8171,48.805],[87.8303,48.7982],[87.8559,48.8015],[87.8733,48.795],[87.8893,48.7794],[87.9352,48.7554],[87.9602,48.7706],[88.0004,48.7601],[88.0148,48.7499],[88.0256,48.7494],[88.0412,48.732],[88.0544,48.7119],[88.0718,48.7167],[88.0905,48.7119],[88.0863,48.6998],[88.0746,48.6931],[88.069,48.6809],[88.0491,48.6689],[88.0227,48.6576],[88.018,48.6507],[88.0278,48.63],[87.9971,48.6151],[87.9698,48.6071],[87.955,48.5936],[87.9654,48.5868],[87.9686,48.5754],[87.9822,48.5679],[87.9979,48.5693],[88.0137,48.5621],[88.0132,48.553],[88.0319,48.5503],[88.0491,48.5407],[88.0788,48.5474],[88.0967,48.5442],[88.1068,48.5374],[88.1153,48.522],[88.1426,48.5278],[88.144,48.5209],[88.1748,48.4987],[88.1925,48.4944],[88.2098,48.5022],[88.2342,48.4968],[88.2527,48.4992],[88.2671,48.4877],[88.2928,48.4844],[88.3127,48.4742],[88.3299,48.4721],[88.3559,48.459],[88.3464,48.4477],[88.3562,48.4311],[88.3672,48.4304],[88.3914,48.413],[88.4258,48.3999],[88.436,48.3866],[88.4612,48.3903],[88.4757,48.3962],[88.4844,48.4067],[88.5156,48.4],[88.5194,48.3878],[88.5107,48.3823],[88.532,48.3655],[88.54,48.3648],[88.54,48.387],[88.5477,48.3885],[88.5799,48.4091],[88.5965,48.4235],[88.6047,48.4378],[88.6028,48.451],[88.5935,48.4593],[88.5928,48.5018],[88.5879,48.5101],[88.6206,48.5214],[88.6581,48.5241],[88.6975,48.5407],[88.7032,48.5565],[88.7168,48.5682],[88.7306,48.574],[88.7329,48.5872],[88.7532,48.5978],[88.7739,48.6193],[88.786,48.6222],[88.7941,48.6348],[88.8185,48.6278],[88.8342,48.6033],[88.836,48.5888],[88.8277,48.5693],[88.8291,48.5568],[88.821,48.5471],[88.8315,48.5395],[88.85,48.5363],[88.8639,48.5291],[88.8767,48.5346],[88.8837,48.549],[88.8702,48.5553],[88.8657,48.5638],[88.8919,48.5868],[88.8904,48.5956],[88.9365,48.6017],[88.9661,48.6177],[88.9909,48.6175],[88.9971,48.6349],[88.9982,48.6373]]]}},{"type":"Feature","properties":{"aimagId":43,"aimagName":"Сэлэнгэ","asCode":4322,"soumId":22,"name":"Мандал","nameEn":"Mandal"},"geometry":{"type":"Polygon","coordinates":[[[106.8236,49.1595],[106.7629,49.1887],[106.6297,49.1776],[106.5334,49.1805],[106.55,49.141],[106.5801,49.1032],[106.5787,49.0584],[106.5367,49.0502],[106.4915,49.0272],[106.4882,48.9144],[106.4767,48.8897],[106.4064,48.8805],[106.4038,48.8767],[106.3933,48.8196],[106.359,48.833],[106.3338,48.8308],[106.3362,48.844],[106.3061,48.8522],[106.303,48.8585],[106.2732,48.8714],[106.2631,48.8701],[106.2606,48.8586],[106.231,48.8468],[106.2117,48.8124],[106.1951,48.7988],[106.1814,48.7767],[106.2038,48.7324],[106.2064,48.6899],[106.2898,48.6866],[106.3087,48.6725],[106.3886,48.6548],[106.4314,48.6291],[106.4664,48.6179],[106.5364,48.5985],[106.5258,48.553],[106.5653,48.5534],[106.6387,48.5478],[106.6544,48.549],[106.7765,48.5474],[106.7843,48.577],[106.807,48.5953],[106.8377,48.6082],[106.8739,48.6349],[106.9412,48.6349],[106.9978,48.6184],[107.1229,48.6477],[107.1585,48.6419],[107.208,48.6037],[107.261,48.5942],[107.2761,48.5991],[107.3147,48.6029],[107.3367,48.5991],[107.3611,48.6066],[107.4281,48.6158],[107.4383,48.6129],[107.47,48.6238],[107.5058,48.6463],[107.5229,48.6417],[107.5632,48.6519],[107.5902,48.6456],[107.6067,48.6466],[107.6315,48.638],[107.652,48.6378],[107.6782,48.6427],[107.6909,48.6385],[107.6987,48.6516],[107.6707,48.6784],[107.675,48.7161],[107.6876,48.7253],[107.7321,48.8159],[107.7698,48.8384],[107.7335,48.8839],[107.7027,48.8855],[107.641,48.9047],[107.6035,48.9292],[107.5455,49.0163],[107.3865,49.0375],[107.1612,49.0228],[107.0321,49.0246],[106.9076,49.0049],[106.8789,49.0306],[106.8408,49.0572],[106.8236,49.1595]]]}},{"type":"Feature","properties":{"aimagId":81,"aimagName":"Завхан","asCode":8128,"soumId":28,"name":"Нөмрөг","nameEn":"No'mrog"},"geometry":{"type":"Polygon","coordinates":[[[97.0445,48.5882],[97.1654,48.5867],[97.2451,48.6096],[97.2712,48.6267],[97.3186,48.7458],[97.3465,48.7889],[97.3469,48.9471],[97.3361,48.9735],[97.3222,49.0506],[97.3283,49.0769],[97.3363,49.1262],[97.3068,49.2097],[97.2232,49.2016],[97.1416,49.203],[97.014,49.2009],[96.9194,49.1908],[96.8568,49.1936],[96.8269,49.0748],[96.8085,49.0215],[96.7251,48.9831],[96.6568,48.9246],[96.5233,48.8437],[96.4713,48.7987],[96.5676,48.6726],[96.6448,48.5997],[96.6892,48.5787],[96.6906,48.5685],[96.7161,48.5796],[96.7464,48.5864],[96.7702,48.585],[96.7957,48.603],[96.8154,48.5997],[96.9711,48.591],[97.0445,48.5882]]]}},{"type":"Feature","properties":{"aimagId":81,"aimagName":"Завхан","asCode":8146,"soumId":46,"name":"Тэлмэн","nameEn":"Telmen"},"geometry":{"type":"Polygon","coordinates":[[[97.9371,49.0074],[97.9121,49.0135],[97.8697,49.0337],[97.8227,49.0529],[97.792,49.0803],[97.7647,49.0964],[97.6591,49.1456],[97.6318,49.1626],[97.5046,49.1921],[97.4469,49.2167],[97.4067,49.2027],[97.3733,49.193],[97.3068,49.2097],[97.3363,49.1262],[97.3283,49.0769],[97.3222,49.0506],[97.3361,48.9735],[97.3469,48.9471],[97.3465,48.7889],[97.3186,48.7458],[97.2712,48.6267],[97.2451,48.6096],[97.1654,48.5867],[97.0445,48.5882],[97.0323,48.5549],[97.0393,48.5033],[97.0598,48.5013],[97.0825,48.5103],[97.1009,48.5213],[97.1261,48.5316],[97.141,48.5291],[97.1581,48.5207],[97.1708,48.5207],[97.2145,48.4961],[97.2426,48.4827],[97.2732,48.4727],[97.3244,48.4681],[97.3333,48.4647],[97.3659,48.4639],[97.406,48.4555],[97.472,48.4747],[97.5132,48.4825],[97.5519,48.4845],[97.591,48.484],[97.6395,48.51],[97.6608,48.5099],[97.6582,48.4893],[97.6784,48.466],[97.6757,48.4551],[97.6837,48.4462],[97.6869,48.4254],[97.7064,48.4163],[97.7332,48.3944],[97.7606,48.3766],[97.7777,48.3516],[97.7928,48.3535],[97.793,48.3677],[97.8064,48.4134],[97.8301,48.4222],[97.9358,48.4191],[97.8985,48.4556],[97.8806,48.4708],[97.845,48.514],[97.8571,48.6045],[97.8646,48.6518],[97.8766,48.6958],[97.8962,48.8041],[97.9154,48.8154],[97.9266,48.8567],[97.9263,48.8891],[97.9301,48.9048],[97.9438,48.938],[97.9425,48.9486],[97.9244,48.9804],[97.9206,48.9968],[97.9371,49.0074]]]}},{"type":"Feature","properties":{"aimagId":65,"aimagName":"Архангай","asCode":6549,"soumId":49,"name":"Цэцэрлэг","nameEn":"Cecerleg"},"geometry":{"type":"Polygon","coordinates":[[[100.6632,49.2206],[100.6683,49.2107],[100.691,49.1925],[100.6686,49.1759],[100.6667,49.1558],[100.6501,49.1532],[100.6249,49.1328],[100.6097,49.1133],[100.5802,49.1084],[100.5699,49.0944],[100.5794,49.0862],[100.5932,49.0847],[100.5963,49.0754],[100.5857,49.0696],[100.5615,49.0682],[100.5352,49.0584],[100.4972,49.055],[100.4828,49.0412],[100.4592,49.04],[100.436,49.0436],[100.4223,49.051],[100.4126,49.0643],[100.4035,49.0548],[100.4226,49.0428],[100.4163,49.0304],[100.4547,49.0213],[100.4799,49.0125],[100.4887,49.0017],[100.5318,48.999],[100.5878,48.9767],[100.5832,48.9643],[100.6614,48.9723],[100.7423,48.9225],[100.812,48.8746],[101.0396,48.863],[101.0862,48.8394],[101.0665,48.8089],[101.0823,48.7915],[101.084,48.7814],[101.0962,48.7555],[101.1099,48.7446],[101.1224,48.7232],[101.1475,48.7158],[101.1852,48.6994],[101.1963,48.7035],[101.221,48.698],[101.2486,48.6951],[101.2844,48.7187],[101.3026,48.7244],[101.323,48.7255],[101.3451,48.7407],[101.3569,48.7408],[101.3777,48.7312],[101.4126,48.7407],[101.4367,48.7355],[101.4494,48.7187],[101.4795,48.718],[101.5105,48.7007],[101.5598,48.7081],[101.5652,48.7217],[101.5773,48.7357],[101.603,48.7445],[101.6145,48.7352],[101.6276,48.7387],[101.6376,48.7398],[101.6462,48.7561],[101.6693,48.7605],[101.6788,48.7707],[101.685,48.7893],[101.7157,48.7966],[101.7083,48.803],[101.7374,48.8316],[101.7257,48.839],[101.7267,48.8532],[101.7524,48.8547],[101.7605,48.8761],[101.7725,48.8722],[101.7828,48.8896],[101.8011,48.8885],[101.8062,48.8957],[101.8235,48.8949],[101.7854,48.9148],[101.7174,48.9481],[101.6588,48.9811],[101.6349,49.0094],[101.5676,48.9784],[101.5364,48.9662],[101.4789,48.953],[101.4159,48.9602],[101.4032,48.9649],[101.3754,48.9664],[101.3476,48.978],[101.3263,48.9933],[101.2851,49.0094],[101.2103,49.0265],[101.1922,49.0455],[101.1617,49.0533],[101.1204,49.0706],[101.087,49.0913],[101.0077,49.1099],[100.8509,49.1531],[100.8316,49.1617],[100.7859,49.1891],[100.7259,49.2115],[100.6921,49.2192],[100.6739,49.2156],[100.6632,49.2206]]]}},{"type":"Feature","properties":{"aimagId":43,"aimagName":"Сэлэнгэ","asCode":4310,"soumId":10,"name":"Баянгол","nameEn":"Bayangol"},"geometry":{"type":"Polygon","coordinates":[[[106.3929,49.208],[106.3372,49.218],[106.3013,49.2334],[106.1958,49.2042],[106.1454,49.1732],[106.1234,49.1359],[106.0429,49.1451],[105.9301,49.1234],[105.8718,49.1284],[105.8654,49.1289],[105.8224,49.1196],[105.7732,49.0869],[105.7647,49.0661],[105.7736,49.0539],[105.8104,49.0379],[105.8426,49.0279],[105.8502,49.0013],[105.8491,48.9852],[105.8528,48.9585],[105.8068,48.9217],[105.8073,48.9092],[105.8206,48.8879],[105.917,48.8833],[106.0741,48.853],[106.0627,48.8149],[105.9669,48.7171],[106.0262,48.7082],[106.0901,48.6468],[106.2064,48.6899],[106.2038,48.7324],[106.1814,48.7767],[106.1951,48.7988],[106.2117,48.8124],[106.231,48.8468],[106.2606,48.8586],[106.2631,48.8701],[106.2732,48.8714],[106.303,48.8585],[106.3061,48.8522],[106.3362,48.844],[106.3338,48.8308],[106.359,48.833],[106.3933,48.8196],[106.4038,48.8767],[106.4064,48.8805],[106.4767,48.8897],[106.4882,48.9144],[106.4915,49.0272],[106.5367,49.0502],[106.5787,49.0584],[106.5801,49.1032],[106.55,49.141],[106.5334,49.1805],[106.4761,49.1804],[106.4434,49.1729],[106.4326,49.2001],[106.3929,49.208]]]}},{"type":"Feature","properties":{"aimagId":67,"aimagName":"Хөвсгөл","asCode":6764,"soumId":64,"name":"Шинэ-Идэр","nameEn":"Shine-Ider"},"geometry":{"type":"Polygon","coordinates":[[[99.7488,49.2396],[99.6971,49.2447],[99.6835,49.2482],[99.6121,49.2203],[99.5984,49.1949],[99.5303,49.1823],[99.4734,49.1829],[99.4485,49.1863],[99.4114,49.1987],[99.3919,49.2002],[99.3692,49.1803],[99.3019,49.1681],[99.2788,49.1675],[99.232,49.1743],[99.2057,49.1843],[99.1698,49.2024],[99.1803,49.22],[99.1529,49.2224],[99.1425,49.2308],[99.1179,49.2322],[99.1301,49.2131],[99.1507,49.1654],[99.1436,49.1387],[99.1279,49.1314],[99.1132,49.1389],[99.1069,49.1335],[99.0995,49.1121],[99.1024,49.0858],[99.0898,49.0771],[99.1116,49.0537],[99.1194,48.9779],[99.1209,48.9283],[99.1946,48.8698],[99.2073,48.8429],[99.2377,48.8296],[99.2712,48.8324],[99.33,48.8571],[99.3691,48.8573],[99.4565,48.8644],[99.5019,48.8534],[99.5264,48.8566],[99.6079,48.8577],[99.6443,48.8497],[99.6598,48.8709],[99.7259,48.924],[99.7693,48.8999],[99.8026,48.9193],[99.8427,48.9068],[99.8489,48.9193],[99.8613,48.9218],[99.8797,48.9457],[99.879,48.9719],[99.8813,49.045],[99.8855,49.0599],[99.9145,49.0713],[100.0079,49.0692],[100.0736,49.1043],[100.0591,49.1131],[100.0666,49.1476],[100.0552,49.1645],[100.0136,49.1647],[99.9883,49.1621],[99.9292,49.1475],[99.8517,49.1316],[99.7952,49.137],[99.7549,49.1439],[99.747,49.1492],[99.7523,49.1896],[99.7371,49.2156],[99.7488,49.2396]]]}},{"type":"Feature","properties":{"aimagId":81,"aimagName":"Завхан","asCode":8137,"soumId":37,"name":"Сонгино","nameEn":"Songino"},"geometry":{"type":"Polygon","coordinates":[[[96.1356,49.1594],[96.0466,49.1806],[95.9269,49.2297],[95.6651,49.2517],[95.6558,49.242],[95.538,49.1725],[95.5436,49.1557],[95.5418,49.1435],[95.5512,49.1208],[95.5376,49.1146],[95.5003,49.0646],[95.5297,49.0201],[95.524,48.9917],[95.5084,48.8609],[95.4198,48.8282],[95.4451,48.8189],[95.479,48.7975],[95.4841,48.7887],[95.5204,48.7818],[95.5378,48.7689],[95.5502,48.7711],[95.6503,48.7283],[95.7814,48.7751],[95.8517,48.78],[95.9632,48.7893],[95.9899,48.7923],[96.0945,48.8111],[96.2049,48.8363],[96.2641,48.9139],[96.2537,48.955],[96.2551,48.9867],[96.2012,49.0635],[96.1089,49.1164],[96.1356,49.1594]]]}},{"type":"Feature","properties":{"aimagId":23,"aimagName":"Хэнтий","asCode":2322,"soumId":22,"name":"Биндэр","nameEn":"Binder"},"geometry":{"type":"Polygon","coordinates":[[[110.7314,49.1681],[110.694,49.1661],[110.6561,49.1752],[110.5952,49.1851],[110.5357,49.1889],[110.5126,49.1874],[110.5098,49.1961],[110.493,49.1909],[110.4209,49.2235],[110.3949,49.2555],[110.3327,49.201],[110.273,49.1744],[110.2856,49.1622],[110.3158,49.1634],[110.3537,49.1499],[110.3678,49.1342],[110.3871,49.0986],[110.3839,49.0885],[110.3496,49.0253],[110.301,48.9181],[110.3022,48.8779],[110.2979,48.8199],[110.3013,48.7811],[110.3237,48.7402],[110.3151,48.6984],[110.3241,48.6734],[110.3456,48.6563],[110.3088,48.5972],[110.3148,48.5312],[110.3791,48.4962],[110.392,48.4789],[110.4112,48.4612],[110.4121,48.4433],[110.402,48.4345],[110.4136,48.4224],[110.4043,48.4102],[110.4085,48.3867],[110.4128,48.3816],[110.4207,48.3442],[110.444,48.3323],[110.4881,48.3046],[110.4943,48.2901],[110.4891,48.2767],[110.4708,48.2546],[110.4648,48.2223],[110.4545,48.2024],[110.443,48.1893],[110.445,48.1717],[110.4515,48.1548],[110.4632,48.1428],[110.476,48.087],[110.4885,48.0073],[110.4872,47.9877],[110.5176,47.9491],[110.5497,47.8936],[110.7072,47.9212],[110.7481,47.9725],[110.8236,47.9877],[110.935,47.993],[110.956,48.018],[111.0125,48.1121],[110.9948,48.1407],[110.944,48.1924],[110.9191,48.2969],[110.8783,48.3566],[110.8211,48.4135],[110.7992,48.4496],[110.8493,48.5232],[110.8496,48.5742],[110.9164,48.5907],[110.9981,48.7094],[111.0318,48.7222],[111.0309,48.7539],[111.006,48.8167],[110.9669,48.8546],[110.9505,48.8691],[110.9535,48.9003],[110.9457,48.9203],[110.9209,48.9292],[110.9159,48.949],[110.9235,48.9683],[110.9068,48.991],[110.891,49.0022],[110.8593,49.019],[110.8498,49.0706],[110.8312,49.0847],[110.8283,49.0952],[110.8067,49.1113],[110.7807,49.1138],[110.7697,49.1306],[110.742,49.1505],[110.7314,49.1681]]]}},{"type":"Feature","properties":{"aimagId":81,"aimagName":"Завхан","asCode":8143,"soumId":43,"name":"Түдэвтэй","nameEn":"Tu'devtei"},"geometry":{"type":"Polygon","coordinates":[[[96.8568,49.1936],[96.7899,49.199],[96.6267,49.2655],[96.5454,49.2866],[96.445,49.2861],[96.4106,49.249],[96.3374,49.2386],[96.2155,49.2507],[96.1907,49.2515],[96.1164,49.216],[96.1356,49.1594],[96.1089,49.1164],[96.2012,49.0635],[96.2551,48.9867],[96.2537,48.955],[96.2641,48.9139],[96.2049,48.8363],[96.2827,48.7714],[96.3412,48.7669],[96.3406,48.7571],[96.3482,48.745],[96.3425,48.7326],[96.3123,48.7096],[96.3005,48.6641],[96.3509,48.6222],[96.3407,48.5688],[96.3164,48.5542],[96.4183,48.4896],[96.5683,48.4176],[96.5787,48.4473],[96.6021,48.4605],[96.6295,48.4849],[96.62,48.5176],[96.64,48.5473],[96.6503,48.5464],[96.6623,48.5572],[96.6906,48.5685],[96.6892,48.5787],[96.6448,48.5997],[96.5676,48.6726],[96.4713,48.7987],[96.5233,48.8437],[96.6568,48.9246],[96.7251,48.9831],[96.8085,49.0215],[96.8269,49.0748],[96.8568,49.1936]]]}},{"type":"Feature","properties":{"aimagId":43,"aimagName":"Сэлэнгэ","asCode":4325,"soumId":25,"name":"Орхон","nameEn":"Orxon"},"geometry":{"type":"Polygon","coordinates":[[[105.7647,49.0661],[105.7169,49.0565],[105.6855,49.0469],[105.641,49.0675],[105.6135,49.0637],[105.5445,49.0983],[105.5281,49.1224],[105.5206,49.1453],[105.5105,49.1595],[105.4948,49.1688],[105.5163,49.2593],[105.501,49.2877],[105.4742,49.2682],[105.4827,49.2569],[105.4678,49.2485],[105.4651,49.2347],[105.425,49.232],[105.4204,49.2207],[105.4039,49.2123],[105.401,49.2004],[105.3809,49.1936],[105.3618,49.1812],[105.3636,49.16],[105.3584,49.1379],[105.3348,49.1192],[105.3017,49.119],[105.275,49.1302],[105.263,49.1236],[105.2509,49.1311],[105.2374,49.126],[105.2245,49.1304],[105.2173,49.1569],[105.2004,49.1647],[105.1648,49.1601],[105.1501,49.1518],[105.1543,49.1365],[105.1274,49.1389],[105.1045,49.1149],[105.1156,49.0997],[105.1073,49.0894],[105.1333,49.0764],[105.1863,49.0438],[105.1998,49.0194],[105.2377,48.9759],[105.3518,48.9079],[105.4002,48.8871],[105.4597,48.8498],[105.4649,48.8098],[105.5236,48.824],[105.5609,48.8353],[105.6094,48.8431],[105.8206,48.8879],[105.8073,48.9092],[105.8068,48.9217],[105.8528,48.9585],[105.8491,48.9852],[105.8502,49.0013],[105.8426,49.0279],[105.8104,49.0379],[105.7736,49.0539],[105.7647,49.0661]]]}},{"type":"Feature","properties":{"aimagId":83,"aimagName":"Баян-Өлгий","asCode":8310,"soumId":10,"name":"Баяннуур","nameEn":"Bayannuur"},"geometry":{"type":"Polygon","coordinates":[[[91.0584,49.0324],[91.0486,49.0294],[91.0303,49.0554],[91.0339,49.0647],[91.0232,49.078],[91.0077,49.0868],[91.0096,49.0956],[90.9968,49.1144],[90.9916,49.1296],[90.9792,49.1321],[90.969,49.1446],[90.9504,49.1554],[90.9464,49.1752],[90.9305,49.1813],[90.9278,49.2017],[90.9136,49.2111],[90.9143,49.2315],[90.9004,49.2407],[90.9044,49.2469],[90.8989,49.2627],[90.8811,49.2634],[90.853,49.2706],[90.8205,49.2831],[90.8156,49.2896],[90.7851,49.293],[90.7597,49.2668],[90.7268,49.2448],[90.7096,49.1935],[90.7161,49.1055],[90.6669,49.0352],[90.6447,48.9932],[90.6443,48.9736],[90.6536,48.962],[90.6549,48.9471],[90.6391,48.9317],[90.6646,48.9031],[90.6023,48.8785],[90.6262,48.8063],[90.6396,48.7715],[90.7255,48.6821],[90.7843,48.6395],[90.902,48.6184],[90.9529,48.6245],[90.9773,48.632],[91.015,48.6552],[91.0846,48.6732],[91.1623,48.7069],[91.1954,48.7074],[91.2683,48.6882],[91.3506,48.6831],[91.3423,48.6892],[91.343,48.7055],[91.3379,48.7266],[91.3455,48.7354],[91.341,48.7486],[91.3435,48.7597],[91.3231,48.7742],[91.3311,48.7979],[91.3189,48.8024],[91.31,48.822],[91.3131,48.8318],[91.2954,48.8504],[91.2714,48.866],[91.2624,48.8884],[91.2674,48.8924],[91.2574,48.9074],[91.2467,48.9115],[91.2381,48.9302],[91.2116,48.9381],[91.2104,48.9453],[91.1969,48.9563],[91.199,48.9619],[91.1722,48.967],[91.1182,48.9685],[91.1071,48.9707],[91.1063,48.9824],[91.0637,49.0006],[91.0658,49.025],[91.0584,49.0324]]]}},{"type":"Feature","properties":{"aimagId":45,"aimagName":"Дархан-Уул","asCode":4510,"soumId":10,"name":"Шарын гол","nameEn":"Sharyngol"},"geometry":{"type":"Polygon","coordinates":[[[106.5334,49.1805],[106.5239,49.2532],[106.4376,49.2941],[106.4225,49.2662],[106.4061,49.2659],[106.3766,49.2387],[106.3929,49.208],[106.4326,49.2001],[106.4434,49.1729],[106.4761,49.1804],[106.5334,49.1805]]]}},{"type":"Feature","properties":{"aimagId":83,"aimagName":"Баян-Өлгий","asCode":8307,"soumId":7,"name":"Алтанцөгц","nameEn":"Altanco'gc"},"geometry":{"type":"Polygon","coordinates":[[[90.7851,49.293],[90.7324,49.3067],[90.7136,49.3173],[90.691,49.3238],[90.6621,49.3225],[90.6508,49.314],[90.628,49.314],[90.5973,49.2989],[90.5765,49.2932],[90.556,49.2829],[90.5383,49.2567],[90.5217,49.2524],[90.5144,49.2428],[90.4882,49.235],[90.4688,49.2353],[90.4495,49.2186],[90.4306,49.1927],[90.4264,49.1669],[90.4359,49.1509],[90.4482,49.1471],[90.4333,49.1166],[90.4225,49.1086],[90.4296,49.0943],[90.4196,49.0796],[90.4197,49.0706],[90.391,49.0747],[90.382,49.1031],[90.3646,49.1213],[90.3618,49.1368],[90.345,49.1406],[90.3245,49.1276],[90.2916,49.1283],[90.2862,49.113],[90.2469,49.0837],[90.222,49.0815],[90.2032,49.075],[90.2005,49.0673],[90.1932,49.0444],[90.2052,49.032],[90.1995,49.0174],[90.1801,49.0049],[90.2313,48.9853],[90.2314,48.9808],[90.2675,48.9624],[90.3157,48.9043],[90.3056,48.8776],[90.3185,48.8658],[90.3439,48.8226],[90.3549,48.7868],[90.3492,48.7439],[90.4168,48.7161],[90.3987,48.6912],[90.3848,48.653],[90.4281,48.6413],[90.4636,48.6275],[90.5649,48.6287],[90.5876,48.6364],[90.6823,48.635],[90.7843,48.6395],[90.7255,48.6821],[90.6396,48.7715],[90.6262,48.8063],[90.6023,48.8785],[90.6646,48.9031],[90.6391,48.9317],[90.6549,48.9471],[90.6536,48.962],[90.6443,48.9736],[90.6447,48.9932],[90.6669,49.0352],[90.7161,49.1055],[90.7096,49.1935],[90.7268,49.2448],[90.7597,49.2668],[90.7851,49.293]]]}},{"type":"Feature","properties":{"aimagId":85,"aimagName":"Увс","asCode":8513,"soumId":13,"name":"Завхан","nameEn":"Zavxan"},"geometry":{"type":"Polygon","coordinates":[[[93.3847,49.2676],[93.3197,49.2908],[93.2588,49.3098],[93.2273,49.3071],[93.2233,49.2923],[93.2012,49.3026],[93.1784,49.3048],[93.1481,49.3346],[93.138,49.3382],[93.0866,49.3269],[93.0629,49.311],[93.0245,49.3166],[93.0259,49.3222],[93.0108,49.331],[92.9721,49.3159],[92.9506,49.3263],[92.9159,49.3267],[92.8962,49.3394],[92.8842,49.34],[92.8667,49.3275],[92.8555,49.3123],[92.8476,49.3092],[92.8266,49.3126],[92.8043,49.2917],[92.7954,49.288],[92.7303,49.2316],[92.6497,49.1771],[92.6574,49.1038],[92.619,49.0053],[92.6161,48.9865],[92.586,48.9596],[92.5692,48.9212],[92.5402,48.8914],[92.5392,48.8532],[92.5495,48.8187],[92.6095,48.6944],[92.6005,48.6099],[92.672,48.5961],[92.7748,48.53],[92.8674,48.5445],[92.9418,48.6424],[92.9623,48.6387],[92.9728,48.6481],[93.1773,48.6207],[93.1958,48.6147],[93.203,48.5896],[93.2227,48.5709],[93.2331,48.553],[93.2323,48.5411],[93.2549,48.5172],[93.2754,48.4841],[93.3023,48.4606],[93.322,48.4501],[93.3593,48.4397],[93.3803,48.4246],[93.3924,48.4198],[93.4777,48.4892],[93.5607,48.5308],[93.6369,48.55],[93.6517,48.6521],[93.7344,48.7011],[93.7451,48.6911],[93.7724,48.68],[93.7966,48.6839],[93.8409,48.7026],[93.8799,48.7049],[93.8987,48.7168],[93.9311,48.7246],[93.9797,48.7456],[94.0382,48.7607],[94.0647,48.7825],[93.9774,48.8192],[93.9112,48.8454],[93.7354,48.9247],[93.7095,48.9964],[93.7887,49.0975],[93.8036,49.1139],[93.8039,49.1385],[93.7946,49.1635],[93.7757,49.1802],[93.753,49.1775],[93.7522,49.1849],[93.7349,49.1854],[93.7185,49.1938],[93.6954,49.2112],[93.646,49.2247],[93.6302,49.2239],[93.6225,49.2131],[93.6241,49.203],[93.6373,49.175],[93.66,49.1436],[93.6407,49.1522],[93.6262,49.1828],[93.6107,49.1931],[93.5925,49.1984],[93.5786,49.2155],[93.5676,49.2203],[93.4685,49.2275],[93.4541,49.2253],[93.4383,49.2085],[93.4261,49.2333],[93.413,49.2486],[93.3847,49.2676]]]}},{"type":"Feature","properties":{"aimagId":23,"aimagName":"Хэнтий","asCode":2307,"soumId":7,"name":"Батширээт","nameEn":"Batshireet"},"geometry":{"type":"Polygon","coordinates":[[[110.273,49.1744],[110.2551,49.1664],[110.214,49.1565],[110.1973,49.1552],[110.1697,49.1648],[110.1379,49.1643],[110.1023,49.1789],[110.0595,49.1796],[110.0285,49.1938],[109.9961,49.1934],[109.9798,49.2012],[109.9502,49.195],[109.922,49.2022],[109.8861,49.1942],[109.8131,49.2138],[109.6652,49.2265],[109.5556,49.222],[109.5176,49.234],[109.4899,49.2392],[109.4693,49.2692],[109.4469,49.2736],[109.4318,49.2836],[109.4233,49.2966],[109.3897,49.3005],[109.3385,49.3287],[109.1747,49.3555],[109.0694,49.3239],[109.1199,49.2749],[109.1396,49.1834],[109.1231,49.0819],[109.1241,49.0725],[109.1625,49.0444],[109.1627,49.0363],[109.185,49.0196],[109.1885,49.011],[109.2306,48.9954],[109.2382,48.9834],[109.2484,48.9821],[109.2615,48.9626],[109.2909,48.947],[109.3214,48.9219],[109.339,48.8929],[109.3395,48.8796],[109.3537,48.8699],[109.3599,48.8396],[109.3621,48.8082],[109.3466,48.7949],[109.3305,48.7717],[109.3272,48.7456],[109.3518,48.723],[109.3421,48.6949],[109.3273,48.6262],[109.3555,48.6228],[109.3645,48.618],[109.3962,48.6186],[109.4181,48.6015],[109.4339,48.5964],[109.4609,48.5976],[109.4835,48.5892],[109.487,48.5838],[109.5128,48.5854],[109.5263,48.5758],[109.5504,48.5648],[109.5463,48.5563],[109.5645,48.5426],[109.5846,48.5428],[109.5907,48.5373],[109.6208,48.5324],[109.6448,48.5119],[109.6751,48.4942],[109.6969,48.4984],[109.7474,48.4888],[109.7968,48.4496],[109.8478,48.3893],[109.918,48.3729],[109.9383,48.353],[110.0164,48.3346],[110.076,48.3142],[110.1014,48.2384],[110.1164,48.2533],[110.1372,48.2612],[110.156,48.2758],[110.1832,48.2797],[110.1925,48.2875],[110.2188,48.289],[110.2373,48.2989],[110.2536,48.3],[110.2672,48.3074],[110.2911,48.3119],[110.304,48.3208],[110.3375,48.3304],[110.3499,48.347],[110.3826,48.3716],[110.389,48.3819],[110.4085,48.3867],[110.4043,48.4102],[110.4136,48.4224],[110.402,48.4345],[110.4121,48.4433],[110.4112,48.4612],[110.392,48.4789],[110.3791,48.4962],[110.3148,48.5312],[110.3088,48.5972],[110.3456,48.6563],[110.3241,48.6734],[110.3151,48.6984],[110.3237,48.7402],[110.3013,48.7811],[110.2979,48.8199],[110.3022,48.8779],[110.301,48.9181],[110.3496,49.0253],[110.3839,49.0885],[110.3871,49.0986],[110.3678,49.1342],[110.3537,49.1499],[110.3158,49.1634],[110.2856,49.1622],[110.273,49.1744]]]}},{"type":"Feature","properties":{"aimagId":85,"aimagName":"Увс","asCode":8528,"soumId":28,"name":"Өлгий","nameEn":"O'lgii"},"geometry":{"type":"Polygon","coordinates":[[[92.5402,48.8914],[92.4515,48.9383],[92.3299,49.0982],[92.2132,49.1121],[92.222,49.2029],[92.188,49.2596],[92.1765,49.3234],[92.144,49.3571],[92.1206,49.3745],[92.0548,49.3696],[92.0053,49.3747],[92.0403,49.2882],[92.058,49.2341],[92.061,49.2192],[91.9608,49.1843],[91.9301,49.148],[91.9451,49.1326],[91.9678,49.1163],[91.9936,49.0706],[91.9859,49.0594],[91.8901,49.018],[91.8644,48.957],[91.9064,48.94],[91.8941,48.9101],[91.9074,48.8962],[91.9353,48.8856],[91.9309,48.8438],[91.9533,48.8013],[91.9672,48.7849],[91.9642,48.752],[92.058,48.7603],[92.1226,48.7677],[92.2017,48.7471],[92.1836,48.7062],[92.187,48.6706],[92.2328,48.6005],[92.2561,48.6126],[92.2739,48.6303],[92.3343,48.6235],[92.366,48.6277],[92.379,48.6232],[92.6005,48.6099],[92.6095,48.6944],[92.5495,48.8187],[92.5392,48.8532],[92.5402,48.8914]]]}},{"type":"Feature","properties":{"aimagId":23,"aimagName":"Хэнтий","asCode":2346,"soumId":46,"name":"Өмнөдэлгэр","nameEn":"O'mnodelger"},"geometry":{"type":"Polygon","coordinates":[[[109.0694,49.3239],[108.9328,49.3465],[108.9012,49.3444],[108.8873,49.3338],[108.8624,49.3364],[108.8505,49.3335],[108.8327,49.3468],[108.8211,49.3417],[108.7872,49.3363],[108.7583,49.3459],[108.7184,49.3386],[108.6983,49.3322],[108.6712,49.3465],[108.6082,49.3283],[108.5809,49.3355],[108.5266,49.1877],[108.5056,49.1543],[108.5138,49.1555],[108.5536,49.1379],[108.6107,49.0832],[108.6742,49.0506],[108.7023,49.0159],[108.8147,48.9507],[108.8145,48.8778],[108.8435,48.872],[108.8547,48.8503],[108.8778,48.8437],[108.8886,48.8456],[108.892,48.829],[108.8822,48.8164],[108.8886,48.7788],[108.8775,48.7622],[108.8887,48.7492],[108.9064,48.7422],[108.9178,48.7327],[108.927,48.7145],[108.9342,48.6823],[108.9387,48.6779],[108.9288,48.6557],[108.923,48.6264],[108.9502,48.6059],[108.9448,48.569],[108.9757,48.5471],[108.9782,48.5324],[108.9732,48.5153],[108.998,48.5106],[109.0012,48.5061],[109.0303,48.4977],[109.0355,48.4889],[109.0071,48.4782],[109.0334,48.4522],[109.0406,48.3641],[109.0561,48.3269],[109.0026,48.2496],[109.0561,48.2426],[109.1257,48.1836],[109.1749,48.1313],[109.2109,48.0147],[109.287,47.9266],[109.3273,47.8884],[109.405,47.8709],[109.4242,47.8749],[109.4333,47.8813],[109.4755,47.8834],[109.4765,47.8679],[109.4926,47.8471],[109.4882,47.8401],[109.4674,47.8305],[109.4992,47.8211],[109.4966,47.8105],[109.5062,47.7911],[109.5259,47.7778],[109.5695,47.7569],[109.6094,47.7453],[109.629,47.737],[109.6542,47.7351],[109.6696,47.7239],[109.6869,47.6901],[109.7363,47.6699],[109.8522,47.6706],[109.8559,47.6635],[109.845,47.648],[109.8578,47.6352],[110.0362,47.6315],[110.1182,47.6615],[110.2151,47.7359],[110.393,47.7772],[110.5401,47.8624],[110.5497,47.8936],[110.5176,47.9491],[110.4872,47.9877],[110.4885,48.0073],[110.476,48.087],[110.4632,48.1428],[110.4515,48.1548],[110.445,48.1717],[110.443,48.1893],[110.4545,48.2024],[110.4648,48.2223],[110.4708,48.2546],[110.4891,48.2767],[110.4943,48.2901],[110.4881,48.3046],[110.444,48.3323],[110.4207,48.3442],[110.4128,48.3816],[110.4085,48.3867],[110.389,48.3819],[110.3826,48.3716],[110.3499,48.347],[110.3375,48.3304],[110.304,48.3208],[110.2911,48.3119],[110.2672,48.3074],[110.2536,48.3],[110.2373,48.2989],[110.2188,48.289],[110.1925,48.2875],[110.1832,48.2797],[110.156,48.2758],[110.1372,48.2612],[110.1164,48.2533],[110.1014,48.2384],[110.076,48.3142],[110.0164,48.3346],[109.9383,48.353],[109.918,48.3729],[109.8478,48.3893],[109.7968,48.4496],[109.7474,48.4888],[109.6969,48.4984],[109.6751,48.4942],[109.6448,48.5119],[109.6208,48.5324],[109.5907,48.5373],[109.5846,48.5428],[109.5645,48.5426],[109.5463,48.5563],[109.5504,48.5648],[109.5263,48.5758],[109.5128,48.5854],[109.487,48.5838],[109.4835,48.5892],[109.4609,48.5976],[109.4339,48.5964],[109.4181,48.6015],[109.3962,48.6186],[109.3645,48.618],[109.3555,48.6228],[109.3273,48.6262],[109.3421,48.6949],[109.3518,48.723],[109.3272,48.7456],[109.3305,48.7717],[109.3466,48.7949],[109.3621,48.8082],[109.3599,48.8396],[109.3537,48.8699],[109.3395,48.8796],[109.339,48.8929],[109.3214,48.9219],[109.2909,48.947],[109.2615,48.9626],[109.2484,48.9821],[109.2382,48.9834],[109.2306,48.9954],[109.1885,49.011],[109.185,49.0196],[109.1627,49.0363],[109.1625,49.0444],[109.1241,49.0725],[109.1231,49.0819],[109.1396,49.1834],[109.1199,49.2749],[109.0694,49.3239]]]}},{"type":"Feature","properties":{"aimagId":63,"aimagName":"Булган","asCode":6310,"soumId":10,"name":"Бугат","nameEn":"Bugat"},"geometry":{"type":"Polygon","coordinates":[[[104.0296,49.1042],[103.951,49.1229],[103.8707,49.1566],[103.8367,49.2166],[103.7866,49.2432],[103.7369,49.3226],[103.7463,49.3329],[103.6992,49.3578],[103.6274,49.3704],[103.6256,49.3872],[103.6117,49.3791],[103.5765,49.3735],[103.5671,49.3658],[103.5381,49.3581],[103.4972,49.3527],[103.4796,49.3419],[103.4716,49.3468],[103.4562,49.3418],[103.4385,49.3484],[103.4321,49.3428],[103.4072,49.3401],[103.3903,49.3251],[103.352,49.3283],[103.3324,49.342],[103.3189,49.3439],[103.3013,49.3352],[103.3197,49.3252],[103.3169,49.3177],[103.2907,49.3059],[103.2759,49.3061],[103.2596,49.3208],[103.235,49.3093],[103.2184,49.3151],[103.2191,49.3272],[103.2101,49.3323],[103.1734,49.3274],[103.1603,49.3216],[103.1359,49.3206],[103.1121,49.3313],[103.0805,49.3278],[103.091,49.3102],[103.1139,49.289],[103.1055,49.2664],[103.0898,49.2556],[103.0754,49.2398],[103.0325,49.2248],[103.0245,49.215],[103.036,49.1824],[103.0297,49.1707],[103.0091,49.1521],[102.9972,49.1326],[102.9989,49.0936],[102.9781,49.0394],[102.9642,48.9984],[102.9612,48.9678],[102.988,48.9147],[102.9771,48.9049],[102.954,48.8335],[102.9912,48.8414],[103.0532,48.8468],[103.0858,48.9454],[103.139,48.9227],[103.1605,48.9031],[103.1937,48.8801],[103.209,48.8742],[103.2771,48.8409],[103.3626,48.8342],[103.3976,48.8507],[103.4902,48.8759],[103.5208,48.8565],[103.5768,48.8239],[103.5862,48.8535],[103.6298,48.8953],[103.6501,48.8983],[103.7293,48.9153],[103.7478,48.9296],[103.7707,48.9644],[103.7683,48.9688],[103.8784,48.9908],[103.9551,48.9956],[103.9803,49.023],[104.0296,49.1042]]]}},{"type":"Feature","properties":{"aimagId":67,"aimagName":"Хөвсгөл","asCode":6725,"soumId":25,"name":"Рашаант","nameEn":"Rashaant"},"geometry":{"type":"Polygon","coordinates":[[[101.1726,49.4071],[101.1601,49.4084],[101.1512,49.398],[101.1392,49.3982],[101.137,49.3876],[101.1152,49.371],[101.1076,49.3506],[101.0837,49.3452],[101.0536,49.3263],[101.0415,49.3274],[101.0163,49.3183],[101.0146,49.3097],[100.9843,49.3093],[100.9632,49.2909],[100.9242,49.2909],[100.8635,49.2741],[100.8473,49.277],[100.8296,49.2694],[100.8283,49.2629],[100.8064,49.2543],[100.7833,49.2526],[100.7646,49.2721],[100.7329,49.2724],[100.7324,49.2545],[100.7172,49.247],[100.6962,49.2537],[100.6809,49.2626],[100.6776,49.2488],[100.666,49.2374],[100.6632,49.2206],[100.6739,49.2156],[100.6921,49.2192],[100.7259,49.2115],[100.7859,49.1891],[100.8316,49.1617],[100.8509,49.1531],[101.0077,49.1099],[101.087,49.0913],[101.1204,49.0706],[101.1617,49.0533],[101.1922,49.0455],[101.2103,49.0265],[101.2851,49.0094],[101.3263,48.9933],[101.3476,48.978],[101.3754,48.9664],[101.4032,48.9649],[101.4159,48.9602],[101.4789,48.953],[101.5364,48.9662],[101.5676,48.9784],[101.6349,49.0094],[101.6291,49.0351],[101.6146,49.0543],[101.6125,49.0893],[101.618,49.1071],[101.6377,49.1335],[101.6497,49.1785],[101.6734,49.2115],[101.6676,49.3028],[101.6323,49.3202],[101.606,49.321],[101.5612,49.3027],[101.4892,49.3199],[101.4037,49.3028],[101.3459,49.2932],[101.2975,49.3269],[101.3199,49.3454],[101.3014,49.3588],[101.2648,49.3593],[101.1789,49.399],[101.1726,49.4071]]]}},{"type":"Feature","properties":{"aimagId":23,"aimagName":"Хэнтий","asCode":2328,"soumId":28,"name":"Дадал","nameEn":"Dadal"},"geometry":{"type":"Polygon","coordinates":[[[112.2329,48.9292],[112.2963,48.9962],[112.2889,48.9964],[112.2702,49.0117],[112.2611,49.0321],[112.2588,49.0574],[112.2327,49.0766],[112.2315,49.101],[112.2153,49.1247],[112.2113,49.1401],[112.1984,49.1583],[112.213,49.1796],[112.2113,49.1961],[112.1728,49.2444],[112.1773,49.2735],[112.1691,49.2882],[112.14,49.3018],[112.1295,49.3115],[112.1448,49.325],[112.157,49.3431],[112.119,49.3517],[112.0896,49.3745],[112.0722,49.3996],[112.058,49.4095],[111.9404,49.3754],[111.9161,49.3769],[111.8123,49.3734],[111.7876,49.3827],[111.7497,49.3848],[111.6866,49.3837],[111.5315,49.3234],[111.4861,49.3306],[111.3787,49.3593],[111.2958,49.3167],[111.258,49.3052],[111.1509,49.2768],[111.1113,49.2676],[110.9913,49.2331],[110.9463,49.2157],[110.8896,49.2016],[110.8113,49.1761],[110.7812,49.1748],[110.7314,49.1681],[110.742,49.1505],[110.7697,49.1306],[110.7807,49.1138],[110.8067,49.1113],[110.8283,49.0952],[110.8312,49.0847],[110.8498,49.0706],[110.8593,49.019],[110.891,49.0022],[110.9068,48.991],[110.9235,48.9683],[110.9159,48.949],[110.9209,48.9292],[110.9457,48.9203],[110.9535,48.9003],[110.9505,48.8691],[110.9669,48.8546],[110.9937,48.8584],[111.0435,48.8698],[111.065,48.8665],[111.0806,48.8761],[111.1624,48.8487],[111.2174,48.7628],[111.251,48.696],[111.2799,48.6916],[111.2868,48.6968],[111.3157,48.6977],[111.3376,48.7128],[111.3552,48.7089],[111.3712,48.7144],[111.3952,48.7062],[111.4253,48.7261],[111.4326,48.7275],[111.4498,48.715],[111.4693,48.7343],[111.4702,48.7436],[111.5119,48.7395],[111.5274,48.7455],[111.5336,48.7609],[111.5415,48.7661],[111.5626,48.7775],[111.5668,48.7894],[111.5784,48.7963],[111.5819,48.8077],[111.5984,48.8064],[111.6177,48.7936],[111.6384,48.7999],[111.6392,48.8065],[111.6554,48.819],[111.6467,48.8427],[111.663,48.8484],[111.6828,48.8603],[111.6755,48.8795],[111.6865,48.8913],[111.7043,48.8993],[111.7293,48.9025],[111.7297,48.9121],[111.7479,48.9222],[111.7461,48.935],[111.7664,48.9424],[111.7833,48.9681],[111.7832,48.9943],[111.8079,48.9977],[111.8068,49.0043],[111.8235,49.0111],[111.8343,49.0086],[111.8466,49.0152],[111.8422,49.0263],[111.8548,49.039],[111.8534,49.05],[111.8648,49.0599],[111.8638,49.0695],[111.841,49.0788],[111.839,49.0889],[111.8463,49.1],[111.8918,49.1105],[111.9045,49.1025],[111.9459,49.1086],[111.9586,49.1171],[111.9661,49.0733],[112.0812,49.0266],[112.1316,49.009],[112.2329,48.9292]]]}},{"type":"Feature","properties":{"aimagId":83,"aimagName":"Баян-Өлгий","asCode":8313,"soumId":13,"name":"Бугат","nameEn":"Bugat"},"geometry":{"type":"Polygon","coordinates":[[[90.2005,49.0673],[90.103,49.0705],[90.1106,49.0999],[90.0891,49.1267],[90.0703,49.1427],[90.0574,49.1264],[90.0392,49.1141],[90.0119,49.1486],[90.0051,49.162],[89.9464,49.1802],[89.9388,49.1974],[89.9115,49.2443],[89.9089,49.2751],[89.8362,49.317],[89.7736,49.348],[89.7385,49.3745],[89.6841,49.3821],[89.6666,49.4198],[89.5909,49.4303],[89.4805,49.4401],[89.503,49.3832],[89.4514,49.359],[89.4785,49.314],[89.4846,49.2996],[89.5206,49.2544],[89.5431,49.2106],[89.5792,49.2086],[89.6004,49.1991],[89.6309,49.1947],[89.6926,49.1743],[89.8356,49.1286],[89.8331,49.0778],[89.8378,49.0592],[89.9065,49.0353],[89.9509,49.0217],[89.9734,49.0059],[89.9949,48.9849],[90.0291,48.9907],[90.0735,48.9763],[90.0608,48.9452],[90.0508,48.9417],[90.0377,48.9481],[90.0281,48.944],[90.0148,48.9086],[89.9727,48.8794],[90.0054,48.8652],[90.0023,48.8542],[90.0096,48.8438],[89.9941,48.8086],[89.9961,48.7953],[90.0288,48.7675],[90.0434,48.7381],[90.0582,48.688],[90.0898,48.6764],[90.1409,48.6428],[90.2236,48.6044],[90.2792,48.5822],[90.3845,48.5808],[90.4192,48.577],[90.4636,48.6275],[90.4281,48.6413],[90.3848,48.653],[90.3987,48.6912],[90.4168,48.7161],[90.3492,48.7439],[90.3549,48.7868],[90.3439,48.8226],[90.3185,48.8658],[90.3056,48.8776],[90.3157,48.9043],[90.2675,48.9624],[90.2314,48.9808],[90.2313,48.9853],[90.1801,49.0049],[90.1995,49.0174],[90.2052,49.032],[90.1932,49.0444],[90.2005,49.0673]]]}},{"type":"Feature","properties":{"aimagId":63,"aimagName":"Булган","asCode":6304,"soumId":4,"name":"Баян-Агт","nameEn":"Bayan agt"},"geometry":{"type":"Polygon","coordinates":[[[102.6235,48.9396],[102.6196,48.9716],[102.5494,49.0859],[102.5245,49.2033],[102.4603,49.2074],[102.3899,49.2186],[102.3373,49.2517],[102.3253,49.275],[102.243,49.3363],[102.2148,49.3714],[102.2115,49.4442],[102.1166,49.415],[102.0359,49.4011],[101.9633,49.3295],[101.9179,49.3216],[101.8905,49.31],[101.8553,49.3113],[101.8517,49.2898],[101.837,49.2623],[101.7765,49.2465],[101.6734,49.2115],[101.6497,49.1785],[101.6377,49.1335],[101.618,49.1071],[101.6125,49.0893],[101.6146,49.0543],[101.6291,49.0351],[101.6349,49.0094],[101.6588,48.9811],[101.7174,48.9481],[101.7854,48.9148],[101.8235,48.8949],[101.872,48.897],[101.8766,48.8893],[101.906,48.8903],[101.91,48.8969],[101.9288,48.8996],[101.9318,48.8917],[101.9523,48.8837],[101.9575,48.8744],[101.9463,48.8655],[101.9362,48.8495],[101.9533,48.832],[101.947,48.815],[101.9618,48.8028],[101.9793,48.7943],[102.0054,48.7917],[102.0197,48.8086],[102.0324,48.817],[102.0292,48.8236],[102.048,48.8331],[102.0787,48.8327],[102.0963,48.8377],[102.1099,48.8624],[102.1562,48.8354],[102.1568,48.7801],[102.2094,48.8279],[102.3078,48.9],[102.3985,48.939],[102.5153,48.9195],[102.6235,48.9396]]]}},{"type":"Feature","properties":{"aimagId":67,"aimagName":"Хөвсгөл","asCode":6737,"soumId":37,"name":"Төмөрбулаг","nameEn":"To'morbulag"},"geometry":{"type":"Polygon","coordinates":[[[100.529,49.4357],[100.5257,49.4261],[100.4947,49.4107],[100.4747,49.4091],[100.4275,49.4278],[100.3663,49.4484],[100.2942,49.433],[100.2166,49.4307],[100.1977,49.4242],[100.1485,49.4181],[100.1214,49.4272],[100.087,49.4356],[99.9827,49.4557],[99.9703,49.4682],[99.9757,49.4847],[99.9359,49.4872],[99.8234,49.4912],[99.7939,49.5027],[99.7683,49.4801],[99.7305,49.4541],[99.7691,49.4267],[99.7676,49.413],[99.7463,49.3832],[99.7259,49.3268],[99.7763,49.2992],[99.7488,49.2396],[99.7371,49.2156],[99.7523,49.1896],[99.747,49.1492],[99.7549,49.1439],[99.7952,49.137],[99.8517,49.1316],[99.9292,49.1475],[99.9883,49.1621],[100.0136,49.1647],[100.0552,49.1645],[100.0666,49.1476],[100.0591,49.1131],[100.0736,49.1043],[100.09,49.0948],[100.1061,49.0919],[100.1254,49.0944],[100.1357,49.1005],[100.1651,49.0985],[100.1739,49.0883],[100.3565,49.0696],[100.3724,49.056],[100.4163,49.0304],[100.4226,49.0428],[100.4035,49.0548],[100.4126,49.0643],[100.4223,49.051],[100.436,49.0436],[100.4592,49.04],[100.4828,49.0412],[100.4972,49.055],[100.5352,49.0584],[100.5615,49.0682],[100.5857,49.0696],[100.5963,49.0754],[100.5932,49.0847],[100.5794,49.0862],[100.5699,49.0944],[100.5802,49.1084],[100.6097,49.1133],[100.6249,49.1328],[100.6501,49.1532],[100.6667,49.1558],[100.6686,49.1759],[100.691,49.1925],[100.6683,49.2107],[100.6632,49.2206],[100.666,49.2374],[100.6776,49.2488],[100.6809,49.2626],[100.6976,49.2881],[100.6881,49.2965],[100.6806,49.3119],[100.6372,49.3278],[100.6462,49.342],[100.6208,49.3493],[100.6344,49.3709],[100.6357,49.381],[100.6004,49.3975],[100.6056,49.4045],[100.6037,49.4182],[100.5762,49.4288],[100.5584,49.4267],[100.5449,49.4359],[100.529,49.4357]]]}},{"type":"Feature","properties":{"aimagId":85,"aimagName":"Увс","asCode":8531,"soumId":31,"name":"Өмнөгөвь","nameEn":"O'mnogovi"},"geometry":{"type":"Polygon","coordinates":[[[92.0083,49.476],[91.9725,49.4793],[91.9409,49.4915],[91.9202,49.4906],[91.8865,49.5008],[91.8567,49.5064],[91.833,49.5184],[91.8022,49.5099],[91.7747,49.4923],[91.7446,49.4816],[91.7207,49.4421],[91.6393,49.3494],[91.5999,49.3027],[91.5454,49.3285],[91.4587,49.3489],[91.4074,49.2506],[91.3948,49.2055],[91.3375,49.1602],[91.2998,49.1421],[91.1691,49.0955],[91.1022,49.0662],[91.07,49.0454],[91.0584,49.0324],[91.0658,49.025],[91.0637,49.0006],[91.1063,48.9824],[91.1071,48.9707],[91.1182,48.9685],[91.1722,48.967],[91.199,48.9619],[91.1969,48.9563],[91.2104,48.9453],[91.2116,48.9381],[91.2381,48.9302],[91.2467,48.9115],[91.2574,48.9074],[91.2674,48.8924],[91.2624,48.8884],[91.2714,48.866],[91.2954,48.8504],[91.3131,48.8318],[91.31,48.822],[91.3189,48.8024],[91.3311,48.7979],[91.3231,48.7742],[91.3435,48.7597],[91.341,48.7486],[91.3455,48.7354],[91.3379,48.7266],[91.343,48.7055],[91.3423,48.6892],[91.3506,48.6831],[91.391,48.6979],[91.4415,48.731],[91.4819,48.7682],[91.5285,48.7844],[91.5347,48.8166],[91.5935,48.8443],[91.6257,48.8899],[91.6808,48.9031],[91.7254,48.9292],[91.7958,48.9664],[91.8522,48.9602],[91.8644,48.957],[91.8901,49.018],[91.9859,49.0594],[91.9936,49.0706],[91.9678,49.1163],[91.9451,49.1326],[91.9301,49.148],[91.9608,49.1843],[92.061,49.2192],[92.058,49.2341],[92.0403,49.2882],[92.0053,49.3747],[92.025,49.47],[92.0083,49.476]]]}},{"type":"Feature","properties":{"aimagId":45,"aimagName":"Дархан-Уул","asCode":4501,"soumId":1,"name":"Дархан","nameEn":"Darxan"},"geometry":{"type":"Polygon","coordinates":[[[105.9687,49.5293],[105.9181,49.5331],[105.8991,49.5168],[105.8885,49.5041],[105.8947,49.4968],[105.9062,49.4578],[105.8984,49.4492],[105.9068,49.4041],[105.8979,49.3894],[105.9344,49.398],[105.9433,49.4181],[105.9962,49.432],[106.0212,49.4717],[106.0204,49.5179],[105.9869,49.5212],[105.9687,49.5293]]]}},{"type":"Feature","properties":{"aimagId":21,"aimagName":"Дорнод","asCode":2110,"soumId":10,"name":"Баян-Уул","nameEn":"Bayan-Uul"},"geometry":{"type":"Polygon","coordinates":[[[113.2758,48.8465],[113.3802,48.8468],[113.2844,48.9377],[113.207,48.9411],[113.0297,49.0309],[113.0273,49.0728],[113.016,49.0883],[113.0147,49.1107],[113.019,49.1233],[113.0118,49.1308],[113.0048,49.1594],[113.0073,49.1775],[113.0024,49.1905],[113.0151,49.2042],[113.0193,49.2362],[113.0074,49.2547],[112.987,49.2673],[112.8983,49.3116],[112.8045,49.3753],[112.898,49.4258],[112.8981,49.4622],[112.8893,49.4716],[112.8455,49.5284],[112.8129,49.5152],[112.7991,49.521],[112.7752,49.5091],[112.7395,49.511],[112.7221,49.5221],[112.7106,49.5055],[112.6941,49.5013],[112.6618,49.5151],[112.6487,49.5173],[112.5997,49.5108],[112.5758,49.5171],[112.4777,49.5229],[112.4271,49.5092],[112.2851,49.4856],[112.1951,49.4487],[112.058,49.4095],[112.0722,49.3996],[112.0896,49.3745],[112.119,49.3517],[112.157,49.3431],[112.1448,49.325],[112.1295,49.3115],[112.14,49.3018],[112.1691,49.2882],[112.1773,49.2735],[112.1728,49.2444],[112.2113,49.1961],[112.213,49.1796],[112.1984,49.1583],[112.2113,49.1401],[112.2153,49.1247],[112.2315,49.101],[112.2327,49.0766],[112.2588,49.0574],[112.2611,49.0321],[112.2702,49.0117],[112.2889,48.9964],[112.2963,48.9962],[112.2329,48.9292],[112.2401,48.867],[112.2654,48.801],[112.2958,48.7648],[112.3417,48.6883],[112.3742,48.6727],[112.3864,48.6482],[112.3979,48.633],[112.5099,48.626],[112.6006,48.6421],[112.676,48.6508],[112.754,48.6443],[112.8118,48.6749],[112.9139,48.7187],[113.014,48.7243],[113.1614,48.7784],[113.2758,48.8465]]]}},{"type":"Feature","properties":{"aimagId":81,"aimagName":"Завхан","asCode":8113,"soumId":13,"name":"Баянхайрхан","nameEn":"Bayanxairxan"},"geometry":{"type":"Polygon","coordinates":[[[96.5523,49.5274],[96.2905,49.5272],[96.2451,49.5056],[96.1795,49.5252],[96.1041,49.5573],[96.0455,49.5174],[95.9446,49.5091],[95.8826,49.503],[95.753,49.4968],[95.6986,49.3912],[95.6694,49.3784],[95.6889,49.3567],[95.6829,49.2877],[95.6771,49.2668],[95.6651,49.2517],[95.9269,49.2297],[96.0466,49.1806],[96.1356,49.1594],[96.1164,49.216],[96.1907,49.2515],[96.2155,49.2507],[96.3374,49.2386],[96.4106,49.249],[96.445,49.2861],[96.5454,49.2866],[96.6267,49.2655],[96.7899,49.199],[96.8568,49.1936],[96.9194,49.1908],[97.014,49.2009],[97.1416,49.203],[97.1175,49.2133],[97.0828,49.2455],[96.9762,49.3076],[96.8558,49.3852],[96.856,49.3862],[96.772,49.3743],[96.6527,49.4117],[96.6238,49.3902],[96.5692,49.3961],[96.603,49.451],[96.6544,49.453],[96.6571,49.4717],[96.5985,49.4906],[96.5523,49.5274]]]}},{"type":"Feature","properties":{"aimagId":83,"aimagName":"Баян-Өлгий","asCode":8334,"soumId":34,"name":"Улаанхус","nameEn":"Ulaanxus"},"geometry":{"type":"Polygon","coordinates":[[[89.215,49.5395],[89.1897,49.5174],[89.1575,49.517],[89.1419,49.5002],[89.1123,49.4974],[89.1087,49.4916],[89.0778,49.4838],[89.0453,49.4836],[89.0361,49.488],[89.0181,49.4798],[89.0098,49.4665],[88.9997,49.4701],[88.9775,49.4613],[88.9677,49.4627],[88.9554,49.4824],[88.9659,49.4929],[88.9595,49.5015],[88.9336,49.5108],[88.9282,49.5188],[88.9339,49.5349],[88.9236,49.5452],[88.907,49.5457],[88.9052,49.5541],[88.8868,49.5578],[88.8681,49.547],[88.8765,49.5415],[88.8798,49.5203],[88.8756,49.5031],[88.8529,49.496],[88.851,49.4896],[88.8718,49.4856],[88.8794,49.4763],[88.8704,49.467],[88.8589,49.4659],[88.8578,49.4538],[88.8461,49.4428],[88.827,49.4442],[88.812,49.4589],[88.7878,49.4586],[88.778,49.4549],[88.7514,49.4611],[88.7404,49.45],[88.7045,49.4596],[88.6734,49.4649],[88.6615,49.4796],[88.6254,49.4979],[88.6078,49.494],[88.595,49.503],[88.5675,49.4949],[88.5518,49.4827],[88.524,49.4871],[88.5136,49.485],[88.4997,49.4729],[88.4648,49.4698],[88.4349,49.4704],[88.423,49.4854],[88.4049,49.495],[88.3899,49.4863],[88.3618,49.4831],[88.3593,49.4897],[88.3389,49.4948],[88.3272,49.4878],[88.3185,49.4752],[88.2997,49.4713],[88.2636,49.4823],[88.2402,49.4755],[88.2218,49.4795],[88.1884,49.456],[88.1732,49.4535],[88.1665,49.4397],[88.1787,49.4347],[88.1849,49.4191],[88.1651,49.4085],[88.1536,49.4074],[88.1187,49.3909],[88.1246,49.3728],[88.1606,49.3628],[88.1698,49.3272],[88.1627,49.2992],[88.1687,49.2922],[88.1493,49.2815],[88.126,49.2787],[88.107,49.2562],[88.0855,49.2555],[88.0632,49.2602],[88.0523,49.2563],[88.058,49.2429],[88.0178,49.2263],[88.0031,49.2002],[87.9885,49.1832],[87.957,49.1857],[87.9342,49.1807],[87.9208,49.1732],[87.9043,49.1773],[87.875,49.1714],[87.8613,49.1781],[87.8233,49.1779],[87.8135,49.1542],[87.9955,49.1417],[88.0021,49.1395],[88.0615,49.135],[88.1054,49.1493],[88.1732,49.1442],[88.2872,49.1541],[88.3422,49.172],[88.4677,49.1681],[88.5233,49.1836],[88.6102,49.1397],[88.6931,49.1387],[88.7529,49.1311],[88.8005,49.095],[88.8598,49.0901],[88.8943,49.1001],[88.9039,49.1457],[88.9884,49.1469],[89.0416,49.1222],[89.0568,49.1259],[89.095,49.1176],[89.1196,49.1164],[89.1342,49.1078],[89.1313,49.0899],[89.1691,49.0713],[89.2024,49.0681],[89.2172,49.0595],[89.2488,49.0554],[89.2244,49.018],[89.2804,48.9755],[89.2883,48.9648],[89.3266,48.9316],[89.3313,48.8922],[89.3279,48.8354],[89.2467,48.8035],[89.2257,48.7484],[89.1902,48.7657],[89.1445,48.7827],[89.1098,48.771],[89.1071,48.7593],[89.0825,48.7472],[89.0746,48.735],[89.0473,48.7309],[89.0305,48.7099],[89.0178,48.7102],[89.0094,48.6934],[88.9976,48.6863],[88.9911,48.6616],[88.9982,48.6373],[88.9971,48.6349],[88.9909,48.6175],[88.9661,48.6177],[88.9365,48.6017],[88.8904,48.5956],[88.8919,48.5868],[88.8657,48.5638],[88.8702,48.5553],[88.8837,48.549],[88.8767,48.5346],[88.8639,48.5291],[88.85,48.5363],[88.8315,48.5395],[88.821,48.5471],[88.8291,48.5568],[88.8277,48.5693],[88.836,48.5888],[88.8342,48.6033],[88.8185,48.6278],[88.7941,48.6348],[88.786,48.6222],[88.7739,48.6193],[88.7532,48.5978],[88.7329,48.5872],[88.7306,48.574],[88.7168,48.5682],[88.7032,48.5565],[88.6975,48.5407],[88.6581,48.5241],[88.6206,48.5214],[88.5879,48.5101],[88.5928,48.5018],[88.5935,48.4593],[88.6028,48.451],[88.6047,48.4378],[88.5965,48.4235],[88.5799,48.4091],[88.5477,48.3885],[88.54,48.387],[88.54,48.3648],[88.5458,48.3705],[88.5705,48.3618],[88.5654,48.3523],[88.582,48.342],[88.6023,48.3387],[88.6064,48.3298],[88.602,48.3189],[88.583,48.3018],[88.5655,48.2758],[88.5886,48.258],[88.5969,48.2459],[88.5882,48.2277],[88.6301,48.2215],[88.6565,48.2229],[88.6959,48.2335],[88.7193,48.2515],[88.7419,48.2598],[88.7587,48.2602],[88.7849,48.2661],[88.7867,48.2792],[88.78,48.2917],[88.797,48.3073],[88.8074,48.3098],[88.8098,48.3252],[88.8044,48.3358],[88.7723,48.3476],[88.7634,48.3626],[88.7723,48.4017],[88.8012,48.4368],[88.8202,48.4682],[88.8791,48.4617],[88.8869,48.5116],[88.9164,48.498],[88.9381,48.4927],[88.9701,48.4945],[88.9842,48.4985],[89.0062,48.5167],[89.0219,48.5231],[89.0321,48.5212],[89.0637,48.528],[89.0807,48.5359],[89.0966,48.5487],[89.1743,48.5778],[89.2532,48.6752],[89.2786,48.6914],[89.3437,48.7253],[89.3682,48.7947],[89.3547,48.8447],[89.5133,48.8884],[89.5339,48.8877],[89.5401,48.9137],[89.5393,48.9275],[89.5455,48.9518],[89.5002,48.9988],[89.5135,49.0073],[89.5459,49.0034],[89.5947,49.0045],[89.6123,49.0068],[89.6429,49.0234],[89.6694,49.0302],[89.6712,49.0411],[89.6928,49.0457],[89.7279,49.0448],[89.7438,49.0373],[89.784,49.0349],[89.807,49.0289],[89.8039,49.0522],[89.8378,49.0592],[89.8331,49.0778],[89.8356,49.1286],[89.6926,49.1743],[89.6309,49.1947],[89.6004,49.1991],[89.5792,49.2086],[89.5431,49.2106],[89.5206,49.2544],[89.4846,49.2996],[89.4785,49.314],[89.4514,49.359],[89.3916,49.3457],[89.3579,49.396],[89.3596,49.4398],[89.3243,49.4844],[89.2995,49.5026],[89.2799,49.5262],[89.215,49.5395]]]}},{"type":"Feature","properties":{"aimagId":43,"aimagName":"Сэлэнгэ","asCode":4331,"soumId":31,"name":"Сайхан","nameEn":"Saixan"},"geometry":{"type":"Polygon","coordinates":[[[105.8991,49.5168],[105.8948,49.5252],[105.9012,49.5337],[105.8871,49.5498],[105.8914,49.563],[105.8605,49.5928],[105.8587,49.6008],[105.8406,49.6053],[105.8426,49.6268],[105.8335,49.6321],[105.8099,49.6162],[105.785,49.6047],[105.7945,49.5967],[105.7835,49.5884],[105.7636,49.5818],[105.7436,49.5805],[105.7368,49.5724],[105.7179,49.5718],[105.7274,49.5587],[105.6983,49.5585],[105.6822,49.5518],[105.6799,49.5407],[105.6605,49.5408],[105.6607,49.5312],[105.6476,49.5267],[105.651,49.509],[105.6595,49.5],[105.6656,49.4834],[105.6388,49.4736],[105.6348,49.4655],[105.615,49.4641],[105.609,49.4426],[105.6167,49.4345],[105.6072,49.4232],[105.5822,49.4015],[105.5608,49.3981],[105.5402,49.3725],[105.5301,49.3415],[105.5356,49.3353],[105.5167,49.3019],[105.5288,49.2971],[105.501,49.2877],[105.5163,49.2593],[105.4948,49.1688],[105.5105,49.1595],[105.5206,49.1453],[105.5281,49.1224],[105.5445,49.0983],[105.6135,49.0637],[105.641,49.0675],[105.6855,49.0469],[105.7169,49.0565],[105.7647,49.0661],[105.7732,49.0869],[105.8224,49.1196],[105.8654,49.1289],[105.8718,49.1284],[105.8503,49.1533],[105.852,49.1778],[105.8604,49.1988],[105.8491,49.2159],[105.8588,49.2226],[105.8671,49.2492],[105.8951,49.2639],[105.8971,49.2771],[105.8921,49.286],[105.9005,49.2953],[105.9002,49.3067],[105.9095,49.3228],[105.8856,49.3408],[105.8971,49.3553],[105.8886,49.3721],[105.8979,49.3894],[105.9068,49.4041],[105.8984,49.4492],[105.9062,49.4578],[105.8947,49.4968],[105.8885,49.5041],[105.8991,49.5168]]]}},{"type":"Feature","properties":{"aimagId":85,"aimagName":"Увс","asCode":8555,"soumId":55,"name":"Цагаанхайрхан","nameEn":"Cagaanxairxan"},"geometry":{"type":"Polygon","coordinates":[[[94.4971,49.5352],[94.4785,49.5492],[94.4663,49.5441],[94.443,49.5459],[94.4335,49.5409],[94.4059,49.55],[94.3505,49.5736],[94.3277,49.6011],[94.2737,49.6349],[94.2566,49.601],[94.2566,49.5957],[94.2374,49.5877],[94.2188,49.5855],[94.1514,49.4521],[94.1236,49.4294],[94.0898,49.4142],[94.0823,49.4055],[94.0795,49.3891],[94.0688,49.3819],[94.0653,49.3661],[94.0435,49.359],[94.0184,49.3365],[94.0125,49.3233],[93.9713,49.2919],[93.9149,49.2666],[93.7522,49.1849],[93.753,49.1775],[93.7757,49.1802],[93.7946,49.1635],[93.8039,49.1385],[93.8036,49.1139],[93.7887,49.0975],[93.7095,48.9964],[93.7354,48.9247],[93.9112,48.8454],[93.9774,48.8192],[94.0647,48.7825],[94.1328,48.8078],[94.2464,48.7582],[94.4229,48.7311],[94.482,48.7167],[94.658,48.7208],[94.589,48.8235],[94.5535,48.8712],[94.5323,48.9032],[94.5117,48.9808],[94.5432,49.164],[94.5175,49.2248],[94.5161,49.2991],[94.5466,49.3572],[94.5095,49.4023],[94.5295,49.4704],[94.5404,49.4828],[94.5452,49.5],[94.5529,49.507],[94.5435,49.5183],[94.5026,49.522],[94.4971,49.5352]]]}},{"type":"Feature","properties":{"aimagId":43,"aimagName":"Сэлэнгэ","asCode":4334,"soumId":34,"name":"Сант","nameEn":"Sant"},"geometry":{"type":"Polygon","coordinates":[[[105.615,49.4641],[105.5522,49.4653],[105.5549,49.5296],[105.5381,49.6033],[105.4618,49.6105],[105.4034,49.6349],[105.3345,49.6147],[105.2861,49.5679],[105.157,49.5348],[105.1452,49.4859],[105.1442,49.4717],[105.1121,49.4405],[105.1095,49.4285],[105.1226,49.3906],[105.1214,49.3804],[105.1398,49.3593],[105.1546,49.3358],[105.155,49.3186],[105.1305,49.2994],[105.1421,49.2674],[105.1557,49.2465],[105.1323,49.2153],[105.1501,49.1518],[105.1648,49.1601],[105.2004,49.1647],[105.2173,49.1569],[105.2245,49.1304],[105.2374,49.126],[105.2509,49.1311],[105.263,49.1236],[105.275,49.1302],[105.3017,49.119],[105.3348,49.1192],[105.3584,49.1379],[105.3636,49.16],[105.3618,49.1812],[105.3809,49.1936],[105.401,49.2004],[105.4039,49.2123],[105.4204,49.2207],[105.425,49.232],[105.4651,49.2347],[105.4678,49.2485],[105.4827,49.2569],[105.4742,49.2682],[105.501,49.2877],[105.5288,49.2971],[105.5167,49.3019],[105.5356,49.3353],[105.5301,49.3415],[105.5402,49.3725],[105.5608,49.3981],[105.5822,49.4015],[105.6072,49.4232],[105.6167,49.4345],[105.609,49.4426],[105.615,49.4641]]]}},{"type":"Feature","properties":{"aimagId":85,"aimagName":"Увс","asCode":8534,"soumId":34,"name":"Өндөрхангай","nameEn":"O'ndorxangai"},"geometry":{"type":"Polygon","coordinates":[[[95.0226,49.5707],[95.0114,49.5791],[94.9875,49.5796],[94.9871,49.5975],[94.9923,49.606],[94.9717,49.6218],[94.958,49.6262],[94.9228,49.6288],[94.9133,49.633],[94.8814,49.6345],[94.8481,49.6408],[94.8207,49.6358],[94.7283,49.6419],[94.6131,49.6402],[94.549,49.6232],[94.538,49.5862],[94.5265,49.5796],[94.5007,49.5546],[94.4971,49.5352],[94.5026,49.522],[94.5435,49.5183],[94.5529,49.507],[94.5452,49.5],[94.5404,49.4828],[94.5295,49.4704],[94.5095,49.4023],[94.5466,49.3572],[94.5161,49.2991],[94.5175,49.2248],[94.5432,49.164],[94.5117,48.9808],[94.5323,48.9032],[94.5535,48.8712],[94.589,48.8235],[94.658,48.7208],[94.6508,48.6818],[94.6748,48.6787],[94.6946,48.6713],[94.7485,48.6735],[94.7681,48.6767],[94.7946,48.6873],[94.8587,48.6934],[94.9568,48.6865],[94.9802,48.6825],[95.0002,48.6824],[95.0154,48.6889],[95.0561,48.6978],[95.0952,48.7131],[95.1773,48.7366],[95.2127,48.7701],[95.2407,48.8854],[95.2102,48.9787],[95.244,49.01],[95.1365,49.1432],[95.1125,49.1902],[95.1361,49.2316],[95.0991,49.3473],[95.1232,49.4327],[95.1171,49.4935],[95.1096,49.5137],[95.07,49.5417],[95.0226,49.5707]]]}},{"type":"Feature","properties":{"aimagId":81,"aimagName":"Завхан","asCode":8107,"soumId":7,"name":"Асгат","nameEn":"Asgat"},"geometry":{"type":"Polygon","coordinates":[[[96.9287,49.5709],[96.8679,49.5727],[96.7941,49.6028],[96.7687,49.6464],[96.6401,49.638],[96.4964,49.6229],[96.5523,49.5274],[96.5985,49.4906],[96.6571,49.4717],[96.6544,49.453],[96.603,49.451],[96.5692,49.3961],[96.6238,49.3902],[96.6527,49.4117],[96.772,49.3743],[96.856,49.3862],[96.8353,49.4703],[96.9287,49.5709]]]}},{"type":"Feature","properties":{"aimagId":45,"aimagName":"Дархан-Уул","asCode":4507,"soumId":7,"name":"Хонгор","nameEn":"Xongor"},"geometry":{"type":"Polygon","coordinates":[[[106.4705,49.5876],[106.4553,49.5566],[106.4296,49.5204],[106.3996,49.5359],[106.3829,49.5413],[106.3705,49.5391],[106.3415,49.5477],[106.294,49.5481],[106.278,49.5546],[106.246,49.5615],[106.2234,49.5627],[106.1751,49.5995],[106.137,49.5993],[106.1323,49.606],[106.1075,49.6199],[106.0786,49.6222],[106.0647,49.6352],[106.0667,49.6473],[106.0261,49.6488],[106.0399,49.6295],[106.0411,49.6057],[106.0372,49.5956],[106.0206,49.5748],[105.9687,49.5293],[105.9869,49.5212],[106.0204,49.5179],[106.0212,49.4717],[105.9962,49.432],[105.9433,49.4181],[105.9344,49.398],[105.8979,49.3894],[105.8886,49.3721],[105.8971,49.3553],[105.8856,49.3408],[105.9095,49.3228],[105.9002,49.3067],[105.9005,49.2953],[105.8921,49.286],[105.8971,49.2771],[105.8951,49.2639],[105.8671,49.2492],[105.8588,49.2226],[105.8491,49.2159],[105.8604,49.1988],[105.852,49.1778],[105.8503,49.1533],[105.8718,49.1284],[105.9301,49.1234],[106.0429,49.1451],[106.1234,49.1359],[106.1454,49.1732],[106.1958,49.2042],[106.3013,49.2334],[106.3372,49.218],[106.3929,49.208],[106.3766,49.2387],[106.4061,49.2659],[106.4225,49.2662],[106.4376,49.2941],[106.5239,49.2532],[106.5334,49.1805],[106.6297,49.1776],[106.7629,49.1887],[106.8236,49.1595],[106.7855,49.2343],[106.7725,49.2661],[106.7629,49.328],[106.8017,49.3956],[106.7366,49.5479],[106.6297,49.5823],[106.6034,49.595],[106.526,49.587],[106.4705,49.5876]]]}},{"type":"Feature","properties":{"aimagId":21,"aimagName":"Дорнод","asCode":2137,"soumId":37,"name":"Чойбалсан","nameEn":"Choibalsan"},"geometry":{"type":"Polygon","coordinates":[[[115.6012,49.65],[115.5742,49.6475],[115.5749,49.6282],[115.5429,49.5939],[115.531,49.5675],[115.5059,49.556],[115.4779,49.4956],[115.4936,49.4684],[115.4923,49.4211],[115.4891,49.3953],[115.4712,49.3754],[115.4693,49.3526],[115.4841,49.3362],[115.4661,49.326],[115.4639,49.3096],[115.4705,49.2981],[115.4593,49.2788],[115.4608,49.2604],[115.4507,49.2136],[115.457,49.1826],[115.4337,49.1553],[115.4144,49.1268],[115.4133,49.1182],[115.3884,49.0862],[115.3901,49.0721],[115.3773,49.0624],[115.3538,49.0536],[115.3397,49.0554],[115.2177,48.9752],[115.0865,48.9555],[115.0271,48.9295],[114.9843,48.9175],[114.8973,48.87],[114.8108,48.7689],[114.6017,48.7643],[114.555,48.7765],[114.5317,48.7368],[114.5122,48.6831],[114.4954,48.6802],[114.4743,48.6584],[114.4768,48.5437],[114.5079,48.4262],[114.5456,48.3463],[114.5561,48.3257],[114.6623,48.3168],[114.67,48.3117],[114.6504,48.2612],[114.6358,48.2134],[114.6208,48.1804],[114.7131,48.152],[114.7397,48.132],[114.7751,48.1517],[114.7777,48.1605],[114.7934,48.167],[114.8109,48.1804],[114.828,48.2064],[114.8377,48.2093],[114.8452,48.2232],[114.8602,48.2198],[114.9049,48.2306],[114.929,48.2451],[114.9585,48.2819],[114.9582,48.2953],[114.9768,48.311],[114.9948,48.3161],[114.9982,48.3235],[115.0185,48.3339],[115.0085,48.3669],[115.0239,48.3726],[115.031,48.3921],[115.0416,48.4088],[115.0654,48.4278],[115.0626,48.4358],[115.0757,48.4522],[115.0936,48.4557],[115.11,48.4682],[115.1064,48.4764],[115.1238,48.4903],[115.1206,48.4944],[115.1556,48.5305],[115.1687,48.5378],[115.1976,48.5616],[115.1975,48.5686],[115.2202,48.5779],[115.2196,48.5879],[115.2333,48.5988],[115.2545,48.5992],[115.2921,48.6063],[115.3007,48.6036],[115.3267,48.6217],[115.3473,48.6203],[115.361,48.6094],[115.3743,48.6116],[115.3928,48.6061],[115.4108,48.6056],[115.4342,48.5945],[115.4462,48.5821],[115.4346,48.5734],[115.4369,48.5585],[115.4282,48.5506],[115.4348,48.5375],[115.4236,48.53],[115.4348,48.5113],[115.4321,48.4876],[115.4721,48.4965],[115.5677,48.5109],[115.6717,48.5248],[115.7741,48.5212],[115.7877,48.5234],[115.8889,48.6291],[116.0702,48.816],[116.034,48.8663],[116.2088,49.1229],[116.3502,49.328],[116.4189,49.4251],[116.5226,49.58],[116.4336,49.6013],[116.3038,49.577],[116.1552,49.5516],[116.0326,49.5225],[115.9516,49.5312],[115.8481,49.5608],[115.7533,49.6065],[115.6542,49.6355],[115.6012,49.65]]]}},{"type":"Feature","properties":{"aimagId":63,"aimagName":"Булган","asCode":6340,"soumId":40,"name":"Хангал","nameEn":"Xangal"},"geometry":{"type":"Polygon","coordinates":[[[104.5373,49.1365],[104.5207,49.1648],[104.5471,49.2001],[104.5503,49.2493],[104.5968,49.2913],[104.5964,49.3132],[104.6072,49.3324],[104.6029,49.3477],[104.6107,49.4259],[104.685,49.4802],[104.6959,49.5216],[104.6951,49.6249],[104.7016,49.6647],[104.6859,49.6698],[104.6394,49.6443],[104.6221,49.6502],[104.6136,49.6439],[104.5601,49.6367],[104.5397,49.617],[104.5277,49.6186],[104.4991,49.6089],[104.4899,49.5887],[104.4585,49.5623],[104.4463,49.5642],[104.4384,49.5545],[104.421,49.5495],[104.4212,49.5427],[104.3937,49.5237],[104.3437,49.5123],[104.3313,49.4983],[104.3129,49.4922],[104.3153,49.4824],[104.2929,49.4684],[104.2693,49.4628],[104.2687,49.4528],[104.2447,49.438],[104.2215,49.4569],[104.2071,49.462],[104.1681,49.46],[104.1485,49.4567],[104.1351,49.4662],[104.0893,49.4564],[104.0887,49.449],[104.1284,49.4212],[104.1629,49.3715],[104.1709,49.3561],[104.1292,49.2956],[104.1078,49.2244],[104.0701,49.1795],[104.0636,49.1572],[104.2344,49.1046],[104.2642,49.0804],[104.2804,49.0873],[104.2746,49.1036],[104.3298,49.1702],[104.3685,49.1669],[104.4748,49.1352],[104.5373,49.1365]]]}},{"type":"Feature","properties":{"aimagId":85,"aimagName":"Увс","asCode":8549,"soumId":49,"name":"Ховд","nameEn":"Xovd"},"geometry":{"type":"Polygon","coordinates":[[[91.2774,49.6429],[91.1838,49.6629],[91.0955,49.6704],[90.9333,49.6887],[90.9031,49.6983],[90.8788,49.7004],[90.7768,49.671],[90.7542,49.6599],[90.7478,49.6458],[90.7158,49.6141],[90.6838,49.6033],[90.6705,49.592],[90.6728,49.5845],[90.6958,49.5689],[90.6959,49.5536],[90.6776,49.5372],[90.658,49.531],[90.6291,49.5286],[90.6091,49.5154],[90.6115,49.4954],[90.6273,49.475],[90.6665,49.4653],[90.6741,49.439],[90.6673,49.4262],[90.6638,49.4132],[90.65,49.4084],[90.6579,49.3995],[90.6519,49.3918],[90.6474,49.3657],[90.664,49.3539],[90.6761,49.3318],[90.691,49.3238],[90.7136,49.3173],[90.7324,49.3067],[90.7851,49.293],[90.8156,49.2896],[90.8205,49.2831],[90.853,49.2706],[90.8811,49.2634],[90.8989,49.2627],[90.9044,49.2469],[90.9004,49.2407],[90.9143,49.2315],[90.9136,49.2111],[90.9278,49.2017],[90.9305,49.1813],[90.9464,49.1752],[90.9504,49.1554],[90.969,49.1446],[90.9792,49.1321],[90.9916,49.1296],[90.9968,49.1144],[91.0096,49.0956],[91.0077,49.0868],[91.0232,49.078],[91.0339,49.0647],[91.0303,49.0554],[91.0486,49.0294],[91.0584,49.0324],[91.07,49.0454],[91.1022,49.0662],[91.1691,49.0955],[91.2998,49.1421],[91.3375,49.1602],[91.3948,49.2055],[91.4074,49.2506],[91.4587,49.3489],[91.4244,49.4327],[91.3907,49.505],[91.3929,49.5146],[91.3841,49.5701],[91.3192,49.5798],[91.2487,49.587],[91.279,49.6179],[91.2774,49.6429]]]}},{"type":"Feature","properties":{"aimagId":67,"aimagName":"Хөвсгөл","asCode":6701,"soumId":1,"name":"Мөрөн","nameEn":"Mo'ron"},"geometry":{"type":"Polygon","coordinates":[[[100.2054,49.5709],[100.2264,49.5922],[100.2051,49.6376],[100.2031,49.6834],[100.1621,49.6844],[100.1103,49.7033],[100.0967,49.6969],[100.0701,49.679],[100.0708,49.6277],[100.0682,49.6187],[100.1044,49.625],[100.1145,49.6184],[100.1294,49.6185],[100.1525,49.6027],[100.1467,49.5871],[100.1799,49.5731],[100.2054,49.5709]]]}},{"type":"Feature","properties":{"aimagId":43,"aimagName":"Сэлэнгэ","asCode":4307,"soumId":7,"name":"Баруунбүрэн","nameEn":"Baruunbu'ren"},"geometry":{"type":"Polygon","coordinates":[[[104.8933,49.7017],[104.8702,49.6958],[104.8483,49.7055],[104.7838,49.6791],[104.7594,49.6733],[104.7348,49.6854],[104.6987,49.6805],[104.6859,49.6698],[104.7016,49.6647],[104.6951,49.6249],[104.6959,49.5216],[104.685,49.4802],[104.6107,49.4259],[104.6029,49.3477],[104.6072,49.3324],[104.5964,49.3132],[104.5968,49.2913],[104.5503,49.2493],[104.5471,49.2001],[104.5207,49.1648],[104.5373,49.1365],[104.5631,49.1258],[104.5833,49.1005],[104.6081,49.0859],[104.6324,49.0599],[104.5353,49.0142],[104.4716,48.9629],[104.41,48.9162],[104.463,48.8859],[104.534,48.8477],[104.6275,48.8981],[104.6795,48.9688],[104.7835,49.0127],[104.8585,49.0312],[104.964,49.0051],[104.9991,49.0355],[105.0459,49.0277],[105.0635,49.0292],[105.0566,49.039],[105.0677,49.044],[105.065,49.069],[105.0675,49.0844],[105.077,49.0886],[105.0875,49.1027],[105.0872,49.1173],[105.1045,49.1149],[105.1274,49.1389],[105.1543,49.1365],[105.1501,49.1518],[105.1323,49.2153],[105.1557,49.2465],[105.1421,49.2674],[105.1305,49.2994],[105.155,49.3186],[105.1546,49.3358],[105.1398,49.3593],[105.1214,49.3804],[105.1226,49.3906],[105.1095,49.4285],[105.1121,49.4405],[105.1442,49.4717],[105.1452,49.4859],[105.157,49.5348],[105.0447,49.5799],[104.9779,49.634],[104.9456,49.6428],[104.9111,49.6675],[104.8933,49.7017]]]}},{"type":"Feature","properties":{"aimagId":21,"aimagName":"Дорнод","asCode":2116,"soumId":16,"name":"Гурванзагал","nameEn":"Gurvanzagal"},"geometry":{"type":"Polygon","coordinates":[[[115.6012,49.65],[115.4854,49.6645],[115.4486,49.6742],[115.4437,49.6873],[115.4443,49.7023],[115.4274,49.7082],[115.3845,49.7099],[115.3724,49.7152],[115.3336,49.7106],[115.3166,49.6927],[115.2723,49.6901],[115.2273,49.6962],[115.2098,49.6942],[115.2059,49.7026],[115.1801,49.7091],[115.1745,49.702],[115.1288,49.6927],[115.122,49.6863],[115.0818,49.6655],[115.052,49.6463],[115.0438,49.6455],[115.0377,49.6072],[114.9419,49.5365],[114.9449,49.5003],[114.9455,49.4302],[114.9049,49.3867],[114.8272,49.3674],[114.7462,49.3259],[114.6428,49.2764],[114.5473,49.2374],[114.5231,49.1893],[114.5116,49.1702],[114.5007,49.1437],[114.4591,49.1307],[114.2808,49.054],[114.2805,49.0138],[114.2768,48.9944],[114.2688,48.8978],[114.3304,48.8758],[114.5026,48.7906],[114.555,48.7765],[114.6017,48.7643],[114.8108,48.7689],[114.8973,48.87],[114.9843,48.9175],[115.0271,48.9295],[115.0865,48.9555],[115.2177,48.9752],[115.3397,49.0554],[115.3538,49.0536],[115.3773,49.0624],[115.3901,49.0721],[115.3884,49.0862],[115.4133,49.1182],[115.4144,49.1268],[115.4337,49.1553],[115.457,49.1826],[115.4507,49.2136],[115.4608,49.2604],[115.4593,49.2788],[115.4705,49.2981],[115.4639,49.3096],[115.4661,49.326],[115.4841,49.3362],[115.4693,49.3526],[115.4712,49.3754],[115.4891,49.3953],[115.4923,49.4211],[115.4936,49.4684],[115.4779,49.4956],[115.5059,49.556],[115.531,49.5675],[115.5429,49.5939],[115.5749,49.6282],[115.5742,49.6475],[115.6012,49.65]]]}},{"type":"Feature","properties":{"aimagId":63,"aimagName":"Булган","asCode":6346,"soumId":46,"name":"Хутаг-Өндөр","nameEn":"Xutag-O'ndor"},"geometry":{"type":"Polygon","coordinates":[[[103.6568,49.6565],[103.4594,49.6765],[103.4003,49.6992],[103.3363,49.7119],[103.2579,49.7069],[103.1035,49.7067],[103.0803,49.7036],[103.0707,49.695],[103.0521,49.6921],[103.0448,49.7043],[103.0263,49.6955],[102.9921,49.702],[102.9858,49.6931],[102.9724,49.697],[102.9508,49.6909],[102.9443,49.6824],[102.9599,49.6789],[102.9479,49.668],[102.9279,49.6762],[102.8375,49.6825],[102.7837,49.7275],[102.7536,49.743],[102.7333,49.7233],[102.7163,49.7149],[102.7074,49.7037],[102.6896,49.66],[102.6637,49.628],[102.648,49.6328],[102.5813,49.6627],[102.4785,49.7074],[102.4805,49.6123],[102.4428,49.5808],[102.4356,49.5453],[102.3782,49.4685],[102.2673,49.4479],[102.2115,49.4442],[102.2148,49.3714],[102.243,49.3363],[102.3253,49.275],[102.3373,49.2517],[102.3899,49.2186],[102.4603,49.2074],[102.5245,49.2033],[102.5494,49.0859],[102.6196,48.9716],[102.6235,48.9396],[102.6609,48.8934],[102.6858,48.8891],[102.7727,48.9029],[102.8706,48.8607],[102.9124,48.8521],[102.954,48.8335],[102.9771,48.9049],[102.988,48.9147],[102.9612,48.9678],[102.9642,48.9984],[102.9781,49.0394],[102.9989,49.0936],[102.9972,49.1326],[103.0091,49.1521],[103.0297,49.1707],[103.036,49.1824],[103.0245,49.215],[103.0325,49.2248],[103.0754,49.2398],[103.0898,49.2556],[103.1055,49.2664],[103.1139,49.289],[103.091,49.3102],[103.0805,49.3278],[103.1121,49.3313],[103.1359,49.3206],[103.1603,49.3216],[103.1734,49.3274],[103.2101,49.3323],[103.2191,49.3272],[103.2184,49.3151],[103.235,49.3093],[103.2596,49.3208],[103.2759,49.3061],[103.2907,49.3059],[103.3169,49.3177],[103.3197,49.3252],[103.3013,49.3352],[103.3189,49.3439],[103.3324,49.342],[103.352,49.3283],[103.3903,49.3251],[103.4072,49.3401],[103.4321,49.3428],[103.4385,49.3484],[103.4562,49.3418],[103.4716,49.3468],[103.4796,49.3419],[103.4972,49.3527],[103.5381,49.3581],[103.5671,49.3658],[103.5765,49.3735],[103.6117,49.3791],[103.6256,49.3872],[103.6267,49.3899],[103.6708,49.4242],[103.7391,49.5233],[103.7182,49.5944],[103.6568,49.6565]]]}},{"type":"Feature","properties":{"aimagId":85,"aimagName":"Увс","asCode":8519,"soumId":19,"name":"Зүүнхангай","nameEn":"Zu'unxangai"},"geometry":{"type":"Polygon","coordinates":[[[95.6694,49.3784],[95.6307,49.4162],[95.6023,49.4362],[95.5554,49.4427],[95.5176,49.4635],[95.4634,49.4957],[95.4598,49.5238],[95.452,49.559],[95.4128,49.6025],[95.3766,49.657],[95.4197,49.7293],[95.428,49.7499],[95.3952,49.7486],[95.3947,49.7382],[95.3832,49.7211],[95.363,49.7109],[95.3333,49.7028],[95.2949,49.6798],[95.2889,49.6596],[95.2095,49.6224],[95.1621,49.5991],[95.0226,49.5707],[95.07,49.5417],[95.1096,49.5137],[95.1171,49.4935],[95.1232,49.4327],[95.0991,49.3473],[95.1361,49.2316],[95.1125,49.1902],[95.1365,49.1432],[95.244,49.01],[95.2102,48.9787],[95.2407,48.8854],[95.2127,48.7701],[95.3142,48.7964],[95.3298,48.851],[95.4198,48.8282],[95.5084,48.8609],[95.524,48.9917],[95.5297,49.0201],[95.5003,49.0646],[95.5376,49.1146],[95.5512,49.1208],[95.5418,49.1435],[95.5436,49.1557],[95.538,49.1725],[95.6558,49.242],[95.6651,49.2517],[95.6771,49.2668],[95.6829,49.2877],[95.6889,49.3567],[95.6694,49.3784]]]}},{"type":"Feature","properties":{"aimagId":67,"aimagName":"Хөвсгөл","asCode":6734,"soumId":34,"name":"Тосонцэнгэл","nameEn":"Tosoncengel"},"geometry":{"type":"Polygon","coordinates":[[[101.0369,49.7333],[100.9936,49.7399],[100.9551,49.7546],[100.8898,49.7613],[100.8864,49.7551],[100.8514,49.725],[100.8257,49.7104],[100.7871,49.7119],[100.7605,49.7022],[100.6838,49.7089],[100.6236,49.7006],[100.5798,49.6804],[100.5748,49.6744],[100.5323,49.6595],[100.5301,49.5933],[100.5365,49.5595],[100.5825,49.5286],[100.6093,49.5078],[100.5857,49.4767],[100.5762,49.4288],[100.6037,49.4182],[100.6056,49.4045],[100.6004,49.3975],[100.6357,49.381],[100.6344,49.3709],[100.6208,49.3493],[100.6462,49.342],[100.6372,49.3278],[100.6806,49.3119],[100.6881,49.2965],[100.6976,49.2881],[100.6809,49.2626],[100.6962,49.2537],[100.7172,49.247],[100.7324,49.2545],[100.7329,49.2724],[100.7646,49.2721],[100.7833,49.2526],[100.8064,49.2543],[100.8283,49.2629],[100.8296,49.2694],[100.8473,49.277],[100.8635,49.2741],[100.9242,49.2909],[100.9632,49.2909],[100.9843,49.3093],[101.0146,49.3097],[101.0163,49.3183],[101.0415,49.3274],[101.0536,49.3263],[101.0837,49.3452],[101.1076,49.3506],[101.1152,49.371],[101.137,49.3876],[101.1392,49.3982],[101.1512,49.398],[101.1601,49.4084],[101.1726,49.4071],[101.2054,49.4139],[101.2404,49.4376],[101.2513,49.5104],[101.2134,49.5438],[101.2462,49.584],[101.2431,49.6268],[101.1821,49.6371],[101.0961,49.6842],[101.0485,49.7043],[101.0369,49.7333]]]}},{"type":"Feature","properties":{"aimagId":67,"aimagName":"Хөвсгөл","asCode":6722,"soumId":22,"name":"Их-Уул","nameEn":"Ix-Uul"},"geometry":{"type":"Polygon","coordinates":[[[101.693,49.7835],[101.6414,49.7864],[101.5645,49.8002],[101.5269,49.7976],[101.5167,49.7712],[101.4724,49.7826],[101.4623,49.7983],[101.4074,49.7904],[101.3789,49.773],[101.3593,49.7306],[101.3015,49.7213],[101.2694,49.7293],[101.2616,49.7354],[101.2599,49.75],[101.2211,49.7526],[101.1771,49.7511],[101.1054,49.7387],[101.0369,49.7333],[101.0485,49.7043],[101.0961,49.6842],[101.1821,49.6371],[101.2431,49.6268],[101.2462,49.584],[101.2134,49.5438],[101.2513,49.5104],[101.2404,49.4376],[101.2054,49.4139],[101.1726,49.4071],[101.1789,49.399],[101.2648,49.3593],[101.3014,49.3588],[101.3199,49.3454],[101.2975,49.3269],[101.3459,49.2932],[101.4037,49.3028],[101.4892,49.3199],[101.5612,49.3027],[101.606,49.321],[101.6323,49.3202],[101.6676,49.3028],[101.6734,49.2115],[101.7765,49.2465],[101.837,49.2623],[101.7835,49.2844],[101.7704,49.326],[101.7753,49.3923],[101.7648,49.432],[101.7543,49.4622],[101.7407,49.4802],[101.7279,49.4824],[101.7141,49.4953],[101.6972,49.5231],[101.7238,49.5388],[101.7147,49.5823],[101.668,49.6637],[101.7025,49.7029],[101.693,49.7835]]]}},{"type":"Feature","properties":{"aimagId":81,"aimagName":"Завхан","asCode":8149,"soumId":49,"name":"Тэс","nameEn":"Tes"},"geometry":{"type":"Polygon","coordinates":[[[95.753,49.4968],[95.7917,49.5355],[95.7489,49.5471],[95.7479,49.5888],[95.8369,49.5711],[95.8154,49.6207],[95.8227,49.6599],[95.8226,49.688],[95.7795,49.674],[95.7718,49.661],[95.7335,49.6582],[95.7238,49.677],[95.7234,49.6885],[95.7317,49.6941],[95.7302,49.7095],[95.718,49.7357],[95.6978,49.7447],[95.6831,49.7374],[95.6356,49.7336],[95.6309,49.7427],[95.6157,49.749],[95.5863,49.7702],[95.5849,49.7897],[95.5794,49.7963],[95.554,49.801],[95.553,49.8093],[95.5254,49.81],[95.5192,49.8164],[95.4889,49.8222],[95.4721,49.8305],[95.4374,49.7909],[95.428,49.7499],[95.4197,49.7293],[95.3766,49.657],[95.4128,49.6025],[95.452,49.559],[95.4598,49.5238],[95.4634,49.4957],[95.5176,49.4635],[95.5554,49.4427],[95.6023,49.4362],[95.6307,49.4162],[95.6694,49.3784],[95.6986,49.3912],[95.753,49.4968]]]}},{"type":"Feature","properties":{"aimagId":85,"aimagName":"Увс","asCode":8552,"soumId":52,"name":"Хяргас","nameEn":"Xyargas"},"geometry":{"type":"Polygon","coordinates":[[[94.2413,49.8343],[94.0775,49.825],[93.9992,49.8236],[93.9777,49.8247],[93.9285,49.8335],[93.8652,49.8382],[93.826,49.8429],[93.7898,49.8402],[93.7662,49.8408],[93.7034,49.8334],[93.6438,49.8396],[93.6245,49.7781],[93.5788,49.694],[93.517,49.6397],[93.5091,49.4508],[93.4458,49.3563],[93.3847,49.2676],[93.413,49.2486],[93.4261,49.2333],[93.4383,49.2085],[93.4541,49.2253],[93.4685,49.2275],[93.5676,49.2203],[93.5786,49.2155],[93.5925,49.1984],[93.6107,49.1931],[93.6262,49.1828],[93.6407,49.1522],[93.66,49.1436],[93.6373,49.175],[93.6241,49.203],[93.6225,49.2131],[93.6302,49.2239],[93.646,49.2247],[93.6954,49.2112],[93.7185,49.1938],[93.7349,49.1854],[93.7522,49.1849],[93.9149,49.2666],[93.9713,49.2919],[94.0125,49.3233],[94.0184,49.3365],[94.0435,49.359],[94.0653,49.3661],[94.0688,49.3819],[94.0795,49.3891],[94.0823,49.4055],[94.0898,49.4142],[94.1236,49.4294],[94.1514,49.4521],[94.2188,49.5855],[94.2374,49.5877],[94.2566,49.5957],[94.2566,49.601],[94.2737,49.6349],[94.2802,49.6401],[94.298,49.6701],[94.3009,49.7058],[94.3166,49.7364],[94.3163,49.7528],[94.2924,49.8036],[94.2674,49.815],[94.2638,49.8217],[94.2413,49.8343]]]}},{"type":"Feature","properties":{"aimagId":67,"aimagName":"Хөвсгөл","asCode":6713,"soumId":13,"name":"Бүрэнтогтох","nameEn":"Bu'rentogtox"},"geometry":{"type":"Polygon","coordinates":[[[100.0422,49.8311],[99.9783,49.8411],[99.9522,49.872],[99.9366,49.8969],[99.8935,49.8924],[99.8428,49.893],[99.8133,49.8813],[99.844,49.841],[99.8591,49.8138],[99.8373,49.7997],[99.8015,49.7664],[99.8127,49.732],[99.8081,49.6841],[99.7601,49.6448],[99.7584,49.633],[99.7269,49.6369],[99.6909,49.6226],[99.6804,49.6279],[99.6538,49.6235],[99.6421,49.6266],[99.611,49.6185],[99.5892,49.6259],[99.5717,49.6276],[99.546,49.635],[99.5326,49.6315],[99.5081,49.6083],[99.4844,49.6122],[99.4392,49.6021],[99.4261,49.5792],[99.3749,49.56],[99.3411,49.5613],[99.318,49.5498],[99.2873,49.5575],[99.2848,49.5698],[99.2761,49.5752],[99.2607,49.5706],[99.2512,49.5621],[99.2307,49.568],[99.216,49.5636],[99.196,49.5675],[99.1937,49.5839],[99.1746,49.5828],[99.1485,49.574],[99.1366,49.5735],[99.1218,49.5408],[99.0697,49.5005],[98.9686,49.4707],[98.9682,49.3989],[98.9438,49.3886],[98.8396,49.3689],[98.8249,49.3597],[98.862,49.3234],[98.8591,49.3019],[98.8484,49.2954],[98.8311,49.3037],[98.8165,49.3029],[98.8015,49.2877],[98.8194,49.2766],[98.8635,49.2789],[98.875,49.2672],[98.8915,49.2575],[98.8838,49.2499],[98.8875,49.2325],[98.9386,49.2361],[98.9798,49.2448],[99.0042,49.2463],[99.0221,49.2347],[99.0461,49.2357],[99.0545,49.2245],[99.0595,49.2073],[99.0456,49.2077],[99.0257,49.2007],[99.0022,49.2021],[98.9898,49.1959],[98.9842,49.1836],[98.9858,49.1694],[99.0081,49.1691],[99.0553,49.1741],[99.0737,49.1723],[99.0986,49.1571],[99.1132,49.1389],[99.1279,49.1314],[99.1436,49.1387],[99.1507,49.1654],[99.1301,49.2131],[99.1179,49.2322],[99.1425,49.2308],[99.1529,49.2224],[99.1803,49.22],[99.1698,49.2024],[99.2057,49.1843],[99.232,49.1743],[99.2788,49.1675],[99.3019,49.1681],[99.3692,49.1803],[99.3919,49.2002],[99.4114,49.1987],[99.4485,49.1863],[99.4734,49.1829],[99.5303,49.1823],[99.5984,49.1949],[99.6121,49.2203],[99.6835,49.2482],[99.6971,49.2447],[99.7488,49.2396],[99.7763,49.2992],[99.7259,49.3268],[99.7463,49.3832],[99.7676,49.413],[99.7691,49.4267],[99.7305,49.4541],[99.7683,49.4801],[99.7939,49.5027],[99.8234,49.4912],[99.9359,49.4872],[99.9757,49.4847],[99.9703,49.4682],[99.9827,49.4557],[100.087,49.4356],[100.1214,49.4272],[100.1485,49.4181],[100.1977,49.4242],[100.2166,49.4307],[100.2942,49.433],[100.3663,49.4484],[100.4275,49.4278],[100.4747,49.4091],[100.4947,49.4107],[100.5257,49.4261],[100.529,49.4357],[100.5214,49.4388],[100.5228,49.4583],[100.4744,49.4585],[100.4552,49.4629],[100.4503,49.4752],[100.415,49.4845],[100.4083,49.4798],[100.3816,49.4855],[100.3599,49.4856],[100.3518,49.4989],[100.3504,49.5154],[100.2967,49.5332],[100.285,49.5398],[100.2555,49.54],[100.2293,49.5581],[100.2054,49.5709],[100.1799,49.5731],[100.1467,49.5871],[100.1525,49.6027],[100.1294,49.6185],[100.1145,49.6184],[100.1044,49.625],[100.0682,49.6187],[100.0708,49.6277],[100.0701,49.679],[100.0967,49.6969],[100.0896,49.7213],[100.0766,49.7447],[100.0754,49.7766],[100.0525,49.7956],[100.0518,49.8155],[100.0422,49.8311]]]}},{"type":"Feature","properties":{"aimagId":45,"aimagName":"Дархан-Уул","asCode":4504,"soumId":4,"name":"Орхон","nameEn":"Orxon"},"geometry":{"type":"Polygon","coordinates":[[[106.2436,49.879],[106.2286,49.8774],[106.2225,49.8925],[106.1974,49.9001],[106.195,49.9067],[106.1491,49.9154],[106.1366,49.9151],[106.1292,49.9052],[106.1535,49.9006],[106.1557,49.8936],[106.1379,49.8779],[106.1429,49.8703],[106.1216,49.8687],[106.1229,49.8535],[106.1088,49.8454],[106.0991,49.8271],[106.0793,49.8248],[106.0659,49.811],[106.0529,49.8083],[106.0649,49.796],[106.0413,49.7933],[106.0335,49.7868],[106.0241,49.763],[106.011,49.7528],[106.0125,49.7448],[105.9983,49.7408],[105.9766,49.7268],[105.9571,49.7244],[105.9517,49.7132],[105.9377,49.7189],[105.9191,49.7144],[105.8941,49.6941],[105.897,49.6871],[105.8867,49.672],[105.8676,49.6762],[105.8676,49.6636],[105.8336,49.6499],[105.8274,49.6361],[105.8335,49.6321],[105.8426,49.6268],[105.8406,49.6053],[105.8587,49.6008],[105.8605,49.5928],[105.8914,49.563],[105.8871,49.5498],[105.9012,49.5337],[105.8948,49.5252],[105.8991,49.5168],[105.9181,49.5331],[105.9687,49.5293],[106.0206,49.5748],[106.0372,49.5956],[106.0411,49.6057],[106.0399,49.6295],[106.0261,49.6488],[106.0472,49.6803],[106.0624,49.6861],[106.16,49.7529],[106.178,49.7617],[106.2273,49.8401],[106.2436,49.879]]]}},{"type":"Feature","properties":{"aimagId":43,"aimagName":"Сэлэнгэ","asCode":4316,"soumId":16,"name":"Жавхлант","nameEn":"Javxlant"},"geometry":{"type":"Polygon","coordinates":[[[106.6172,49.9066],[106.5711,49.9419],[106.4096,49.9546],[106.342,49.9243],[106.2741,49.8974],[106.277,49.8807],[106.2436,49.879],[106.2273,49.8401],[106.178,49.7617],[106.16,49.7529],[106.0624,49.6861],[106.0472,49.6803],[106.0261,49.6488],[106.0667,49.6473],[106.0647,49.6352],[106.0786,49.6222],[106.1075,49.6199],[106.1323,49.606],[106.137,49.5993],[106.1751,49.5995],[106.2234,49.5627],[106.246,49.5615],[106.278,49.5546],[106.294,49.5481],[106.3415,49.5477],[106.3705,49.5391],[106.3829,49.5413],[106.3996,49.5359],[106.4296,49.5204],[106.4553,49.5566],[106.4705,49.5876],[106.5144,49.6588],[106.5201,49.6986],[106.5441,49.7201],[106.5716,49.7331],[106.5958,49.7577],[106.5989,49.7656],[106.5685,49.7806],[106.5714,49.79],[106.5617,49.7995],[106.6008,49.8347],[106.6172,49.9066]]]}},{"type":"Feature","properties":{"aimagId":43,"aimagName":"Сэлэнгэ","asCode":4343,"soumId":43,"name":"Хушаат","nameEn":"Xushaat"},"geometry":{"type":"Polygon","coordinates":[[[105.6019,49.9715],[105.5864,49.9779],[105.5775,49.9689],[105.5568,49.971],[105.5301,49.954],[105.5092,49.9444],[105.4746,49.9186],[105.4382,49.9228],[105.4207,49.907],[105.4278,49.8955],[105.4249,49.8669],[105.4112,49.8506],[105.3921,49.8359],[105.3489,49.8368],[105.3401,49.83],[105.3238,49.8331],[105.3099,49.846],[105.287,49.8396],[105.2693,49.8296],[105.2485,49.8289],[105.2425,49.8219],[105.208,49.8193],[105.1728,49.8079],[105.1735,49.7898],[105.1617,49.779],[105.1593,49.7695],[105.1414,49.7624],[105.1318,49.7531],[105.113,49.7521],[105.0876,49.7553],[105.0632,49.7412],[105.0239,49.7512],[104.9956,49.7478],[104.9565,49.7338],[104.9542,49.7117],[104.9343,49.7052],[104.9118,49.7078],[104.8933,49.7017],[104.9111,49.6675],[104.9456,49.6428],[104.9779,49.634],[105.0447,49.5799],[105.157,49.5348],[105.2861,49.5679],[105.3345,49.6147],[105.4034,49.6349],[105.4618,49.6105],[105.5381,49.6033],[105.5549,49.5296],[105.5522,49.4653],[105.615,49.4641],[105.6348,49.4655],[105.6388,49.4736],[105.6656,49.4834],[105.6595,49.5],[105.651,49.509],[105.6476,49.5267],[105.6607,49.5312],[105.6605,49.5408],[105.6799,49.5407],[105.6822,49.5518],[105.6983,49.5585],[105.7274,49.5587],[105.7179,49.5718],[105.7368,49.5724],[105.7436,49.5805],[105.7636,49.5818],[105.7835,49.5884],[105.7945,49.5967],[105.785,49.6047],[105.8099,49.6162],[105.8335,49.6321],[105.8274,49.6361],[105.8336,49.6499],[105.8676,49.6636],[105.8676,49.6762],[105.8867,49.672],[105.897,49.6871],[105.8941,49.6941],[105.8755,49.7126],[105.8522,49.7559],[105.8225,49.7533],[105.7797,49.8403],[105.7466,49.8842],[105.7234,49.9071],[105.6833,49.9279],[105.6467,49.9412],[105.6305,49.9656],[105.6019,49.9715]]]}},{"type":"Feature","properties":{"aimagId":21,"aimagName":"Дорнод","asCode":2104,"soumId":4,"name":"Баяндун","nameEn":"Bayandun"},"geometry":{"type":"Polygon","coordinates":[[[114.1012,49.0682],[113.9622,49.137],[113.879,49.208],[113.8777,49.2591],[113.8611,49.3222],[113.772,49.4471],[113.7345,49.4965],[113.6262,49.6022],[113.6024,49.6729],[113.5819,49.7295],[113.5748,49.7648],[113.5409,49.826],[113.5754,49.8806],[113.5616,49.9064],[113.5545,49.95],[113.5489,49.9798],[113.4859,49.9723],[113.4738,49.9356],[113.3421,49.8891],[113.2175,49.8368],[113.1596,49.7659],[113.1661,49.7518],[113.1413,49.7402],[113.0802,49.6543],[113.0709,49.6427],[113.0721,49.6314],[113.0622,49.6243],[113.0543,49.6083],[113.0309,49.5948],[112.9838,49.591],[112.9656,49.5821],[112.9468,49.5835],[112.9425,49.5702],[112.9154,49.572],[112.8931,49.5606],[112.8865,49.5515],[112.8548,49.5413],[112.8455,49.5284],[112.8893,49.4716],[112.8981,49.4622],[112.898,49.4258],[112.8045,49.3753],[112.8983,49.3116],[112.987,49.2673],[113.0074,49.2547],[113.0193,49.2362],[113.0151,49.2042],[113.0024,49.1905],[113.0073,49.1775],[113.0048,49.1594],[113.0118,49.1308],[113.019,49.1233],[113.0147,49.1107],[113.016,49.0883],[113.0273,49.0728],[113.0297,49.0309],[113.207,48.9411],[113.2844,48.9377],[113.3802,48.8468],[113.2758,48.8465],[113.6582,48.7899],[113.6676,48.8434],[113.686,48.9047],[113.7941,48.9193],[113.9007,48.9264],[113.975,48.9925],[114.1012,49.0682]]]}},{"type":"Feature","properties":{"aimagId":83,"aimagName":"Баян-Өлгий","asCode":8325,"soumId":25,"name":"Ногооннуур","nameEn":"Nogoonnuur"},"geometry":{"type":"Polygon","coordinates":[[[90.6673,49.4262],[90.5009,49.533],[90.4676,49.5198],[90.4128,49.5538],[90.3983,49.5654],[90.387,49.5882],[90.3524,49.6207],[90.3186,49.6296],[90.2962,49.6381],[90.2821,49.6546],[90.2634,49.6497],[90.2591,49.6609],[90.243,49.6787],[90.2277,49.709],[90.2164,49.7175],[90.2024,49.7353],[90.1766,49.7546],[90.1693,49.7806],[90.1711,49.7915],[90.1628,49.8166],[90.1687,49.8232],[90.1593,49.8379],[90.152,49.8646],[90.1357,49.8785],[90.1292,49.9038],[90.1295,49.9154],[90.1185,49.9208],[90.1154,49.9338],[90.1012,49.9489],[90.0918,49.9709],[90.0832,49.9768],[90.0427,49.984],[90.0311,49.9977],[89.9655,49.9733],[89.9403,49.9698],[89.9272,49.9632],[89.8796,49.9533],[89.8624,49.9597],[89.8205,49.9513],[89.7993,49.9535],[89.7641,49.9479],[89.7324,49.9472],[89.721,49.9433],[89.6844,49.9393],[89.6312,49.9203],[89.596,49.9129],[89.6099,49.9053],[89.6291,49.9051],[89.633,49.8857],[89.6174,49.879],[89.6126,49.8628],[89.6263,49.8542],[89.63,49.845],[89.6517,49.8283],[89.6453,49.8201],[89.6265,49.8188],[89.6296,49.8084],[89.6505,49.7926],[89.6752,49.7829],[89.7138,49.7881],[89.7124,49.7592],[89.7214,49.7501],[89.7132,49.7418],[89.7227,49.7277],[89.6974,49.7215],[89.68,49.7133],[89.6759,49.7032],[89.6285,49.6921],[89.5953,49.6816],[89.5735,49.6793],[89.5531,49.684],[89.5172,49.6773],[89.4956,49.6636],[89.4672,49.6596],[89.4583,49.6646],[89.4442,49.6454],[89.4311,49.6351],[89.4344,49.625],[89.4182,49.6154],[89.4071,49.6204],[89.3818,49.6091],[89.3834,49.5958],[89.3708,49.5928],[89.3606,49.5831],[89.3341,49.5836],[89.3433,49.5932],[89.2851,49.6182],[89.2764,49.63],[89.2566,49.6372],[89.2496,49.645],[89.2343,49.6448],[89.212,49.6361],[89.1883,49.6315],[89.1822,49.6199],[89.1987,49.6054],[89.1893,49.5885],[89.2047,49.572],[89.2261,49.5622],[89.2321,49.5514],[89.215,49.5395],[89.2799,49.5262],[89.2995,49.5026],[89.3243,49.4844],[89.3596,49.4398],[89.3579,49.396],[89.3916,49.3457],[89.4514,49.359],[89.503,49.3832],[89.4805,49.4401],[89.5909,49.4303],[89.6666,49.4198],[89.6841,49.3821],[89.7385,49.3745],[89.7736,49.348],[89.8362,49.317],[89.9089,49.2751],[89.9115,49.2443],[89.9388,49.1974],[89.9464,49.1802],[90.0051,49.162],[90.0119,49.1486],[90.0392,49.1141],[90.0574,49.1264],[90.0703,49.1427],[90.0891,49.1267],[90.1106,49.0999],[90.103,49.0705],[90.2005,49.0673],[90.2032,49.075],[90.222,49.0815],[90.2469,49.0837],[90.2862,49.113],[90.2916,49.1283],[90.3245,49.1276],[90.345,49.1406],[90.3618,49.1368],[90.3646,49.1213],[90.382,49.1031],[90.391,49.0747],[90.4197,49.0706],[90.4196,49.0796],[90.4296,49.0943],[90.4225,49.1086],[90.4333,49.1166],[90.4482,49.1471],[90.4359,49.1509],[90.4264,49.1669],[90.4306,49.1927],[90.4495,49.2186],[90.4688,49.2353],[90.4882,49.235],[90.5144,49.2428],[90.5217,49.2524],[90.5383,49.2567],[90.556,49.2829],[90.5765,49.2932],[90.5973,49.2989],[90.628,49.314],[90.6508,49.314],[90.6621,49.3225],[90.691,49.3238],[90.6761,49.3318],[90.664,49.3539],[90.6474,49.3657],[90.6519,49.3918],[90.6579,49.3995],[90.65,49.4084],[90.6638,49.4132],[90.6673,49.4262]]]}},{"type":"Feature","properties":{"aimagId":67,"aimagName":"Хөвсгөл","asCode":6752,"soumId":52,"name":"Цагаан-Уул","nameEn":"Cagaan-Uul"},"geometry":{"type":"Polygon","coordinates":[[[98.8425,49.9616],[98.8477,49.9727],[98.8279,49.9862],[98.8256,49.9953],[98.8119,50.0033],[98.725,49.995],[98.5659,49.9917],[98.477,50.0174],[98.4757,50.0079],[98.4578,50.0025],[98.4536,49.9833],[98.4367,49.9798],[98.4325,49.9731],[98.4154,49.9703],[98.3995,49.9737],[98.3487,49.965],[98.3374,49.9594],[98.3398,49.9484],[98.3126,49.9421],[98.302,49.9443],[98.2923,49.933],[98.2476,49.9272],[98.223,49.911],[98.1922,49.9094],[98.1865,49.9057],[98.1652,49.9135],[98.1482,49.9148],[98.0669,49.911],[98.0968,49.8313],[98.0252,49.8026],[98.0061,49.7699],[98.0162,49.7407],[98.0106,49.6935],[98.0927,49.6493],[98.1643,49.6399],[98.2031,49.6452],[98.2732,49.6501],[98.2514,49.6274],[98.246,49.6085],[98.2709,49.5867],[98.2775,49.5705],[98.2376,49.5261],[98.225,49.4956],[98.1329,49.4477],[98.0797,49.4684],[98.07,49.4515],[98.073,49.4214],[98.0856,49.4044],[98.084,49.3911],[98.098,49.3801],[98.0957,49.375],[98.015,49.3822],[98.0098,49.353],[98.0298,49.3422],[98.0652,49.3444],[98.0812,49.333],[98.0733,49.3283],[98.0604,49.3102],[98.0705,49.2989],[98.1041,49.2769],[98.1188,49.2778],[98.1343,49.2686],[98.1588,49.2723],[98.1782,49.2849],[98.1959,49.2847],[98.2131,49.2678],[98.2143,49.2557],[98.226,49.2421],[98.2082,49.2305],[98.2168,49.2205],[98.2173,49.2091],[98.2508,49.1843],[98.2539,49.178],[98.2886,49.1748],[98.3268,49.1867],[98.3362,49.1856],[98.3606,49.1936],[98.3821,49.1893],[98.395,49.1951],[98.4124,49.1952],[98.4248,49.2002],[98.4561,49.1912],[98.4701,49.1585],[98.4941,49.1388],[98.5335,49.1341],[98.5546,49.1244],[98.5667,49.1271],[98.6011,49.1257],[98.6182,49.1216],[98.6252,49.096],[98.6088,49.0467],[98.7105,49.0237],[98.7582,49.1104],[98.8682,49.1251],[98.9002,49.1168],[98.916,49.107],[98.9287,49.1065],[98.9612,49.1254],[98.9853,49.1244],[99.0173,49.1273],[99.0363,49.1325],[99.0383,49.1477],[99.0986,49.1571],[99.0737,49.1723],[99.0553,49.1741],[99.0081,49.1691],[98.9858,49.1694],[98.9842,49.1836],[98.9898,49.1959],[99.0022,49.2021],[99.0257,49.2007],[99.0456,49.2077],[99.0595,49.2073],[99.0545,49.2245],[99.0461,49.2357],[99.0221,49.2347],[99.0042,49.2463],[98.9798,49.2448],[98.9386,49.2361],[98.8875,49.2325],[98.8838,49.2499],[98.8915,49.2575],[98.875,49.2672],[98.8635,49.2789],[98.8194,49.2766],[98.8015,49.2877],[98.8165,49.3029],[98.8311,49.3037],[98.8484,49.2954],[98.8591,49.3019],[98.862,49.3234],[98.8249,49.3597],[98.8396,49.3689],[98.9438,49.3886],[98.9682,49.3989],[98.9686,49.4707],[99.0697,49.5005],[99.1218,49.5408],[99.1366,49.5735],[99.1485,49.574],[99.1746,49.5828],[99.1937,49.5839],[99.2108,49.5913],[99.2124,49.6175],[99.2023,49.6258],[99.1968,49.643],[99.2043,49.6536],[99.2058,49.6721],[99.1951,49.6881],[99.1705,49.7028],[99.1586,49.6969],[99.1488,49.706],[99.1253,49.7054],[99.1146,49.7143],[99.0686,49.7128],[99.0456,49.7223],[99.0307,49.7214],[99.0216,49.7283],[99.0055,49.7246],[98.9948,49.7154],[98.9844,49.7182],[98.9848,49.7287],[98.9326,49.7453],[98.9382,49.766],[98.9236,49.7681],[98.9206,49.7837],[98.9324,49.7897],[98.9174,49.7994],[98.9085,49.8113],[98.9076,49.8222],[98.8929,49.824],[98.8831,49.8319],[98.9019,49.8484],[98.8838,49.8574],[98.8904,49.8739],[98.8699,49.8793],[98.8687,49.8856],[98.8363,49.8949],[98.8344,49.906],[98.8235,49.9197],[98.8542,49.9334],[98.848,49.9437],[98.8328,49.9466],[98.8267,49.9557],[98.8425,49.9616]]]}},{"type":"Feature","properties":{"aimagId":43,"aimagName":"Сэлэнгэ","asCode":4340,"soumId":40,"name":"Хүдэр","nameEn":"Xu'der"},"geometry":{"type":"Polygon","coordinates":[[[108.0295,49.6221],[108.035,49.6328],[108.0243,49.6568],[108.0337,49.6704],[108.0021,49.6675],[107.9784,49.6556],[107.9611,49.6527],[107.9435,49.6625],[107.9456,49.6812],[107.9373,49.6976],[107.9431,49.7102],[107.9655,49.7201],[107.9798,49.7355],[107.9715,49.7494],[107.9619,49.7499],[107.9504,49.7787],[107.9877,49.7889],[107.978,49.7978],[107.9809,49.807],[107.9718,49.8128],[107.9533,49.809],[107.9379,49.8168],[107.948,49.8416],[107.9454,49.8528],[107.9256,49.8549],[107.9202,49.865],[107.9277,49.8754],[107.9492,49.8823],[107.9586,49.8993],[107.9744,49.9063],[107.9774,49.9146],[107.9681,49.9385],[107.948,49.9448],[107.918,49.9353],[107.9062,49.9397],[107.8873,49.9338],[107.8559,49.936],[107.85,49.9511],[107.8371,49.9613],[107.8216,49.9562],[107.8119,49.9399],[107.7941,49.9336],[107.7785,49.9482],[107.7582,49.9609],[107.7566,49.9694],[107.7314,49.9806],[107.7076,49.9695],[107.681,49.9645],[107.6672,49.9676],[107.6536,49.9612],[107.6438,49.965],[107.6372,49.9772],[107.5976,49.9698],[107.5405,49.985],[107.5295,49.9762],[107.4929,49.9772],[107.475,49.985],[107.4541,49.9781],[107.4378,49.9825],[107.3992,49.9769],[107.3829,49.9784],[107.3503,49.9997],[107.3238,50.0042],[107.3078,50.0003],[107.3074,49.9944],[107.2773,49.9687],[107.308,49.9288],[107.3078,49.8924],[107.322,49.8462],[107.2157,49.8196],[107.1498,49.7969],[107.1444,49.7691],[107.1546,49.7456],[107.1929,49.7204],[107.1733,49.6756],[107.1733,49.6555],[107.2546,49.5939],[107.3128,49.5755],[107.3784,49.5176],[107.4857,49.5212],[107.5357,49.4747],[107.6646,49.4664],[107.758,49.5052],[107.8509,49.4857],[107.9026,49.5154],[107.936,49.5965],[108.0305,49.6208],[108.0295,49.6221]]]}},{"type":"Feature","properties":{"aimagId":67,"aimagName":"Хөвсгөл","asCode":6758,"soumId":58,"name":"Цэцэрлэг","nameEn":"Cecerleg"},"geometry":{"type":"Polygon","coordinates":[[[98.0665,50.0325],[98.0416,50.0359],[97.9855,50.0228],[97.9776,50.0002],[97.9644,49.9978],[97.9412,49.9787],[97.9111,49.9818],[97.9037,49.9862],[97.8691,49.9725],[97.8659,49.9591],[97.8804,49.9472],[97.8787,49.9413],[97.8987,49.9314],[97.8895,49.9251],[97.8545,49.9176],[97.8478,49.9242],[97.828,49.927],[97.8175,49.9491],[97.7903,49.9585],[97.7948,49.9657],[97.7794,49.9733],[97.7774,49.9817],[97.7881,49.9877],[97.7758,49.9963],[97.7457,49.9856],[97.7331,49.9752],[97.7088,49.9759],[97.7023,49.9657],[97.6875,49.9661],[97.6645,49.9558],[97.6143,49.9428],[97.5787,49.9443],[97.5617,49.9262],[97.5686,49.8994],[97.5861,49.8825],[97.5797,49.859],[97.5621,49.8529],[97.5529,49.8428],[97.538,49.8442],[97.5213,49.8371],[97.51,49.8153],[97.4968,49.8065],[97.4673,49.8038],[97.4166,49.7791],[97.4042,49.7874],[97.3825,49.7787],[97.3589,49.7823],[97.335,49.7671],[97.3356,49.7576],[97.3084,49.7534],[97.25,49.7491],[97.2313,49.7436],[97.2043,49.7539],[97.1798,49.7763],[97.1673,49.777],[97.1323,49.79],[97.1198,49.7921],[97.0776,49.7682],[97.1267,49.7326],[97.0642,49.6847],[97.0441,49.6617],[97.0004,49.624],[96.9602,49.5805],[96.9287,49.5709],[96.8353,49.4703],[96.856,49.3862],[96.8558,49.3852],[96.9762,49.3076],[97.0828,49.2455],[97.1175,49.2133],[97.1416,49.203],[97.2232,49.2016],[97.3068,49.2097],[97.3733,49.193],[97.4067,49.2027],[97.4469,49.2167],[97.5046,49.1921],[97.6318,49.1626],[97.6591,49.1456],[97.7647,49.0964],[97.792,49.0803],[97.8227,49.0529],[97.8697,49.0337],[97.9121,49.0135],[97.9371,49.0074],[98.0219,49.0169],[98.0904,49.0066],[98.1592,49.0384],[98.2232,49.0571],[98.2614,49.0359],[98.3395,49.0447],[98.3991,49.0502],[98.4405,49.04],[98.4516,49.0074],[98.5691,48.9741],[98.6425,49.0043],[98.7105,49.0237],[98.6088,49.0467],[98.6252,49.096],[98.6182,49.1216],[98.6011,49.1257],[98.5667,49.1271],[98.5546,49.1244],[98.5335,49.1341],[98.4941,49.1388],[98.4701,49.1585],[98.4561,49.1912],[98.4248,49.2002],[98.4124,49.1952],[98.395,49.1951],[98.3821,49.1893],[98.3606,49.1936],[98.3362,49.1856],[98.3268,49.1867],[98.2886,49.1748],[98.2539,49.178],[98.2508,49.1843],[98.2173,49.2091],[98.2168,49.2205],[98.2082,49.2305],[98.226,49.2421],[98.2143,49.2557],[98.2131,49.2678],[98.1959,49.2847],[98.1782,49.2849],[98.1588,49.2723],[98.1343,49.2686],[98.1188,49.2778],[98.1041,49.2769],[98.0705,49.2989],[98.0604,49.3102],[98.0733,49.3283],[98.0812,49.333],[98.0652,49.3444],[98.0298,49.3422],[98.0098,49.353],[98.015,49.3822],[98.0957,49.375],[98.098,49.3801],[98.084,49.3911],[98.0856,49.4044],[98.073,49.4214],[98.07,49.4515],[98.0797,49.4684],[98.1329,49.4477],[98.225,49.4956],[98.2376,49.5261],[98.2775,49.5705],[98.2709,49.5867],[98.246,49.6085],[98.2514,49.6274],[98.2732,49.6501],[98.2031,49.6452],[98.1643,49.6399],[98.0927,49.6493],[98.0106,49.6935],[98.0162,49.7407],[98.0061,49.7699],[98.0252,49.8026],[98.0968,49.8313],[98.0669,49.911],[98.0774,49.9575],[98.0655,49.9843],[98.0665,50.0325]]]}},{"type":"Feature","properties":{"aimagId":85,"aimagName":"Увс","asCode":8525,"soumId":25,"name":"Наранбулаг","nameEn":"Naranbulag"},"geometry":{"type":"Polygon","coordinates":[[[92.8558,50.0292],[92.7741,49.9962],[92.7556,49.9961],[92.7119,49.9909],[92.6473,49.9921],[92.6151,49.9912],[92.582,49.9938],[92.5502,50.0017],[92.5152,50.0195],[92.4965,50.0369],[92.4778,49.9855],[92.2643,49.9263],[92.3075,49.8464],[92.2416,49.7777],[92.15,49.6167],[92.0487,49.503],[92.0083,49.476],[92.025,49.47],[92.0053,49.3747],[92.0548,49.3696],[92.1206,49.3745],[92.144,49.3571],[92.1765,49.3234],[92.188,49.2596],[92.222,49.2029],[92.2132,49.1121],[92.3299,49.0982],[92.4515,48.9383],[92.5402,48.8914],[92.5692,48.9212],[92.586,48.9596],[92.6161,48.9865],[92.619,49.0053],[92.6574,49.1038],[92.6497,49.1771],[92.7303,49.2316],[92.7954,49.288],[92.8043,49.2917],[92.8266,49.3126],[92.8476,49.3092],[92.8555,49.3123],[92.8667,49.3275],[92.8842,49.34],[92.8738,49.3502],[92.7617,49.4757],[92.7838,49.4971],[92.8976,49.5696],[92.9545,49.6165],[92.9745,49.6403],[92.9849,49.6612],[92.9729,49.7097],[92.9405,49.8073],[92.9319,49.8869],[92.9188,49.9457],[92.917,49.9957],[92.9028,50.0243],[92.8661,50.0222],[92.8558,50.0292]]]}},{"type":"Feature","properties":{"aimagId":81,"aimagName":"Завхан","asCode":8110,"soumId":10,"name":"Баянтэс","nameEn":"Bayantes"},"geometry":{"type":"Polygon","coordinates":[[[97.1198,49.7921],[97.1305,49.8075],[97.1162,49.8201],[97.0701,49.8232],[97.0434,49.8334],[97.0072,49.8342],[96.9961,49.8672],[97.0005,49.8775],[96.9951,49.8926],[96.9674,49.8948],[96.9587,49.8916],[96.9313,49.8953],[96.8484,49.8963],[96.8198,49.9109],[96.7715,49.9117],[96.7474,49.9073],[96.7325,49.9094],[96.7278,49.9178],[96.71,49.9294],[96.6916,49.9225],[96.6821,49.9112],[96.6651,49.9009],[96.6527,49.8989],[96.6118,49.8806],[96.6033,49.8743],[96.5893,49.8843],[96.5771,49.9121],[96.5502,49.9433],[96.5148,49.9431],[96.5013,49.9256],[96.4749,49.918],[96.4592,49.9075],[96.4629,49.8961],[96.434,49.877],[96.4175,49.8769],[96.3976,49.8845],[96.3828,49.8972],[96.351,49.9055],[96.3403,49.9153],[96.3477,49.9265],[96.3381,49.9413],[96.3245,49.949],[96.3022,49.9446],[96.2949,49.9567],[96.2807,49.9554],[96.259,49.9773],[96.2431,49.9802],[96.2217,49.9774],[96.1977,49.9884],[96.1535,49.99],[96.1322,49.9864],[96.107,49.9891],[96.093,49.9976],[96.0829,50.0099],[96.0512,50.0108],[96.0154,50.0019],[96.0027,49.989],[95.9968,49.9757],[95.968,49.9712],[95.9577,49.9843],[95.9407,49.9893],[95.9357,49.9966],[95.9125,49.998],[95.9064,50.0091],[95.915,50.0231],[95.8594,50.0439],[95.8413,50.0433],[95.8339,50.0372],[95.815,50.0368],[95.7849,50.0286],[95.7613,50.0123],[95.7638,49.9978],[95.7896,49.9834],[95.796,49.964],[95.7499,49.9631],[95.696,49.9596],[95.6659,49.9645],[95.6567,49.9566],[95.6292,49.9563],[95.5722,49.9443],[95.5524,49.91],[95.5323,49.8973],[95.5241,49.9033],[95.4957,49.912],[95.4604,49.894],[95.4474,49.8851],[95.4459,49.8715],[95.4574,49.857],[95.4721,49.8305],[95.4889,49.8222],[95.5192,49.8164],[95.5254,49.81],[95.553,49.8093],[95.554,49.801],[95.5794,49.7963],[95.5849,49.7897],[95.5863,49.7702],[95.6157,49.749],[95.6309,49.7427],[95.6356,49.7336],[95.6831,49.7374],[95.6978,49.7447],[95.718,49.7357],[95.7302,49.7095],[95.7317,49.6941],[95.7234,49.6885],[95.7238,49.677],[95.7335,49.6582],[95.7718,49.661],[95.7795,49.674],[95.8226,49.688],[95.8227,49.6599],[95.8154,49.6207],[95.8369,49.5711],[95.7479,49.5888],[95.7489,49.5471],[95.7917,49.5355],[95.753,49.4968],[95.8826,49.503],[95.9446,49.5091],[96.0455,49.5174],[96.1041,49.5573],[96.1795,49.5252],[96.2451,49.5056],[96.2905,49.5272],[96.5523,49.5274],[96.4964,49.6229],[96.6401,49.638],[96.7687,49.6464],[96.7941,49.6028],[96.8679,49.5727],[96.9287,49.5709],[96.9602,49.5805],[97.0004,49.624],[97.0441,49.6617],[97.0642,49.6847],[97.1267,49.7326],[97.0776,49.7682],[97.1198,49.7921]]]}},{"type":"Feature","properties":{"aimagId":85,"aimagName":"Увс","asCode":8504,"soumId":4,"name":"Баруунтуруун","nameEn":"Baruunturuun"},"geometry":{"type":"Polygon","coordinates":[[[95.4957,49.912],[95.4264,49.9577],[95.3454,49.9588],[95.3026,49.9581],[95.1989,49.9654],[95.082,49.963],[95.0168,49.9806],[94.9966,50.0179],[94.9981,50.0448],[94.9713,50.0436],[94.9009,50.051],[94.8065,50.0545],[94.761,50.055],[94.6751,50.0374],[94.6136,50.0357],[94.5426,50.0044],[94.5476,49.9565],[94.5319,49.9459],[94.5312,49.9334],[94.5192,49.9186],[94.5117,49.859],[94.5043,49.8293],[94.4895,49.8325],[94.4359,49.8336],[94.4173,49.8383],[94.3866,49.8365],[94.3493,49.84],[94.3402,49.8381],[94.3086,49.8493],[94.2658,49.8501],[94.2473,49.8476],[94.2413,49.8343],[94.2638,49.8217],[94.2674,49.815],[94.2924,49.8036],[94.3163,49.7528],[94.3166,49.7364],[94.3009,49.7058],[94.298,49.6701],[94.2802,49.6401],[94.2737,49.6349],[94.3277,49.6011],[94.3505,49.5736],[94.4059,49.55],[94.4335,49.5409],[94.443,49.5459],[94.4663,49.5441],[94.4785,49.5492],[94.4971,49.5352],[94.5007,49.5546],[94.5265,49.5796],[94.538,49.5862],[94.549,49.6232],[94.6131,49.6402],[94.7283,49.6419],[94.8207,49.6358],[94.8481,49.6408],[94.8814,49.6345],[94.9133,49.633],[94.9228,49.6288],[94.958,49.6262],[94.9717,49.6218],[94.9923,49.606],[94.9871,49.5975],[94.9875,49.5796],[95.0114,49.5791],[95.0226,49.5707],[95.1621,49.5991],[95.2095,49.6224],[95.2889,49.6596],[95.2949,49.6798],[95.3333,49.7028],[95.363,49.7109],[95.3832,49.7211],[95.3947,49.7382],[95.3952,49.7486],[95.428,49.7499],[95.4374,49.7909],[95.4721,49.8305],[95.4574,49.857],[95.4459,49.8715],[95.4474,49.8851],[95.4604,49.894],[95.4957,49.912]]]}},{"type":"Feature","properties":{"aimagId":67,"aimagName":"Хөвсгөл","asCode":6731,"soumId":31,"name":"Тариалан","nameEn":"Tarialan"},"geometry":{"type":"Polygon","coordinates":[[[102.1034,50.0205],[102.0229,50.0367],[102.0172,50.0563],[101.9775,50.0458],[101.9375,50.0159],[101.9067,50.0123],[101.8508,49.9709],[101.7537,49.9313],[101.7689,49.8989],[101.7576,49.8949],[101.7282,49.8654],[101.7297,49.8258],[101.693,49.7835],[101.7025,49.7029],[101.668,49.6637],[101.7147,49.5823],[101.7238,49.5388],[101.6972,49.5231],[101.7141,49.4953],[101.7279,49.4824],[101.7407,49.4802],[101.7543,49.4622],[101.7648,49.432],[101.7753,49.3923],[101.7704,49.326],[101.7835,49.2844],[101.837,49.2623],[101.8517,49.2898],[101.8553,49.3113],[101.8905,49.31],[101.9179,49.3216],[101.9633,49.3295],[102.0359,49.4011],[102.1166,49.415],[102.2115,49.4442],[102.2673,49.4479],[102.3782,49.4685],[102.4356,49.5453],[102.4428,49.5808],[102.4805,49.6123],[102.4785,49.7074],[102.5813,49.6627],[102.648,49.6328],[102.6637,49.628],[102.6896,49.66],[102.7074,49.7037],[102.7163,49.7149],[102.7333,49.7233],[102.7536,49.743],[102.7339,49.7443],[102.7101,49.7585],[102.7063,49.7713],[102.6106,49.7779],[102.5364,49.8006],[102.4976,49.8248],[102.3659,49.8452],[102.0999,49.9249],[102.0434,49.9485],[102.0674,49.9956],[102.1034,50.0205]]]}},{"type":"Feature","properties":{"aimagId":67,"aimagName":"Хөвсгөл","asCode":6740,"soumId":40,"name":"Түнэл","nameEn":"Tu'nel"},"geometry":{"type":"Polygon","coordinates":[[[100.6603,50.0615],[100.5876,50.0826],[100.5069,50.1132],[100.4709,50.0986],[100.4619,50.0687],[100.3976,50.0221],[100.3922,49.9797],[100.3434,49.9624],[100.3523,49.9503],[100.3491,49.938],[100.3239,49.9223],[100.2637,49.9042],[100.2525,49.8841],[100.2093,49.8679],[100.1485,49.8721],[100.0913,49.8458],[100.0422,49.8311],[100.0518,49.8155],[100.0525,49.7956],[100.0754,49.7766],[100.0766,49.7447],[100.0896,49.7213],[100.0967,49.6969],[100.1103,49.7033],[100.1621,49.6844],[100.2031,49.6834],[100.2051,49.6376],[100.2264,49.5922],[100.2054,49.5709],[100.2293,49.5581],[100.2555,49.54],[100.285,49.5398],[100.2967,49.5332],[100.3504,49.5154],[100.3518,49.4989],[100.3599,49.4856],[100.3816,49.4855],[100.4083,49.4798],[100.415,49.4845],[100.4503,49.4752],[100.4552,49.4629],[100.4744,49.4585],[100.5228,49.4583],[100.5214,49.4388],[100.529,49.4357],[100.5449,49.4359],[100.5584,49.4267],[100.5762,49.4288],[100.5857,49.4767],[100.6093,49.5078],[100.5825,49.5286],[100.5365,49.5595],[100.5301,49.5933],[100.5323,49.6595],[100.5748,49.6744],[100.5798,49.6804],[100.6236,49.7006],[100.6838,49.7089],[100.7605,49.7022],[100.7871,49.7119],[100.8257,49.7104],[100.8514,49.725],[100.8864,49.7551],[100.8898,49.7613],[100.9551,49.7546],[100.9936,49.7399],[101.0369,49.7333],[101.1054,49.7387],[101.1771,49.7511],[101.2211,49.7526],[101.2599,49.75],[101.2616,49.7354],[101.2694,49.7293],[101.3015,49.7213],[101.3593,49.7306],[101.3789,49.773],[101.2935,49.8081],[101.3379,49.8311],[101.3121,49.8459],[101.3304,49.8899],[101.3035,49.9277],[101.2262,49.9514],[101.2619,49.9883],[101.206,50.0068],[101.1671,50.0159],[101.0879,50.0602],[100.8544,50.0833],[100.8194,50.0743],[100.7163,50.071],[100.6603,50.0615]]]}},{"type":"Feature","properties":{"aimagId":85,"aimagName":"Увс","asCode":8522,"soumId":22,"name":"Малчин","nameEn":"Malchin"},"geometry":{"type":"Polygon","coordinates":[[[93.6438,49.8396],[93.6585,49.8687],[93.6327,49.8824],[93.6248,49.8995],[93.6268,49.9164],[93.6116,49.9356],[93.5781,49.9443],[93.5661,49.9546],[93.54,49.9628],[93.4894,49.9666],[93.4683,49.9743],[93.4375,49.979],[93.3931,49.9961],[93.3784,50.0071],[93.36,50.0439],[93.3459,50.0771],[93.3268,50.1577],[93.2019,50.1446],[93.1294,50.1393],[93.0352,50.142],[93.0171,50.1235],[92.9728,50.0831],[92.9638,50.0729],[92.916,50.0544],[92.8558,50.0292],[92.8661,50.0222],[92.9028,50.0243],[92.917,49.9957],[92.9188,49.9457],[92.9319,49.8869],[92.9405,49.8073],[92.9729,49.7097],[92.9849,49.6612],[92.9745,49.6403],[92.9545,49.6165],[92.8976,49.5696],[92.7838,49.4971],[92.7617,49.4757],[92.8738,49.3502],[92.8842,49.34],[92.8962,49.3394],[92.9159,49.3267],[92.9506,49.3263],[92.9721,49.3159],[93.0108,49.331],[93.0259,49.3222],[93.0245,49.3166],[93.0629,49.311],[93.0866,49.3269],[93.138,49.3382],[93.1481,49.3346],[93.1784,49.3048],[93.2012,49.3026],[93.2233,49.2923],[93.2273,49.3071],[93.2588,49.3098],[93.3197,49.2908],[93.3847,49.2676],[93.4458,49.3563],[93.5091,49.4508],[93.517,49.6397],[93.5788,49.694],[93.6245,49.7781],[93.6438,49.8396]]]}},{"type":"Feature","properties":{"aimagId":43,"aimagName":"Сэлэнгэ","asCode":4349,"soumId":49,"name":"Шаамар","nameEn":"Shaamar"},"geometry":{"type":"Polygon","coordinates":[[[106.4096,49.9546],[106.4357,49.9979],[106.4627,50.0516],[106.4323,50.0799],[106.2943,50.1562],[106.2781,50.1901],[106.2457,50.1824],[106.1929,50.1757],[106.1,50.1633],[106.1034,50.1578],[106.0844,50.1473],[106.0677,50.149],[106.0547,50.1369],[106.0179,50.0682],[106.098,50.0331],[106.0999,50.026],[106.1253,50.0091],[106.1273,49.9965],[106.118,49.9876],[106.1231,49.9763],[106.1142,49.9651],[106.1286,49.9291],[106.138,49.9263],[106.1366,49.9151],[106.1491,49.9154],[106.195,49.9067],[106.1974,49.9001],[106.2225,49.8925],[106.2286,49.8774],[106.2436,49.879],[106.277,49.8807],[106.2741,49.8974],[106.342,49.9243],[106.4096,49.9546]]]}},{"type":"Feature","properties":{"aimagId":85,"aimagName":"Увс","asCode":8540,"soumId":40,"name":"Тариалан","nameEn":"Tarialan"},"geometry":{"type":"Polygon","coordinates":[[[92.4965,50.0369],[92.4889,50.0428],[92.4984,50.0552],[92.4857,50.0672],[92.4726,50.0723],[92.4622,50.0681],[92.4473,50.0816],[92.4286,50.0885],[92.4248,50.0982],[92.3921,50.126],[92.3526,50.1446],[92.3404,50.1756],[92.3226,50.187],[92.2494,50.1422],[92.1304,50.085],[92.0699,50.013],[92.0189,49.9798],[92.0123,49.9931],[91.9489,50.0186],[91.8299,50.0263],[91.7646,49.9925],[91.74,49.9763],[91.6973,49.9638],[91.6832,49.9539],[91.6561,49.9535],[91.5762,49.8619],[91.5613,49.8411],[91.5116,49.8214],[91.4959,49.7836],[91.4146,49.7167],[91.3589,49.6836],[91.2774,49.6429],[91.279,49.6179],[91.2487,49.587],[91.3192,49.5798],[91.3841,49.5701],[91.3929,49.5146],[91.3907,49.505],[91.4244,49.4327],[91.4587,49.3489],[91.5454,49.3285],[91.5999,49.3027],[91.6393,49.3494],[91.7207,49.4421],[91.7446,49.4816],[91.7747,49.4923],[91.8022,49.5099],[91.833,49.5184],[91.8567,49.5064],[91.8865,49.5008],[91.9202,49.4906],[91.9409,49.4915],[91.9725,49.4793],[92.0083,49.476],[92.0487,49.503],[92.15,49.6167],[92.2416,49.7777],[92.3075,49.8464],[92.2643,49.9263],[92.4778,49.9855],[92.4965,50.0369]]]}},{"type":"Feature","properties":{"aimagId":85,"aimagName":"Увс","asCode":8507,"soumId":7,"name":"Бөхмөрөн","nameEn":"Bo'xmoron"},"geometry":{"type":"Polygon","coordinates":[[[90.4499,50.1969],[90.414,50.2006],[90.3826,50.1982],[90.3495,50.1598],[90.3247,50.1549],[90.3169,50.1498],[90.2912,50.1223],[90.2454,50.1092],[90.2215,50.1122],[90.2031,50.1052],[90.1781,50.112],[90.1355,50.1052],[90.0881,50.0935],[90.0247,50.0639],[90,50.0492],[90.0073,50.0426],[90.012,50.0237],[90.0301,50.0087],[90.0311,49.9977],[90.0427,49.984],[90.0832,49.9768],[90.0918,49.9709],[90.1012,49.9489],[90.1154,49.9338],[90.1185,49.9208],[90.1295,49.9154],[90.1292,49.9038],[90.1357,49.8785],[90.152,49.8646],[90.1593,49.8379],[90.1687,49.8232],[90.1628,49.8166],[90.1711,49.7915],[90.1693,49.7806],[90.1766,49.7546],[90.2024,49.7353],[90.2164,49.7175],[90.2277,49.709],[90.243,49.6787],[90.2591,49.6609],[90.2634,49.6497],[90.2821,49.6546],[90.2962,49.6381],[90.3186,49.6296],[90.3524,49.6207],[90.387,49.5882],[90.3983,49.5654],[90.4128,49.5538],[90.4676,49.5198],[90.5009,49.533],[90.6673,49.4262],[90.6741,49.439],[90.6665,49.4653],[90.6273,49.475],[90.6115,49.4954],[90.6091,49.5154],[90.6291,49.5286],[90.658,49.531],[90.6776,49.5372],[90.6959,49.5536],[90.6958,49.5689],[90.6728,49.5845],[90.6705,49.592],[90.6838,49.6033],[90.7158,49.6141],[90.7478,49.6458],[90.7542,49.6599],[90.7768,49.671],[90.8788,49.7004],[90.9031,49.6983],[90.9333,49.6887],[91.0955,49.6704],[91.1838,49.6629],[91.2774,49.6429],[91.3589,49.6836],[91.4146,49.7167],[91.4959,49.7836],[91.2991,49.824],[91.2141,49.8154],[91.1283,49.8533],[91.0473,49.9078],[90.9171,49.9656],[90.8664,49.9704],[90.6198,50.0335],[90.5767,50.0975],[90.4499,50.1969]]]}},{"type":"Feature","properties":{"aimagId":21,"aimagName":"Дорнод","asCode":2140,"soumId":40,"name":"Чулуунхороот","nameEn":"Chuluunxoroot"},"geometry":{"type":"Polygon","coordinates":[[[116.5226,49.58],[116.6001,49.6963],[116.7137,49.8457],[116.6255,49.9356],[116.5634,49.9455],[116.4849,49.9626],[116.3991,49.9871],[116.3404,49.9991],[116.2374,50.0364],[116.1805,50.0287],[116.1268,50.0236],[116.0689,50.0106],[116.0529,50.0016],[115.9766,49.9703],[115.9462,49.9616],[115.83,49.921],[115.8148,49.9107],[115.7637,49.8915],[115.744,49.886],[115.6738,49.8858],[115.6269,49.8999],[115.5871,49.9068],[115.5406,49.905],[115.3241,49.9526],[115.2809,49.9658],[115.2199,49.9937],[115.1766,50.0195],[115.1307,50.0561],[115.1087,50.07],[115.0798,50.0835],[115.067,50.094],[115.0706,50.1034],[115.0379,50.1381],[114.9905,50.1735],[114.9697,50.1815],[114.889,50.2053],[114.8359,50.2244],[114.7778,50.23],[114.7578,50.234],[114.7341,50.1478],[114.5848,50.0725],[114.4348,49.9797],[114.453,49.9517],[114.4677,49.9495],[114.4682,49.9403],[114.5091,49.9159],[114.5168,49.9033],[114.536,49.8917],[114.5446,49.8767],[114.5461,49.8557],[114.5535,49.8513],[114.5552,49.8375],[114.5826,49.8049],[114.583,49.7965],[114.6013,49.7874],[114.6144,49.789],[114.6416,49.783],[114.642,49.7769],[114.6623,49.7708],[114.6891,49.7478],[114.6862,49.7352],[114.722,49.7157],[114.7518,49.7104],[114.792,49.6741],[114.7772,49.6595],[114.8103,49.6584],[114.8275,49.6537],[114.8707,49.6352],[114.8978,49.6368],[114.9152,49.6449],[114.9411,49.6408],[114.9513,49.6437],[114.9746,49.6406],[114.9842,49.6495],[115.0086,49.6472],[115.0157,49.6426],[115.0375,49.6411],[115.0438,49.6455],[115.052,49.6463],[115.0818,49.6655],[115.122,49.6863],[115.1288,49.6927],[115.1745,49.702],[115.1801,49.7091],[115.2059,49.7026],[115.2098,49.6942],[115.2273,49.6962],[115.2723,49.6901],[115.3166,49.6927],[115.3336,49.7106],[115.3724,49.7152],[115.3845,49.7099],[115.4274,49.7082],[115.4443,49.7023],[115.4437,49.6873],[115.4486,49.6742],[115.4854,49.6645],[115.6012,49.65],[115.6542,49.6355],[115.7533,49.6065],[115.8481,49.5608],[115.9516,49.5312],[116.0326,49.5225],[116.1552,49.5516],[116.3038,49.577],[116.4336,49.6013],[116.5226,49.58]]]}},{"type":"Feature","properties":{"aimagId":43,"aimagName":"Сэлэнгэ","asCode":4319,"soumId":19,"name":"Зүүнбүрэн","nameEn":"Zu'unburen"},"geometry":{"type":"Polygon","coordinates":[[[106.1383,50.2482],[106.1081,50.2444],[106.1011,50.2265],[106.0778,50.2157],[106.0527,50.2076],[106.0399,50.1992],[106.0162,50.1675],[105.9994,50.164],[105.9723,50.1505],[105.953,50.145],[105.8903,50.1502],[105.8685,50.148],[105.8554,50.137],[105.8426,50.1359],[105.8378,50.1256],[105.8203,50.1226],[105.8058,50.1049],[105.7867,50.1064],[105.7776,50.0992],[105.7845,50.0915],[105.7774,50.0839],[105.7755,50.0632],[105.7828,50.0598],[105.7783,50.0415],[105.7584,50.0376],[105.7609,50.0303],[105.7512,50.0213],[105.7312,50.0208],[105.713,50.0107],[105.6892,50.0075],[105.6738,49.9943],[105.6489,49.9933],[105.6389,49.9844],[105.6019,49.9715],[105.6305,49.9656],[105.6467,49.9412],[105.6833,49.9279],[105.7234,49.9071],[105.7466,49.8842],[105.7797,49.8403],[105.8225,49.7533],[105.8522,49.7559],[105.8755,49.7126],[105.8941,49.6941],[105.9191,49.7144],[105.9377,49.7189],[105.9517,49.7132],[105.9571,49.7244],[105.9766,49.7268],[105.9983,49.7408],[106.0125,49.7448],[106.011,49.7528],[106.0241,49.763],[106.0335,49.7868],[106.0413,49.7933],[106.0649,49.796],[106.0529,49.8083],[106.0659,49.811],[106.0793,49.8248],[106.0991,49.8271],[106.1088,49.8454],[106.1229,49.8535],[106.1216,49.8687],[106.1429,49.8703],[106.1379,49.8779],[106.1557,49.8936],[106.1535,49.9006],[106.1292,49.9052],[106.1366,49.9151],[106.138,49.9263],[106.1286,49.9291],[106.1142,49.9651],[106.1231,49.9763],[106.118,49.9876],[106.1273,49.9965],[106.1253,50.0091],[106.0999,50.026],[106.098,50.0331],[106.0179,50.0682],[106.0547,50.1369],[106.0677,50.149],[106.0844,50.1473],[106.1034,50.1578],[106.1,50.1633],[106.1929,50.1757],[106.1967,50.2027],[106.1827,50.2099],[106.1784,50.2216],[106.1992,50.2294],[106.185,50.2386],[106.165,50.2406],[106.1383,50.2482]]]}},{"type":"Feature","properties":{"aimagId":43,"aimagName":"Сэлэнгэ","asCode":4301,"soumId":1,"name":"Сүхбаатар","nameEn":"Su'xbaatar"},"geometry":{"type":"Polygon","coordinates":[[[106.2781,50.1901],[106.2686,50.2103],[106.2609,50.2484],[106.2183,50.2508],[106.187,50.2604],[106.1443,50.2608],[106.1383,50.2482],[106.165,50.2406],[106.185,50.2386],[106.1992,50.2294],[106.1784,50.2216],[106.1827,50.2099],[106.1967,50.2027],[106.1929,50.1757],[106.2457,50.1824],[106.2781,50.1901]]]}},{"type":"Feature","properties":{"aimagId":85,"aimagName":"Увс","asCode":8543,"soumId":43,"name":"Түргэн","nameEn":"Tu'rgen"},"geometry":{"type":"Polygon","coordinates":[[[91.9489,50.0186],[92.0686,50.1856],[92.0077,50.2506],[91.9891,50.2722],[91.8441,50.2324],[91.8028,50.2194],[91.7311,50.2052],[91.6342,50.1872],[91.539,50.1732],[91.5027,50.1765],[91.4576,50.1782],[91.4569,50.1731],[91.4292,50.1585],[91.3662,50.1421],[91.3454,50.1289],[91.3036,50.1197],[91.2844,50.123],[91.2489,50.1194],[91.243,50.1162],[91.2116,50.0846],[91.1701,50.0637],[91.0862,50.0423],[91.055,50.0135],[91.0207,49.9874],[90.953,49.9811],[90.9171,49.9656],[91.0473,49.9078],[91.1283,49.8533],[91.2141,49.8154],[91.2991,49.824],[91.4959,49.7836],[91.5116,49.8214],[91.5613,49.8411],[91.5762,49.8619],[91.6561,49.9535],[91.6832,49.9539],[91.6973,49.9638],[91.74,49.9763],[91.7646,49.9925],[91.8299,50.0263],[91.9489,50.0186]]]}},{"type":"Feature","properties":{"aimagId":43,"aimagName":"Сэлэнгэ","asCode":4346,"soumId":46,"name":"Цагааннуур","nameEn":"Cagaannuur"},"geometry":{"type":"Polygon","coordinates":[[[106.1383,50.2482],[106.0446,50.2897],[105.8938,50.2845],[105.8659,50.2579],[105.7804,50.2651],[105.6643,50.2781],[105.5809,50.2679],[105.4148,50.2803],[105.3628,50.2768],[105.2158,50.2409],[105.2056,50.2323],[105.1495,50.1716],[105.0621,50.1646],[104.8751,50.1308],[104.8122,50.1075],[104.767,50.0882],[104.7206,50.0514],[104.6689,50.0392],[104.6554,50.0313],[104.5321,50.0098],[104.5322,49.9554],[104.5253,49.8773],[104.6898,49.775],[104.7556,49.7375],[104.7818,49.6961],[104.7838,49.6791],[104.8483,49.7055],[104.8702,49.6958],[104.8933,49.7017],[104.9118,49.7078],[104.9343,49.7052],[104.9542,49.7117],[104.9565,49.7338],[104.9956,49.7478],[105.0239,49.7512],[105.0632,49.7412],[105.0876,49.7553],[105.113,49.7521],[105.1318,49.7531],[105.1414,49.7624],[105.1593,49.7695],[105.1617,49.779],[105.1735,49.7898],[105.1728,49.8079],[105.208,49.8193],[105.2425,49.8219],[105.2485,49.8289],[105.2693,49.8296],[105.287,49.8396],[105.3099,49.846],[105.3238,49.8331],[105.3401,49.83],[105.3489,49.8368],[105.3921,49.8359],[105.4112,49.8506],[105.4249,49.8669],[105.4278,49.8955],[105.4207,49.907],[105.4382,49.9228],[105.4746,49.9186],[105.5092,49.9444],[105.5301,49.954],[105.5568,49.971],[105.5775,49.9689],[105.5864,49.9779],[105.6019,49.9715],[105.6389,49.9844],[105.6489,49.9933],[105.6738,49.9943],[105.6892,50.0075],[105.713,50.0107],[105.7312,50.0208],[105.7512,50.0213],[105.7609,50.0303],[105.7584,50.0376],[105.7783,50.0415],[105.7828,50.0598],[105.7755,50.0632],[105.7774,50.0839],[105.7845,50.0915],[105.7776,50.0992],[105.7867,50.1064],[105.8058,50.1049],[105.8203,50.1226],[105.8378,50.1256],[105.8426,50.1359],[105.8554,50.137],[105.8685,50.148],[105.8903,50.1502],[105.953,50.145],[105.9723,50.1505],[105.9994,50.164],[106.0162,50.1675],[106.0399,50.1992],[106.0527,50.2076],[106.0778,50.2157],[106.1011,50.2265],[106.1081,50.2444],[106.1383,50.2482]]]}},{"type":"Feature","properties":{"aimagId":63,"aimagName":"Булган","asCode":6334,"soumId":34,"name":"Сэлэнгэ","nameEn":"Selenge"},"geometry":{"type":"Polygon","coordinates":[[[104.4264,50.3076],[104.3926,50.3121],[104.3813,50.2965],[104.3738,50.2755],[104.3653,50.2647],[104.3385,50.2438],[104.3037,50.2449],[104.2924,50.2415],[104.2737,50.2215],[104.2798,50.2083],[104.2402,50.1853],[104.2241,50.1879],[104.1966,50.1758],[104.1715,50.1574],[104.147,50.1481],[104.1356,50.139],[104.1211,50.1449],[104.1082,50.1406],[104.0878,50.1415],[104.0567,50.1513],[104.0482,50.1465],[103.9983,50.1505],[103.9897,50.158],[103.9768,50.1564],[104.0037,49.9444],[104.0293,49.7734],[103.886,49.6967],[103.7875,49.6903],[103.686,49.6852],[103.6568,49.6565],[103.7182,49.5944],[103.7391,49.5233],[103.6708,49.4242],[103.6267,49.3899],[103.6256,49.3872],[103.6274,49.3704],[103.6992,49.3578],[103.7463,49.3329],[103.7369,49.3226],[103.7866,49.2432],[103.8367,49.2166],[103.8707,49.1566],[103.951,49.1229],[104.0296,49.1042],[104.0636,49.1572],[104.0701,49.1795],[104.1078,49.2244],[104.1292,49.2956],[104.1709,49.3561],[104.1629,49.3715],[104.1284,49.4212],[104.0887,49.449],[104.0893,49.4564],[104.1351,49.4662],[104.1485,49.4567],[104.1681,49.46],[104.2071,49.462],[104.2215,49.4569],[104.2447,49.438],[104.2687,49.4528],[104.2693,49.4628],[104.2929,49.4684],[104.3153,49.4824],[104.3129,49.4922],[104.3313,49.4983],[104.3437,49.5123],[104.3937,49.5237],[104.4212,49.5427],[104.421,49.5495],[104.4384,49.5545],[104.4463,49.5642],[104.4585,49.5623],[104.4899,49.5887],[104.4991,49.6089],[104.5277,49.6186],[104.5397,49.617],[104.5601,49.6367],[104.6136,49.6439],[104.6221,49.6502],[104.6394,49.6443],[104.6859,49.6698],[104.6987,49.6805],[104.7348,49.6854],[104.7594,49.6733],[104.7838,49.6791],[104.7818,49.6961],[104.7556,49.7375],[104.6898,49.775],[104.5253,49.8773],[104.5322,49.9554],[104.5321,50.0098],[104.5806,50.0955],[104.5833,50.1082],[104.5662,50.127],[104.5632,50.1398],[104.5771,50.1473],[104.5763,50.154],[104.5459,50.1672],[104.5196,50.193],[104.4972,50.2002],[104.4803,50.237],[104.4544,50.2736],[104.4264,50.3076]]]}},{"type":"Feature","properties":{"aimagId":21,"aimagName":"Дорнод","asCode":2119,"soumId":19,"name":"Дашбалбар","nameEn":"Dashbalbar"},"geometry":{"type":"Polygon","coordinates":[[[114.7578,50.234],[114.6579,50.2499],[114.6273,50.2473],[114.5437,50.2335],[114.5217,50.2312],[114.4704,50.238],[114.4243,50.2504],[114.3736,50.2689],[114.3379,50.2856],[114.2639,50.2686],[114.1807,50.2474],[114.1205,50.2179],[114.086,50.2027],[113.9706,50.1492],[113.89,50.1087],[113.8327,50.1032],[113.7409,50.0722],[113.6441,49.9902],[113.5489,49.9798],[113.5545,49.95],[113.5616,49.9064],[113.5754,49.8806],[113.5409,49.826],[113.5748,49.7648],[113.5819,49.7295],[113.6024,49.6729],[113.6262,49.6022],[113.7345,49.4965],[113.772,49.4471],[113.8611,49.3222],[113.8777,49.2591],[113.879,49.208],[113.9622,49.137],[114.1012,49.0682],[114.1907,49.0791],[114.2808,49.054],[114.4591,49.1307],[114.5007,49.1437],[114.5116,49.1702],[114.5231,49.1893],[114.5473,49.2374],[114.6428,49.2764],[114.7462,49.3259],[114.8272,49.3674],[114.9049,49.3867],[114.9455,49.4302],[114.9449,49.5003],[114.9419,49.5365],[115.0377,49.6072],[115.0438,49.6455],[115.0375,49.6411],[115.0157,49.6426],[115.0086,49.6472],[114.9842,49.6495],[114.9746,49.6406],[114.9513,49.6437],[114.9411,49.6408],[114.9152,49.6449],[114.8978,49.6368],[114.8707,49.6352],[114.8275,49.6537],[114.8103,49.6584],[114.7772,49.6595],[114.792,49.6741],[114.7518,49.7104],[114.722,49.7157],[114.6862,49.7352],[114.6891,49.7478],[114.6623,49.7708],[114.642,49.7769],[114.6416,49.783],[114.6144,49.789],[114.6013,49.7874],[114.583,49.7965],[114.5826,49.8049],[114.5552,49.8375],[114.5535,49.8513],[114.5461,49.8557],[114.5446,49.8767],[114.536,49.8917],[114.5168,49.9033],[114.5091,49.9159],[114.4682,49.9403],[114.4677,49.9495],[114.453,49.9517],[114.4348,49.9797],[114.5848,50.0725],[114.7341,50.1478],[114.7578,50.234]]]}},{"type":"Feature","properties":{"aimagId":43,"aimagName":"Сэлэнгэ","asCode":4304,"soumId":4,"name":"Алтанбулаг","nameEn":"Altanbulag"},"geometry":{"type":"Polygon","coordinates":[[[107.3078,50.0003],[107.2798,50.0008],[107.2699,49.9898],[107.2548,49.989],[107.2473,49.9964],[107.213,49.999],[107.2068,50.0064],[107.1678,50.0139],[107.1629,50.023],[107.1502,50.0258],[107.1464,50.0346],[107.1533,50.0429],[107.1316,50.0503],[107.1194,50.0473],[107.0996,50.0499],[107.0791,50.0625],[107.0499,50.0976],[107.0501,50.113],[107.0385,50.1305],[107.0297,50.1319],[106.9994,50.1606],[107.0112,50.1651],[106.9966,50.1855],[107.0133,50.1916],[107.0126,50.1993],[106.9797,50.2091],[106.876,50.263],[106.8159,50.2984],[106.7888,50.3055],[106.7322,50.3166],[106.7316,50.3136],[106.5918,50.3387],[106.5725,50.3315],[106.5544,50.3361],[106.5448,50.3434],[106.514,50.3449],[106.4974,50.3239],[106.4476,50.315],[106.3933,50.3202],[106.295,50.3016],[106.2614,50.2984],[106.2309,50.3165],[106.2098,50.3194],[106.2028,50.3291],[106.1831,50.3399],[106.1047,50.3364],[106.0928,50.3344],[106.1194,50.313],[106.1327,50.3137],[106.1388,50.2951],[106.1303,50.2814],[106.1412,50.2708],[106.1383,50.2482],[106.1443,50.2608],[106.187,50.2604],[106.2183,50.2508],[106.2609,50.2484],[106.2686,50.2103],[106.2781,50.1901],[106.2943,50.1562],[106.4323,50.0799],[106.4627,50.0516],[106.4357,49.9979],[106.4096,49.9546],[106.5711,49.9419],[106.6172,49.9066],[106.6605,49.9863],[106.6858,49.9823],[106.793,49.9464],[106.9192,49.9255],[107.0317,49.8857],[107.0469,49.8423],[107.1179,49.8424],[107.1498,49.7969],[107.2157,49.8196],[107.322,49.8462],[107.3078,49.8924],[107.308,49.9288],[107.2773,49.9687],[107.3074,49.9944],[107.3078,50.0003]]]}},{"type":"Feature","properties":{"aimagId":67,"aimagName":"Хөвсгөл","asCode":6707,"soumId":7,"name":"Арбулаг","nameEn":"Arbulag"},"geometry":{"type":"Polygon","coordinates":[[[99.5214,50.3304],[99.4956,50.3306],[99.4529,50.3118],[99.4392,50.3184],[99.4195,50.3388],[99.3958,50.3264],[99.3875,50.3427],[99.3227,50.3734],[99.3122,50.3669],[99.3392,50.3434],[99.3462,50.3295],[99.3432,50.3187],[99.3189,50.3088],[99.3083,50.3093],[99.2834,50.3003],[99.2695,50.2889],[99.2393,50.2806],[99.3097,50.2597],[99.3025,50.212],[99.2722,50.1762],[99.2418,50.1546],[99.2079,50.1187],[99.1423,50.1223],[99.1514,50.117],[99.1623,50.1014],[99.17,50.0719],[99.1785,50.055],[99.1707,50.0418],[99.1485,50.0273],[99.137,50.0142],[99.0722,49.9795],[99.0538,49.9798],[99.0316,49.9727],[98.9848,49.9749],[98.9325,49.9374],[98.9157,49.947],[98.8929,49.9541],[98.8468,49.959],[98.8425,49.9616],[98.8267,49.9557],[98.8328,49.9466],[98.848,49.9437],[98.8542,49.9334],[98.8235,49.9197],[98.8344,49.906],[98.8363,49.8949],[98.8687,49.8856],[98.8699,49.8793],[98.8904,49.8739],[98.8838,49.8574],[98.9019,49.8484],[98.8831,49.8319],[98.8929,49.824],[98.9076,49.8222],[98.9085,49.8113],[98.9174,49.7994],[98.9324,49.7897],[98.9206,49.7837],[98.9236,49.7681],[98.9382,49.766],[98.9326,49.7453],[98.9848,49.7287],[98.9844,49.7182],[98.9948,49.7154],[99.0055,49.7246],[99.0216,49.7283],[99.0307,49.7214],[99.0456,49.7223],[99.0686,49.7128],[99.1146,49.7143],[99.1253,49.7054],[99.1488,49.706],[99.1586,49.6969],[99.1705,49.7028],[99.1951,49.6881],[99.2058,49.6721],[99.2043,49.6536],[99.1968,49.643],[99.2023,49.6258],[99.2124,49.6175],[99.2108,49.5913],[99.1937,49.5839],[99.196,49.5675],[99.216,49.5636],[99.2307,49.568],[99.2512,49.5621],[99.2607,49.5706],[99.2761,49.5752],[99.2848,49.5698],[99.2873,49.5575],[99.318,49.5498],[99.3411,49.5613],[99.3749,49.56],[99.4261,49.5792],[99.4392,49.6021],[99.4844,49.6122],[99.5081,49.6083],[99.5326,49.6315],[99.546,49.635],[99.5717,49.6276],[99.5892,49.6259],[99.611,49.6185],[99.6421,49.6266],[99.6538,49.6235],[99.6804,49.6279],[99.6909,49.6226],[99.7269,49.6369],[99.7584,49.633],[99.7601,49.6448],[99.8081,49.6841],[99.8127,49.732],[99.8015,49.7664],[99.8373,49.7997],[99.8591,49.8138],[99.844,49.841],[99.8133,49.8813],[99.7831,49.936],[99.7696,49.9755],[99.73,49.9861],[99.6654,50.0973],[99.6603,50.1171],[99.6333,50.1577],[99.6107,50.185],[99.5706,50.2041],[99.5604,50.2154],[99.5288,50.2285],[99.5222,50.2483],[99.5045,50.2848],[99.5049,50.3117],[99.5214,50.3304]]]}},{"type":"Feature","properties":{"aimagId":85,"aimagName":"Увс","asCode":8516,"soumId":16,"name":"Зүүнговь","nameEn":"Zu'ungovi"},"geometry":{"type":"Polygon","coordinates":[[[94.6136,50.0357],[94.6094,50.0584],[94.5995,50.074],[94.5821,50.0901],[94.5716,50.0934],[94.5392,50.121],[94.526,50.138],[94.5218,50.1726],[94.5023,50.178],[94.4751,50.1922],[94.4473,50.1891],[94.4228,50.1919],[94.3879,50.2138],[94.3834,50.2398],[94.3843,50.2534],[94.3581,50.4047],[94.2226,50.4011],[94.1699,50.2764],[94.1511,50.259],[94.0844,50.2769],[94.05,50.2803],[94.0321,50.2774],[94.0014,50.2931],[93.9628,50.3081],[93.9271,50.3314],[93.8959,50.3346],[93.8705,50.3318],[93.8381,50.3417],[93.8135,50.3409],[93.7941,50.3344],[93.6889,50.3152],[93.6084,50.2917],[93.532,50.2568],[93.3268,50.1577],[93.3459,50.0771],[93.36,50.0439],[93.3784,50.0071],[93.3931,49.9961],[93.4375,49.979],[93.4683,49.9743],[93.4894,49.9666],[93.54,49.9628],[93.5661,49.9546],[93.5781,49.9443],[93.6116,49.9356],[93.6268,49.9164],[93.6248,49.8995],[93.6327,49.8824],[93.6585,49.8687],[93.6438,49.8396],[93.7034,49.8334],[93.7662,49.8408],[93.7898,49.8402],[93.826,49.8429],[93.8652,49.8382],[93.9285,49.8335],[93.9777,49.8247],[93.9992,49.8236],[94.0775,49.825],[94.2413,49.8343],[94.2473,49.8476],[94.2658,49.8501],[94.3086,49.8493],[94.3402,49.8381],[94.3493,49.84],[94.3866,49.8365],[94.4173,49.8383],[94.4359,49.8336],[94.4895,49.8325],[94.5043,49.8293],[94.5117,49.859],[94.5192,49.9186],[94.5312,49.9334],[94.5319,49.9459],[94.5476,49.9565],[94.5426,50.0044],[94.6136,50.0357]]]}},{"type":"Feature","properties":{"aimagId":63,"aimagName":"Булган","asCode":6337,"soumId":37,"name":"Тэшиг","nameEn":"Teshig"},"geometry":{"type":"Polygon","coordinates":[[[103.9768,50.1564],[103.974,50.1655],[103.9529,50.1669],[103.9458,50.1799],[103.9314,50.1773],[103.9018,50.1827],[103.8821,50.1795],[103.8798,50.1904],[103.8598,50.1896],[103.8468,50.1978],[103.8375,50.1849],[103.8248,50.1761],[103.8223,50.1677],[103.7994,50.1537],[103.7782,50.1647],[103.7516,50.164],[103.7364,50.1572],[103.7255,50.1281],[103.7086,50.1287],[103.6843,50.1431],[103.6532,50.1422],[103.6359,50.1502],[103.6172,50.1466],[103.6026,50.1652],[103.5786,50.1691],[103.5574,50.1629],[103.5298,50.1813],[103.5231,50.193],[103.4842,50.1981],[103.4647,50.2064],[103.4438,50.2044],[103.4336,50.2102],[103.4095,50.2118],[103.3529,50.2032],[103.32,50.1898],[103.2937,50.1859],[103.2564,50.1931],[103.257,50.2103],[103.2761,50.2221],[103.2748,50.2333],[103.2533,50.2461],[103.2497,50.2561],[103.2687,50.2644],[103.2766,50.2848],[103.2659,50.2907],[103.2646,50.3007],[103.2488,50.3028],[103.2395,50.3213],[103.2187,50.3216],[103.2133,50.3295],[103.1776,50.3333],[103.1724,50.3168],[103.1538,50.3153],[103.1442,50.3059],[103.1047,50.3186],[103.0723,50.3186],[103.0446,50.3134],[103.0261,50.3066],[103.0099,50.3088],[102.9901,50.3043],[102.942,50.3057],[102.9257,50.3093],[102.892,50.3306],[102.8709,50.3278],[102.8571,50.3367],[102.8479,50.3322],[102.8316,50.3442],[102.8282,50.3554],[102.7923,50.3651],[102.7536,50.3872],[102.7507,50.4004],[102.727,50.4083],[102.6982,50.3944],[102.6808,50.3944],[102.6485,50.4016],[102.6429,50.4133],[102.6252,50.4336],[102.5362,50.3883],[102.4772,50.3524],[102.4284,50.3292],[102.3987,50.3082],[102.3648,50.2877],[102.3605,50.2189],[102.336,50.1987],[102.2118,50.1476],[102.1657,50.0848],[102.1034,50.0205],[102.0674,49.9956],[102.0434,49.9485],[102.0999,49.9249],[102.3659,49.8452],[102.4976,49.8248],[102.5364,49.8006],[102.6106,49.7779],[102.7063,49.7713],[102.7101,49.7585],[102.7339,49.7443],[102.7536,49.743],[102.7837,49.7275],[102.8375,49.6825],[102.9279,49.6762],[102.9479,49.668],[102.9599,49.6789],[102.9443,49.6824],[102.9508,49.6909],[102.9724,49.697],[102.9858,49.6931],[102.9921,49.702],[103.0263,49.6955],[103.0448,49.7043],[103.0521,49.6921],[103.0707,49.695],[103.0803,49.7036],[103.1035,49.7067],[103.2579,49.7069],[103.3363,49.7119],[103.4003,49.6992],[103.4594,49.6765],[103.6568,49.6565],[103.686,49.6852],[103.7875,49.6903],[103.886,49.6967],[104.0293,49.7734],[104.0037,49.9444],[103.9768,50.1564]]]}},{"type":"Feature","properties":{"aimagId":43,"aimagName":"Сэлэнгэ","asCode":4337,"soumId":37,"name":"Түшиг","nameEn":"Tu'shig"},"geometry":{"type":"Polygon","coordinates":[[[106.0928,50.3344],[106.067,50.3491],[106.0685,50.3797],[106.0748,50.3898],[106.0575,50.4047],[106.0456,50.4022],[106.0184,50.4116],[105.9889,50.4163],[105.9327,50.4154],[105.8992,50.4128],[105.8602,50.4271],[105.8444,50.4406],[105.8198,50.4404],[105.8036,50.4335],[105.7923,50.4393],[105.7767,50.4387],[105.7241,50.4278],[105.7052,50.4266],[105.6447,50.4357],[105.6289,50.4276],[105.609,50.429],[105.5785,50.4405],[105.5728,50.4487],[105.5253,50.4582],[105.4789,50.4446],[105.4437,50.4423],[105.4267,50.4444],[105.4024,50.4593],[105.3813,50.4631],[105.3548,50.4797],[105.3273,50.4733],[105.2986,50.4724],[105.2646,50.4616],[105.2702,50.4503],[105.2226,50.4243],[105.216,50.4254],[105.1982,50.4118],[105.1743,50.4095],[105.1203,50.3899],[105.1047,50.3982],[105.0882,50.3881],[105.0643,50.3888],[105.0083,50.3871],[104.9771,50.3945],[104.9657,50.4042],[104.9256,50.4073],[104.9102,50.4038],[104.8891,50.4079],[104.8751,50.39],[104.8703,50.3713],[104.852,50.3673],[104.85,50.3595],[104.8324,50.3602],[104.8118,50.3412],[104.7769,50.3427],[104.762,50.3404],[104.7235,50.3577],[104.7126,50.3535],[104.6986,50.3672],[104.6733,50.3594],[104.6685,50.3437],[104.6503,50.3243],[104.6228,50.3168],[104.5954,50.3161],[104.572,50.3078],[104.5565,50.3076],[104.5174,50.3172],[104.4899,50.3072],[104.4571,50.3149],[104.4473,50.306],[104.4264,50.3076],[104.4544,50.2736],[104.4803,50.237],[104.4972,50.2002],[104.5196,50.193],[104.5459,50.1672],[104.5763,50.154],[104.5771,50.1473],[104.5632,50.1398],[104.5662,50.127],[104.5833,50.1082],[104.5806,50.0955],[104.5321,50.0098],[104.6554,50.0313],[104.6689,50.0392],[104.7206,50.0514],[104.767,50.0882],[104.8122,50.1075],[104.8751,50.1308],[105.0621,50.1646],[105.1495,50.1716],[105.2056,50.2323],[105.2158,50.2409],[105.3628,50.2768],[105.4148,50.2803],[105.5809,50.2679],[105.6643,50.2781],[105.7804,50.2651],[105.8659,50.2579],[105.8938,50.2845],[106.0446,50.2897],[106.1383,50.2482],[106.1412,50.2708],[106.1303,50.2814],[106.1388,50.2951],[106.1327,50.3137],[106.1194,50.313],[106.0928,50.3344]]]}},{"type":"Feature","properties":{"aimagId":67,"aimagName":"Хөвсгөл","asCode":6710,"soumId":10,"name":"Баянзүрх","nameEn":"Bayanzu'rx"},"geometry":{"type":"Polygon","coordinates":[[[99.2393,50.2806],[99.2193,50.2887],[99.1836,50.3175],[99.1652,50.3393],[99.153,50.4035],[99.0752,50.4454],[99.0538,50.4754],[98.8697,50.5341],[98.7852,50.5703],[98.6945,50.5427],[98.6309,50.5219],[98.5336,50.5455],[98.4277,50.5445],[98.3792,50.5381],[98.3228,50.4948],[98.3283,50.476],[98.2981,50.4505],[98.3003,50.4413],[98.2721,50.4121],[98.2827,50.4064],[98.2692,50.3966],[98.2906,50.3761],[98.2994,50.3619],[98.299,50.3501],[98.2861,50.3406],[98.3045,50.338],[98.3073,50.3225],[98.2727,50.3119],[98.2527,50.2943],[98.2478,50.2754],[98.2343,50.2619],[98.2281,50.2366],[98.2023,50.2231],[98.17,50.2029],[98.1686,50.1941],[98.1895,50.1708],[98.1826,50.148],[98.1633,50.1376],[98.1414,50.1315],[98.1236,50.1331],[98.1274,50.1041],[98.1045,50.0805],[98.084,50.0744],[98.0727,50.0608],[98.0665,50.0325],[98.0655,49.9843],[98.0774,49.9575],[98.0669,49.911],[98.1482,49.9148],[98.1652,49.9135],[98.1865,49.9057],[98.1922,49.9094],[98.223,49.911],[98.2476,49.9272],[98.2923,49.933],[98.302,49.9443],[98.3126,49.9421],[98.3398,49.9484],[98.3374,49.9594],[98.3487,49.965],[98.3995,49.9737],[98.4154,49.9703],[98.4325,49.9731],[98.4367,49.9798],[98.4536,49.9833],[98.4578,50.0025],[98.4757,50.0079],[98.477,50.0174],[98.5659,49.9917],[98.725,49.995],[98.8119,50.0033],[98.8256,49.9953],[98.8279,49.9862],[98.8477,49.9727],[98.8425,49.9616],[98.8468,49.959],[98.8929,49.9541],[98.9157,49.947],[98.9325,49.9374],[98.9848,49.9749],[99.0316,49.9727],[99.0538,49.9798],[99.0722,49.9795],[99.137,50.0142],[99.1485,50.0273],[99.1707,50.0418],[99.1785,50.055],[99.17,50.0719],[99.1623,50.1014],[99.1514,50.117],[99.1423,50.1223],[99.2079,50.1187],[99.2418,50.1546],[99.2722,50.1762],[99.3025,50.212],[99.3097,50.2597],[99.2393,50.2806]]]}},{"type":"Feature","properties":{"aimagId":67,"aimagName":"Хөвсгөл","asCode":6767,"soumId":67,"name":"Эрдэнэбулган","nameEn":"Erdenebulgan"},"geometry":{"type":"Polygon","coordinates":[[[102.6252,50.4336],[102.6167,50.4517],[102.6206,50.4609],[102.6163,50.4861],[102.6091,50.4956],[102.6106,50.5056],[102.5928,50.5175],[102.5732,50.5242],[102.5459,50.5273],[102.5409,50.5323],[102.5543,50.55],[102.5541,50.5562],[102.5362,50.589],[102.5251,50.5948],[102.4791,50.5976],[102.4501,50.6154],[102.446,50.6459],[102.4223,50.641],[102.4017,50.6411],[102.3942,50.6457],[102.3854,50.6629],[102.3768,50.6669],[102.3471,50.663],[102.2723,50.5995],[102.2068,50.5975],[102.1416,50.5811],[102.1279,50.5654],[102.0707,50.5312],[102.0336,50.4999],[102.0199,50.4799],[101.9537,50.4786],[101.9016,50.4814],[101.8803,50.4473],[101.8836,50.4407],[101.863,50.4098],[101.8025,50.4074],[101.7511,50.3865],[101.6158,50.3936],[101.588,50.3687],[101.5269,50.3321],[101.44,50.2959],[101.3823,50.2671],[101.365,50.2629],[101.2876,50.2747],[101.2058,50.2396],[101.2215,50.1618],[101.1689,50.1388],[101.0879,50.0602],[101.1671,50.0159],[101.206,50.0068],[101.2619,49.9883],[101.2262,49.9514],[101.3035,49.9277],[101.3304,49.8899],[101.3121,49.8459],[101.3379,49.8311],[101.2935,49.8081],[101.3789,49.773],[101.4074,49.7904],[101.4623,49.7983],[101.4724,49.7826],[101.5167,49.7712],[101.5269,49.7976],[101.5645,49.8002],[101.6414,49.7864],[101.693,49.7835],[101.7297,49.8258],[101.7282,49.8654],[101.7576,49.8949],[101.7689,49.8989],[101.7537,49.9313],[101.8508,49.9709],[101.9067,50.0123],[101.9375,50.0159],[101.9775,50.0458],[102.0172,50.0563],[102.0229,50.0367],[102.1034,50.0205],[102.1657,50.0848],[102.2118,50.1476],[102.336,50.1987],[102.3605,50.2189],[102.3648,50.2877],[102.3987,50.3082],[102.4284,50.3292],[102.4772,50.3524],[102.5362,50.3883],[102.6252,50.4336]]]}},{"type":"Feature","properties":{"aimagId":85,"aimagName":"Увс","asCode":8546,"soumId":46,"name":"Тэс","nameEn":"Tes"},"geometry":{"type":"Polygon","coordinates":[[[94.3581,50.4047],[94.3412,50.5013],[94.3044,50.5258],[94.2958,50.5528],[94.2838,50.572],[94.2404,50.5877],[94.1939,50.5921],[94.077,50.5938],[94.031,50.5966],[93.9942,50.6052],[93.9419,50.5899],[93.856,50.6012],[93.8231,50.5979],[93.7876,50.5978],[93.7496,50.5952],[93.7032,50.5863],[93.6672,50.5904],[93.636,50.6071],[93.5792,50.6049],[93.547,50.6019],[93.5275,50.6049],[93.5178,50.6126],[93.4566,50.6309],[93.4246,50.6283],[93.3972,50.6344],[93.3439,50.6169],[93.332,50.6101],[93.2814,50.6055],[93.2277,50.5975],[93.1809,50.6003],[93.1405,50.5991],[93.1227,50.5887],[93.1024,50.5895],[93.0938,50.5992],[93.0806,50.599],[93.0429,50.6191],[93.01,50.6119],[93.0026,50.6007],[93.0107,50.575],[92.9927,50.5686],[92.9982,50.5535],[92.9858,50.5495],[92.9692,50.5369],[92.9706,50.5287],[92.9891,50.5256],[92.9833,50.5173],[92.9986,50.5029],[93.0145,50.4943],[92.9945,50.4886],[93.0342,50.4676],[93.0545,50.4674],[93.0554,50.4472],[93.0709,50.4503],[93.0842,50.4341],[93.0978,50.4438],[93.1204,50.4316],[93.1002,50.4297],[93.1133,50.4195],[93.1123,50.4074],[93.1237,50.4019],[93.1194,50.3932],[93.1295,50.3848],[93.1426,50.3843],[93.1577,50.3584],[93.1691,50.3571],[93.1788,50.3473],[93.1901,50.351],[93.216,50.3499],[93.2285,50.3659],[93.2417,50.3709],[93.2481,50.3853],[93.273,50.3904],[93.3025,50.3852],[93.2976,50.3665],[93.2492,50.356],[93.2371,50.3596],[93.2257,50.3503],[93.2269,50.3383],[93.2379,50.3252],[93.2625,50.3053],[93.2928,50.289],[93.2952,50.3003],[93.3196,50.3117],[93.3345,50.3232],[93.3606,50.3258],[93.3913,50.3011],[93.4044,50.3033],[93.4007,50.269],[93.3799,50.2654],[93.3358,50.2411],[93.2992,50.2384],[93.2783,50.225],[93.2659,50.2257],[93.2561,50.2353],[93.2557,50.2607],[93.2396,50.2626],[93.1483,50.2402],[93.1166,50.2387],[93.1043,50.235],[93.0845,50.2223],[93.0697,50.204],[93.0675,50.1912],[93.0478,50.1555],[93.0352,50.142],[93.1294,50.1393],[93.2019,50.1446],[93.3268,50.1577],[93.532,50.2568],[93.6084,50.2917],[93.6889,50.3152],[93.7941,50.3344],[93.8135,50.3409],[93.8381,50.3417],[93.8705,50.3318],[93.8959,50.3346],[93.9271,50.3314],[93.9628,50.3081],[94.0014,50.2931],[94.0321,50.2774],[94.05,50.2803],[94.0844,50.2769],[94.1511,50.259],[94.1699,50.2764],[94.2226,50.4011],[94.3581,50.4047]]]}},{"type":"Feature","properties":{"aimagId":85,"aimagName":"Увс","asCode":8537,"soumId":37,"name":"Сагил","nameEn":"Sagil"},"geometry":{"type":"Polygon","coordinates":[[[91.7893,50.5986],[91.7583,50.6531],[91.7212,50.6651],[91.681,50.6625],[91.6554,50.6441],[91.6522,50.628],[91.65,50.5863],[91.5987,50.5805],[91.59,50.5848],[91.5342,50.5813],[91.5248,50.5619],[91.4571,50.5476],[91.4588,50.5086],[91.4386,50.4901],[91.4005,50.4761],[91.4002,50.4553],[91.3872,50.4634],[91.3638,50.4644],[91.2943,50.472],[91.2678,50.4625],[91.2526,50.453],[91.2196,50.4437],[91.1636,50.4224],[91.101,50.432],[91.08,50.4291],[91.0268,50.4321],[91.0228,50.4288],[90.9781,50.4287],[90.9045,50.4059],[90.9198,50.3802],[90.911,50.3654],[90.914,50.351],[90.9,50.346],[90.8832,50.3521],[90.8608,50.3438],[90.8477,50.3446],[90.8392,50.3533],[90.8274,50.3531],[90.8223,50.343],[90.8113,50.3409],[90.7957,50.3273],[90.7777,50.3362],[90.7574,50.3318],[90.7334,50.3194],[90.7079,50.3144],[90.715,50.3016],[90.7328,50.2497],[90.7351,50.2363],[90.676,50.2088],[90.6568,50.2202],[90.6431,50.2156],[90.6108,50.2237],[90.6062,50.2306],[90.583,50.2427],[90.567,50.239],[90.5512,50.2441],[90.5366,50.2359],[90.516,50.2357],[90.4833,50.2251],[90.4827,50.2108],[90.4887,50.2053],[90.4499,50.1969],[90.5767,50.0975],[90.6198,50.0335],[90.8664,49.9704],[90.9171,49.9656],[90.953,49.9811],[91.0207,49.9874],[91.055,50.0135],[91.0862,50.0423],[91.1701,50.0637],[91.2116,50.0846],[91.243,50.1162],[91.2489,50.1194],[91.2844,50.123],[91.3036,50.1197],[91.3454,50.1289],[91.3662,50.1421],[91.4292,50.1585],[91.4569,50.1731],[91.4576,50.1782],[91.5027,50.1765],[91.539,50.1732],[91.6342,50.1872],[91.7311,50.2052],[91.8028,50.2194],[91.8441,50.2324],[91.9891,50.2722],[91.9474,50.3207],[91.9254,50.3414],[91.9163,50.3664],[91.9436,50.3957],[91.9683,50.4324],[91.9629,50.4648],[91.9321,50.4817],[91.8525,50.511],[91.8248,50.5529],[91.8241,50.5802],[91.7893,50.5986]]]}},{"type":"Feature","properties":{"aimagId":67,"aimagName":"Хөвсгөл","asCode":6704,"soumId":4,"name":"Алаг-Эрдэнэ","nameEn":"Alag-Erdene"},"geometry":{"type":"Polygon","coordinates":[[[100.2462,50.8018],[100.1895,50.8032],[100.1433,50.7496],[100.1343,50.7169],[100.089,50.703],[100.0449,50.6785],[100.024,50.6733],[100.0244,50.6598],[100.0402,50.65],[100.0399,50.6281],[100.0468,50.6256],[100.0538,50.6051],[100.0638,50.6043],[100.0777,50.5752],[100.1014,50.5611],[100.1055,50.5529],[100.103,50.5369],[100.1172,50.5251],[100.1201,50.5105],[100.113,50.5034],[100.0772,50.5021],[100.0637,50.497],[100.0322,50.4999],[100.0085,50.4992],[99.9881,50.516],[99.9395,50.521],[99.9232,50.5443],[99.8509,50.5369],[99.8236,50.507],[99.7646,50.4934],[99.6818,50.4157],[99.662,50.3743],[99.613,50.3997],[99.5315,50.3866],[99.5214,50.3304],[99.5049,50.3117],[99.5045,50.2848],[99.5222,50.2483],[99.5288,50.2285],[99.5604,50.2154],[99.5706,50.2041],[99.6107,50.185],[99.6333,50.1577],[99.6603,50.1171],[99.6654,50.0973],[99.73,49.9861],[99.7696,49.9755],[99.7831,49.936],[99.8133,49.8813],[99.8428,49.893],[99.8935,49.8924],[99.9366,49.8969],[99.9522,49.872],[99.9783,49.8411],[100.0422,49.8311],[100.0913,49.8458],[100.1485,49.8721],[100.2093,49.8679],[100.2525,49.8841],[100.2637,49.9042],[100.3239,49.9223],[100.3491,49.938],[100.3523,49.9503],[100.3434,49.9624],[100.3922,49.9797],[100.3976,50.0221],[100.4619,50.0687],[100.4709,50.0986],[100.5069,50.1132],[100.5876,50.0826],[100.6603,50.0615],[100.6356,50.1164],[100.6527,50.209],[100.6362,50.2295],[100.6389,50.2464],[100.638,50.2823],[100.4468,50.293],[100.4809,50.3414],[100.5082,50.3562],[100.5085,50.37],[100.4548,50.4201],[100.4049,50.4364],[100.3897,50.4366],[100.3916,50.4563],[100.3991,50.4636],[100.3985,50.4905],[100.4023,50.5065],[100.3883,50.52],[100.3744,50.52],[100.3425,50.5354],[100.3106,50.5461],[100.2909,50.5496],[100.2735,50.5283],[100.2324,50.5349],[100.2254,50.5434],[100.2049,50.5411],[100.1991,50.5255],[100.2136,50.5213],[100.203,50.4993],[100.1829,50.5002],[100.1755,50.4899],[100.1948,50.4821],[100.196,50.4634],[100.1733,50.4548],[100.1722,50.4716],[100.1618,50.4839],[100.162,50.4958],[100.1556,50.5191],[100.1522,50.5565],[100.156,50.568],[100.1742,50.5898],[100.211,50.5993],[100.2002,50.6125],[100.1974,50.6327],[100.2007,50.6419],[100.2135,50.6485],[100.2498,50.6484],[100.2567,50.6589],[100.2448,50.6776],[100.2567,50.6929],[100.2501,50.7163],[100.2476,50.7419],[100.2322,50.7511],[100.235,50.7732],[100.2462,50.8018]]]}},{"type":"Feature","properties":{"aimagId":85,"aimagName":"Увс","asCode":8510,"soumId":10,"name":"Давст","nameEn":"Davst"},"geometry":{"type":"Polygon","coordinates":[[[92.3216,50.1864],[92.3226,50.187],[92.3404,50.1756],[92.3526,50.1446],[92.3921,50.126],[92.4248,50.0982],[92.4286,50.0885],[92.4473,50.0816],[92.4622,50.0681],[92.4726,50.0723],[92.4857,50.0672],[92.4984,50.0552],[92.4889,50.0428],[92.4965,50.0369],[92.5152,50.0195],[92.5502,50.0017],[92.582,49.9938],[92.6151,49.9912],[92.6473,49.9921],[92.7119,49.9909],[92.7556,49.9961],[92.7741,49.9962],[92.8558,50.0292],[92.916,50.0544],[92.9638,50.0729],[92.9728,50.0831],[93.0171,50.1235],[93.0352,50.142],[93.0478,50.1555],[93.0675,50.1912],[93.0697,50.204],[93.0845,50.2223],[93.1043,50.235],[93.1166,50.2387],[93.1483,50.2402],[93.2396,50.2626],[93.2557,50.2607],[93.2561,50.2353],[93.2659,50.2257],[93.2783,50.225],[93.2992,50.2384],[93.3358,50.2411],[93.3799,50.2654],[93.4007,50.269],[93.4044,50.3033],[93.3913,50.3011],[93.3606,50.3258],[93.3345,50.3232],[93.3196,50.3117],[93.2952,50.3003],[93.2928,50.289],[93.2625,50.3053],[93.2379,50.3252],[93.2269,50.3383],[93.2257,50.3503],[93.2371,50.3596],[93.2492,50.356],[93.2976,50.3665],[93.3025,50.3852],[93.273,50.3904],[93.2481,50.3853],[93.2417,50.3709],[93.2285,50.3659],[93.216,50.3499],[93.1901,50.351],[93.1788,50.3473],[93.1691,50.3571],[93.1577,50.3584],[93.1426,50.3843],[93.1295,50.3848],[93.1194,50.3932],[93.1237,50.4019],[93.1123,50.4074],[93.1133,50.4195],[93.1002,50.4297],[93.1204,50.4316],[93.0978,50.4438],[93.0842,50.4341],[93.0709,50.4503],[93.0554,50.4472],[93.0545,50.4674],[93.0342,50.4676],[92.9945,50.4886],[93.0145,50.4943],[92.9986,50.5029],[92.9833,50.5173],[92.9891,50.5256],[92.9706,50.5287],[92.9692,50.5369],[92.9858,50.5495],[92.9982,50.5535],[92.9927,50.5686],[93.0107,50.575],[93.0026,50.6007],[93.01,50.6119],[92.9701,50.6674],[93.0229,50.7163],[93.0296,50.7594],[93.0209,50.7704],[93.0193,50.7824],[93.0023,50.7926],[92.9613,50.7949],[92.9276,50.7897],[92.9124,50.8009],[92.8729,50.8003],[92.8569,50.8115],[92.8376,50.8112],[92.7923,50.8052],[92.7647,50.7765],[92.7595,50.7595],[92.7669,50.7411],[92.7649,50.7313],[92.7436,50.7177],[92.7053,50.7083],[92.6277,50.7034],[92.6022,50.7207],[92.6079,50.7346],[92.6076,50.7522],[92.6164,50.7661],[92.6097,50.775],[92.5869,50.7912],[92.5615,50.7992],[92.5057,50.7851],[92.4767,50.7863],[92.4319,50.8033],[92.4203,50.8185],[92.404,50.8315],[92.4085,50.8536],[92.3937,50.8599],[92.383,50.8724],[92.3607,50.8844],[92.3437,50.8797],[92.3122,50.8791],[92.327,50.8426],[92.3278,50.8248],[92.3027,50.8055],[92.3182,50.7826],[92.3203,50.7695],[92.3126,50.7526],[92.2904,50.7474],[92.2701,50.7295],[92.2418,50.7247],[92.1721,50.7064],[92.0998,50.6973],[92.0717,50.6965],[92.0166,50.7062],[91.9719,50.7185],[91.855,50.7339],[91.8242,50.7245],[91.7994,50.7203],[91.7458,50.6997],[91.7231,50.6991],[91.681,50.6625],[91.7212,50.6651],[91.7583,50.6531],[91.7686,50.6351],[91.8487,50.6331],[92.1335,50.5871],[92.2193,50.3915],[92.2342,50.3773],[92.2636,50.3706],[92.2623,50.3622],[92.2839,50.3498],[92.3013,50.3288],[92.3364,50.3038],[92.3385,50.2953],[92.311,50.2924],[92.3174,50.2749],[92.3042,50.2605],[92.3106,50.2495],[92.3297,50.259],[92.335,50.2508],[92.3161,50.2247],[92.303,50.2173],[92.305,50.2097],[92.3296,50.2112],[92.3168,50.1966],[92.3216,50.1864]]]}},{"type":"Feature","properties":{"aimagId":67,"aimagName":"Хөвсгөл","asCode":6761,"soumId":61,"name":"Чандмань-Өндөр","nameEn":"Chandmani-O'ndor"},"geometry":{"type":"Polygon","coordinates":[[[101.2876,50.2747],[101.282,50.336],[101.2993,50.4066],[101.1514,50.3778],[101.1434,50.4333],[101.2174,50.4674],[101.2229,50.4844],[101.2073,50.4897],[101.193,50.501],[101.2095,50.5164],[101.209,50.529],[101.2178,50.547],[101.1941,50.5558],[101.1791,50.5538],[101.1654,50.5661],[101.1994,50.5871],[101.1793,50.5956],[101.1772,50.6064],[101.145,50.6167],[101.133,50.6138],[101.0994,50.6173],[101.1883,50.6849],[101.1711,50.7322],[101.1835,50.8115],[101.1555,50.8509],[101.034,50.8677],[100.9486,50.9496],[100.8471,50.9403],[100.7927,50.9099],[100.808,50.8568],[100.6981,50.876],[100.5899,50.8905],[100.5791,50.8911],[100.5762,50.8781],[100.5521,50.8812],[100.5296,50.8686],[100.5126,50.8497],[100.4961,50.8377],[100.4921,50.8089],[100.4849,50.8014],[100.4917,50.7864],[100.5143,50.7891],[100.5108,50.7762],[100.5187,50.7594],[100.5006,50.7605],[100.4685,50.7515],[100.443,50.7398],[100.434,50.7267],[100.4379,50.7165],[100.4505,50.7094],[100.4357,50.6957],[100.4457,50.6863],[100.4434,50.6753],[100.4266,50.6646],[100.4216,50.6376],[100.4317,50.6333],[100.4449,50.6487],[100.4739,50.6367],[100.4894,50.6373],[100.5,50.6315],[100.4846,50.613],[100.4669,50.609],[100.4821,50.5952],[100.4444,50.5932],[100.4265,50.5766],[100.4616,50.5713],[100.4568,50.5546],[100.4265,50.5567],[100.4185,50.5452],[100.3936,50.5391],[100.3883,50.52],[100.4023,50.5065],[100.3985,50.4905],[100.3991,50.4636],[100.3916,50.4563],[100.3897,50.4366],[100.4049,50.4364],[100.4548,50.4201],[100.5085,50.37],[100.5082,50.3562],[100.4809,50.3414],[100.4468,50.293],[100.638,50.2823],[100.6389,50.2464],[100.6362,50.2295],[100.6527,50.209],[100.6356,50.1164],[100.6603,50.0615],[100.7163,50.071],[100.8194,50.0743],[100.8544,50.0833],[101.0879,50.0602],[101.1689,50.1388],[101.2215,50.1618],[101.2058,50.2396],[101.2876,50.2747]]]}},{"type":"Feature","properties":{"aimagId":67,"aimagName":"Хөвсгөл","asCode":6743,"soumId":43,"name":"Улаан-Уул","nameEn":"Ulaan uul"},"geometry":{"type":"Polygon","coordinates":[[[98.2289,51.4585],[98.2064,51.4575],[98.1763,51.4656],[98.1586,51.465],[98.1476,51.4727],[98.1257,51.4767],[98.0973,51.4735],[98.0694,51.4602],[98.0512,51.4588],[98.0394,51.4483],[98.0383,51.438],[98.0224,51.4236],[98.0216,51.4103],[98.0053,51.3895],[97.9877,51.3769],[97.979,51.3462],[97.9641,51.3427],[97.9503,51.3253],[97.956,51.3092],[97.9491,51.2672],[97.9449,51.2607],[97.9564,51.2289],[97.9506,51.2267],[97.9325,51.1948],[97.914,51.1779],[97.9137,51.1655],[97.9028,51.1466],[97.8956,51.1242],[97.8968,51.1057],[97.8794,51.0933],[97.8718,51.0802],[97.8781,51.0708],[97.8677,51.0645],[97.8716,51.0522],[97.8489,51.0378],[97.8273,51.0179],[97.8286,51.0033],[97.8495,50.9962],[97.8621,50.9745],[97.8575,50.9599],[97.8689,50.9482],[97.8798,50.9451],[97.8953,50.9243],[97.9105,50.9243],[97.9477,50.9054],[97.9703,50.8903],[97.9854,50.8903],[98.0016,50.8747],[98.0171,50.8748],[98.0356,50.8632],[98.0152,50.8484],[97.9944,50.8208],[97.9825,50.8186],[97.9613,50.8066],[97.978,50.7863],[97.9722,50.774],[97.9738,50.7484],[97.9921,50.7334],[97.9925,50.7067],[98.0143,50.6886],[98.0041,50.6815],[98.0161,50.6614],[98.0539,50.6438],[98.0677,50.629],[98.072,50.616],[98.0962,50.597],[98.1177,50.5954],[98.1483,50.574],[98.1843,50.5617],[98.1872,50.5568],[98.2735,50.5384],[98.2876,50.5251],[98.2927,50.5046],[98.3092,50.4941],[98.3228,50.4948],[98.3792,50.5381],[98.4277,50.5445],[98.5336,50.5455],[98.6309,50.5219],[98.6945,50.5427],[98.7852,50.5703],[98.8697,50.5341],[99.0538,50.4754],[99.0752,50.4454],[99.153,50.4035],[99.1652,50.3393],[99.1836,50.3175],[99.2193,50.2887],[99.2393,50.2806],[99.2695,50.2889],[99.2834,50.3003],[99.3083,50.3093],[99.3189,50.3088],[99.3432,50.3187],[99.3462,50.3295],[99.3392,50.3434],[99.3122,50.3669],[99.3227,50.3734],[99.3875,50.3427],[99.3958,50.3264],[99.4195,50.3388],[99.4392,50.3184],[99.4529,50.3118],[99.4956,50.3306],[99.5214,50.3304],[99.5315,50.3866],[99.5477,50.4248],[99.5845,50.4791],[99.6328,50.5591],[99.6817,50.6035],[99.7065,50.6225],[99.6468,50.6594],[99.6668,50.6817],[99.6876,50.7349],[99.7709,50.7629],[99.7647,50.8085],[99.7512,50.8644],[99.6935,50.8682],[99.6632,50.8641],[99.6216,50.8636],[99.5941,50.8898],[99.566,50.8875],[99.5291,50.8965],[99.5001,50.8889],[99.4862,50.8948],[99.4832,50.92],[99.4776,50.9318],[99.4674,50.937],[99.4449,50.9399],[99.428,50.9567],[99.3599,50.9784],[99.352,50.9924],[99.3468,51.0156],[99.4013,51.0587],[99.2964,51.0652],[99.2746,51.0684],[99.2633,51.0474],[99.1556,51.055],[99.129,51.0663],[99.1279,51.0828],[99.1204,51.0965],[99.0176,51.1107],[99.0123,51.1322],[98.9473,51.1734],[98.9339,51.1766],[98.9123,51.1908],[98.8872,51.2146],[98.8808,51.2248],[98.8518,51.2302],[98.8392,51.2382],[98.812,51.2485],[98.7827,51.255],[98.7607,51.2645],[98.724,51.3037],[98.6985,51.3128],[98.6791,51.3271],[98.6564,51.3342],[98.6499,51.3446],[98.6541,51.3536],[98.6491,51.3872],[98.62,51.4085],[98.5955,51.4347],[98.5752,51.4518],[98.5578,51.4457],[98.5268,51.4512],[98.5216,51.4606],[98.5061,51.4615],[98.4769,51.4501],[98.4685,51.4432],[98.4701,51.4326],[98.4524,51.4153],[98.4337,51.4122],[98.4222,51.4172],[98.3764,51.4134],[98.3647,51.4162],[98.3404,51.4059],[98.3284,51.406],[98.3153,51.419],[98.2669,51.4266],[98.2717,51.4428],[98.2289,51.4585]]]}},{"type":"Feature","properties":{"aimagId":67,"aimagName":"Хөвсгөл","asCode":6755,"soumId":55,"name":"Цагаан-Үүр","nameEn":"Cagaan-U'ur"},"geometry":{"type":"Polygon","coordinates":[[[102.3471,50.663],[102.3271,50.6751],[102.3055,50.6805],[102.3024,50.69],[102.3085,50.7049],[102.3325,50.7188],[102.3406,50.7319],[102.3219,50.7533],[102.305,50.7631],[102.2944,50.7802],[102.2739,50.7933],[102.2423,50.7977],[102.2296,50.8103],[102.2099,50.8172],[102.2207,50.8283],[102.2122,50.8351],[102.2149,50.852],[102.2121,50.876],[102.2379,50.8901],[102.2456,50.9022],[102.2406,50.9175],[102.2178,50.9302],[102.2251,50.9378],[102.2139,50.954],[102.2346,50.9751],[102.2234,50.9919],[102.2257,50.9992],[102.2033,51.0295],[102.2037,51.0397],[102.1497,51.0597],[102.1498,51.0802],[102.1641,51.0851],[102.1578,51.0943],[102.1419,51.0988],[102.134,51.1099],[102.1322,51.1286],[102.1232,51.1392],[102.1242,51.1498],[102.1345,51.1575],[102.1364,51.1747],[102.1669,51.1789],[102.1599,51.1894],[102.1441,51.1943],[102.1294,51.209],[102.1431,51.2206],[102.113,51.2379],[102.1154,51.2701],[102.1271,51.2853],[102.1601,51.2832],[102.1739,51.2854],[102.1841,51.2952],[102.1686,51.3076],[102.1606,51.3202],[102.1373,51.3465],[102.1252,51.3489],[102.1276,51.359],[102.1095,51.3682],[102.0591,51.3802],[102.0483,51.3872],[102.018,51.3959],[102.0022,51.3864],[101.9894,51.3951],[101.9716,51.3927],[101.9557,51.4125],[101.9283,51.4169],[101.9124,51.4146],[101.8948,51.4018],[101.8839,51.4089],[101.8672,51.4086],[101.8573,51.4154],[101.8178,51.4218],[101.8041,51.4382],[101.7781,51.4414],[101.7492,51.4555],[101.6937,51.4532],[101.6718,51.4468],[101.6442,51.4427],[101.621,51.4441],[101.615,51.4534],[101.6224,51.4694],[101.6058,51.472],[101.5968,51.4795],[101.5818,51.4813],[101.57,51.4766],[101.5562,51.4933],[101.542,51.4998],[101.5223,51.4964],[101.5006,51.5033],[101.4759,51.4921],[101.4597,51.4913],[101.4589,51.4709],[101.4379,51.4552],[101.4197,51.4568],[101.4022,51.453],[101.3699,51.4559],[101.3571,51.4672],[101.3602,51.4733],[101.3384,51.4908],[101.3145,51.4958],[101.2838,51.5085],[101.2602,51.5428],[101.2427,51.5478],[101.2048,51.5309],[101.1916,51.5222],[101.1758,51.5248],[101.1462,51.5205],[101.1638,51.4724],[101.1576,51.4262],[101.2003,51.3954],[101.2043,51.3633],[101.2142,51.3487],[101.2104,51.3276],[101.1609,51.285],[101.1849,51.2781],[101.1872,51.2497],[101.1305,51.2156],[101.1724,51.1578],[101.1368,51.1187],[101.1172,51.0888],[101.036,51.0993],[100.9548,51.0559],[100.9654,51.0154],[100.9486,50.9496],[101.034,50.8677],[101.1555,50.8509],[101.1835,50.8115],[101.1711,50.7322],[101.1883,50.6849],[101.0994,50.6173],[101.133,50.6138],[101.145,50.6167],[101.1772,50.6064],[101.1793,50.5956],[101.1994,50.5871],[101.1654,50.5661],[101.1791,50.5538],[101.1941,50.5558],[101.2178,50.547],[101.209,50.529],[101.2095,50.5164],[101.193,50.501],[101.2073,50.4897],[101.2229,50.4844],[101.2174,50.4674],[101.1434,50.4333],[101.1514,50.3778],[101.2993,50.4066],[101.282,50.336],[101.2876,50.2747],[101.365,50.2629],[101.3823,50.2671],[101.44,50.2959],[101.5269,50.3321],[101.588,50.3687],[101.6158,50.3936],[101.7511,50.3865],[101.8025,50.4074],[101.863,50.4098],[101.8836,50.4407],[101.8803,50.4473],[101.9016,50.4814],[101.9537,50.4786],[102.0199,50.4799],[102.0336,50.4999],[102.0707,50.5312],[102.1279,50.5654],[102.1416,50.5811],[102.2068,50.5975],[102.2723,50.5995],[102.3471,50.663]]]}},{"type":"Feature","properties":{"aimagId":67,"aimagName":"Хөвсгөл","asCode":6746,"soumId":46,"name":"Ханх","nameEn":"Xanx"},"geometry":{"type":"Polygon","coordinates":[[[101.1462,51.5205],[101.1328,51.5277],[101.1353,51.5447],[101.1252,51.5522],[101.1264,51.5609],[101.1026,51.5793],[101.0791,51.5601],[101.0659,51.5699],[101.0385,51.5734],[101.0176,51.5704],[101.0187,51.5956],[100.9983,51.6041],[100.9789,51.6166],[100.958,51.6161],[100.9299,51.607],[100.8571,51.6339],[100.8628,51.6419],[100.8513,51.6483],[100.823,51.6487],[100.8084,51.663],[100.7974,51.6633],[100.7378,51.6782],[100.7124,51.6899],[100.686,51.7117],[100.6687,51.7069],[100.6574,51.7145],[100.6544,51.7276],[100.6099,51.7254],[100.5969,51.7189],[100.5858,51.7408],[100.5656,51.7373],[100.5318,51.7375],[100.5278,51.7502],[100.5035,51.7501],[100.4954,51.7421],[100.4754,51.7439],[100.4513,51.7387],[100.4433,51.7294],[100.4277,51.7329],[100.4099,51.7306],[100.4121,51.745],[100.4025,51.7476],[100.3857,51.738],[100.3541,51.7423],[100.3087,51.7373],[100.2962,51.743],[100.2829,51.7373],[100.2623,51.751],[100.32,51.6296],[100.264,51.5892],[100.206,51.6124],[100.0789,51.5828],[100.1142,51.5447],[100.0679,51.5102],[100.0476,51.4741],[100.0383,51.4346],[100.0723,51.3962],[100.1533,51.3863],[100.1361,51.3199],[100.1347,51.2756],[100.1437,51.2315],[100.1463,51.1774],[100.1451,51.1618],[100.2011,51.153],[100.2185,51.1631],[100.2207,51.1699],[100.2509,51.1961],[100.2737,51.2045],[100.2874,51.2044],[100.3065,51.1642],[100.3247,51.1472],[100.3295,51.1339],[100.3268,51.1226],[100.3143,51.1201],[100.3073,51.1021],[100.3077,51.0892],[100.2988,51.0613],[100.2929,51.0302],[100.282,51.0019],[100.2867,50.986],[100.2742,50.9846],[100.2757,50.9609],[100.2587,50.9513],[100.2513,50.9265],[100.2518,50.9123],[100.2435,50.9027],[100.2537,50.8794],[100.2404,50.8541],[100.2462,50.8018],[100.235,50.7732],[100.2322,50.7511],[100.2476,50.7419],[100.2501,50.7163],[100.2567,50.6929],[100.2448,50.6776],[100.2567,50.6589],[100.2498,50.6484],[100.2135,50.6485],[100.2007,50.6419],[100.1974,50.6327],[100.2002,50.6125],[100.211,50.5993],[100.1742,50.5898],[100.156,50.568],[100.1522,50.5565],[100.1556,50.5191],[100.162,50.4958],[100.1618,50.4839],[100.1722,50.4716],[100.1733,50.4548],[100.196,50.4634],[100.1948,50.4821],[100.1755,50.4899],[100.1829,50.5002],[100.203,50.4993],[100.2136,50.5213],[100.1991,50.5255],[100.2049,50.5411],[100.2254,50.5434],[100.2324,50.5349],[100.2735,50.5283],[100.2909,50.5496],[100.3106,50.5461],[100.3425,50.5354],[100.3744,50.52],[100.3883,50.52],[100.3936,50.5391],[100.4185,50.5452],[100.4265,50.5567],[100.4568,50.5546],[100.4616,50.5713],[100.4265,50.5766],[100.4444,50.5932],[100.4821,50.5952],[100.4669,50.609],[100.4846,50.613],[100.5,50.6315],[100.4894,50.6373],[100.4739,50.6367],[100.4449,50.6487],[100.4317,50.6333],[100.4216,50.6376],[100.4266,50.6646],[100.4434,50.6753],[100.4457,50.6863],[100.4357,50.6957],[100.4505,50.7094],[100.4379,50.7165],[100.434,50.7267],[100.443,50.7398],[100.4685,50.7515],[100.5006,50.7605],[100.5187,50.7594],[100.5108,50.7762],[100.5143,50.7891],[100.4917,50.7864],[100.4849,50.8014],[100.4921,50.8089],[100.4961,50.8377],[100.5126,50.8497],[100.5296,50.8686],[100.5521,50.8812],[100.5762,50.8781],[100.5791,50.8911],[100.5899,50.8905],[100.6981,50.876],[100.808,50.8568],[100.7927,50.9099],[100.8471,50.9403],[100.9486,50.9496],[100.9654,51.0154],[100.9548,51.0559],[101.036,51.0993],[101.1172,51.0888],[101.1368,51.1187],[101.1724,51.1578],[101.1305,51.2156],[101.1872,51.2497],[101.1849,51.2781],[101.1609,51.285],[101.2104,51.3276],[101.2142,51.3487],[101.2043,51.3633],[101.2003,51.3954],[101.1576,51.4262],[101.1638,51.4724],[101.1462,51.5205]]]}},{"type":"Feature","properties":{"aimagId":67,"aimagName":"Хөвсгөл","asCode":6728,"soumId":28,"name":"Рэнчинлхүмбэ","nameEn":"Renchinlxu'mbe"},"geometry":{"type":"Polygon","coordinates":[[[100.0871,51.7451],[100.0647,51.7331],[100.0498,51.7372],[100.0389,51.7331],[100.0238,51.7404],[100.0073,51.7407],[99.9812,51.7529],[99.9646,51.7419],[99.9295,51.7482],[99.9094,51.7459],[99.8987,51.7593],[99.8838,51.7617],[99.8696,51.7775],[99.8102,51.7164],[99.6478,51.6664],[99.5595,51.6513],[99.5429,51.6282],[99.5138,51.6251],[99.4587,51.6088],[99.371,51.5734],[99.3573,51.5541],[99.3359,51.5508],[99.2791,51.5495],[99.1994,51.5506],[99.0731,51.5229],[98.9906,51.5165],[98.7752,51.5102],[98.7359,51.4787],[98.8859,51.4054],[98.9524,51.3509],[99.0867,51.3202],[99.2061,51.321],[99.2463,51.3409],[99.242,51.3544],[99.2666,51.3687],[99.2746,51.3872],[99.292,51.4058],[99.3169,51.4111],[99.3414,51.4089],[99.349,51.4163],[99.3711,51.4139],[99.3594,51.3999],[99.3471,51.3927],[99.3621,51.3749],[99.3726,51.369],[99.3871,51.3734],[99.4145,51.373],[99.4165,51.3621],[99.4355,51.3584],[99.4228,51.3469],[99.4195,51.3343],[99.3964,51.3315],[99.3863,51.3224],[99.3932,51.3005],[99.3847,51.2895],[99.3689,51.2791],[99.3543,51.2619],[99.3427,51.2716],[99.3169,51.2806],[99.2662,51.2486],[99.2011,51.1892],[99.0123,51.1322],[99.0176,51.1107],[99.1204,51.0965],[99.1279,51.0828],[99.129,51.0663],[99.1556,51.055],[99.2633,51.0474],[99.2746,51.0684],[99.2964,51.0652],[99.4013,51.0587],[99.3468,51.0156],[99.352,50.9924],[99.3599,50.9784],[99.428,50.9567],[99.4449,50.9399],[99.4674,50.937],[99.4776,50.9318],[99.4832,50.92],[99.4862,50.8948],[99.5001,50.8889],[99.5291,50.8965],[99.566,50.8875],[99.5941,50.8898],[99.6216,50.8636],[99.6632,50.8641],[99.6935,50.8682],[99.7512,50.8644],[99.7647,50.8085],[99.7709,50.7629],[99.6876,50.7349],[99.6668,50.6817],[99.6468,50.6594],[99.7065,50.6225],[99.6817,50.6035],[99.6328,50.5591],[99.5845,50.4791],[99.5477,50.4248],[99.5315,50.3866],[99.613,50.3997],[99.662,50.3743],[99.6818,50.4157],[99.7646,50.4934],[99.8236,50.507],[99.8509,50.5369],[99.9232,50.5443],[99.9395,50.521],[99.9881,50.516],[100.0085,50.4992],[100.0322,50.4999],[100.0637,50.497],[100.0772,50.5021],[100.113,50.5034],[100.1201,50.5105],[100.1172,50.5251],[100.103,50.5369],[100.1055,50.5529],[100.1014,50.5611],[100.0777,50.5752],[100.0638,50.6043],[100.0538,50.6051],[100.0468,50.6256],[100.0399,50.6281],[100.0402,50.65],[100.0244,50.6598],[100.024,50.6733],[100.0449,50.6785],[100.089,50.703],[100.1343,50.7169],[100.1433,50.7496],[100.1895,50.8032],[100.2462,50.8018],[100.2404,50.8541],[100.2537,50.8794],[100.2435,50.9027],[100.2518,50.9123],[100.2513,50.9265],[100.2587,50.9513],[100.2757,50.9609],[100.2742,50.9846],[100.2867,50.986],[100.282,51.0019],[100.2929,51.0302],[100.2988,51.0613],[100.3077,51.0892],[100.3073,51.1021],[100.3143,51.1201],[100.3268,51.1226],[100.3295,51.1339],[100.3247,51.1472],[100.3065,51.1642],[100.2874,51.2044],[100.2737,51.2045],[100.2509,51.1961],[100.2207,51.1699],[100.2185,51.1631],[100.2011,51.153],[100.1451,51.1618],[100.1463,51.1774],[100.1437,51.2315],[100.1347,51.2756],[100.1361,51.3199],[100.1533,51.3863],[100.0723,51.3962],[100.0383,51.4346],[100.0476,51.4741],[100.0679,51.5102],[100.1142,51.5447],[100.0789,51.5828],[100.206,51.6124],[100.264,51.5892],[100.32,51.6296],[100.2623,51.751],[100.2011,51.7432],[100.1977,51.7475],[100.1635,51.7522],[100.1388,51.7588],[100.1037,51.7547],[100.0871,51.7451]]]}},{"type":"Feature","properties":{"aimagId":67,"aimagName":"Хөвсгөл","asCode":6749,"soumId":49,"name":"Цагааннуур","nameEn":"Cagaannuur"},"geometry":{"type":"Polygon","coordinates":[[[98.2289,51.4585],[98.2717,51.4428],[98.2669,51.4266],[98.3153,51.419],[98.3284,51.406],[98.3404,51.4059],[98.3647,51.4162],[98.3764,51.4134],[98.4222,51.4172],[98.4337,51.4122],[98.4524,51.4153],[98.4701,51.4326],[98.4685,51.4432],[98.4769,51.4501],[98.5061,51.4615],[98.5216,51.4606],[98.5268,51.4512],[98.5578,51.4457],[98.5752,51.4518],[98.5955,51.4347],[98.62,51.4085],[98.6491,51.3872],[98.6541,51.3536],[98.6499,51.3446],[98.6564,51.3342],[98.6791,51.3271],[98.6985,51.3128],[98.724,51.3037],[98.7607,51.2645],[98.7827,51.255],[98.812,51.2485],[98.8392,51.2382],[98.8518,51.2302],[98.8808,51.2248],[98.8872,51.2146],[98.9123,51.1908],[98.9339,51.1766],[98.9473,51.1734],[99.0123,51.1322],[99.2011,51.1892],[99.2662,51.2486],[99.3169,51.2806],[99.3427,51.2716],[99.3543,51.2619],[99.3689,51.2791],[99.3847,51.2895],[99.3932,51.3005],[99.3863,51.3224],[99.3964,51.3315],[99.4195,51.3343],[99.4228,51.3469],[99.4355,51.3584],[99.4165,51.3621],[99.4145,51.373],[99.3871,51.3734],[99.3726,51.369],[99.3621,51.3749],[99.3471,51.3927],[99.3594,51.3999],[99.3711,51.4139],[99.349,51.4163],[99.3414,51.4089],[99.3169,51.4111],[99.292,51.4058],[99.2746,51.3872],[99.2666,51.3687],[99.242,51.3544],[99.2463,51.3409],[99.2061,51.321],[99.0867,51.3202],[98.9524,51.3509],[98.8859,51.4054],[98.7359,51.4787],[98.7752,51.5102],[98.9906,51.5165],[99.0731,51.5229],[99.1994,51.5506],[99.2791,51.5495],[99.3359,51.5508],[99.3573,51.5541],[99.371,51.5734],[99.4587,51.6088],[99.5138,51.6251],[99.5429,51.6282],[99.5595,51.6513],[99.6478,51.6664],[99.8102,51.7164],[99.8696,51.7775],[99.8633,51.7864],[99.8716,51.7939],[99.8635,51.8054],[99.8303,51.8062],[99.8446,51.8199],[99.8466,51.8357],[99.8328,51.8363],[99.8196,51.8479],[99.8262,51.8523],[99.8278,51.8817],[99.8167,51.8903],[99.8172,51.8987],[99.8021,51.916],[99.7675,51.9131],[99.7441,51.9032],[99.7177,51.9045],[99.6937,51.8994],[99.6827,51.8877],[99.6693,51.9037],[99.6368,51.8935],[99.6088,51.8978],[99.6,51.9045],[99.5981,51.9242],[99.567,51.934],[99.5387,51.953],[99.5303,51.9631],[99.4999,51.9562],[99.4777,51.9562],[99.4642,51.9488],[99.4378,51.9568],[99.4104,51.9532],[99.4019,51.9665],[99.3886,51.9552],[99.3698,51.9548],[99.3692,51.9409],[99.3515,51.9443],[99.3342,51.9578],[99.3087,51.9576],[99.2943,51.9614],[99.2634,51.9767],[99.283,51.9872],[99.2694,51.9949],[99.2756,52.0033],[99.2767,52.019],[99.2618,52.0208],[99.2502,52.0116],[99.2358,52.0128],[99.2174,52.0276],[99.1971,52.0286],[99.1718,52.0358],[99.1617,52.0288],[99.1457,52.0329],[99.1326,52.0243],[99.1153,52.0316],[99.1031,52.0504],[99.0824,52.053],[99.0827,52.0638],[99.0682,52.0703],[99.0253,52.0654],[99.0113,52.0803],[98.9967,52.1056],[98.9797,52.1156],[98.9812,52.1274],[98.9685,52.1422],[98.946,52.1473],[98.9109,52.1484],[98.8913,52.1349],[98.8712,52.1375],[98.8527,52.1261],[98.86,52.1117],[98.8536,52.0971],[98.8417,52.0907],[98.8493,52.0805],[98.8475,52.0496],[98.8323,52.0408],[98.8293,52.0324],[98.81,52.022],[98.819,52.01],[98.8036,51.9911],[98.8092,51.9748],[98.8045,51.96],[98.7825,51.9455],[98.782,51.9322],[98.767,51.8994],[98.7745,51.8846],[98.7501,51.868],[98.7431,51.8593],[98.7293,51.8573],[98.6952,51.8387],[98.6755,51.8238],[98.6489,51.8165],[98.6192,51.8038],[98.5948,51.7992],[98.5739,51.8025],[98.5499,51.7972],[98.5171,51.7941],[98.5236,51.7805],[98.4917,51.76],[98.4517,51.7399],[98.3823,51.7431],[98.3551,51.7342],[98.361,51.7045],[98.3359,51.7048],[98.3061,51.6645],[98.3018,51.647],[98.2851,51.6357],[98.2715,51.6167],[98.2596,51.6072],[98.2395,51.5998],[98.2206,51.6002],[98.2364,51.5854],[98.2363,51.5483],[98.2553,51.5381],[98.2562,51.5271],[98.2496,51.5038],[98.236,51.4909],[98.2289,51.4585]]]}},{"type":"Feature","properties":{"aimagId":41,"aimagName":"Төв","asCode":4104,"soumId":4,"name":"Алтанбулаг","nameEn":"Altanbulag"},"geometry":{"type":"Polygon","coordinates":[[[106.5402,47.8471],[106.4599,47.8629],[106.3071,47.8528],[106.1723,47.816],[106.0259,47.7885],[105.901,47.7315],[105.8963,47.7086],[105.8524,47.7032],[105.7598,47.6372],[105.7021,47.6005],[105.6461,47.5425],[105.5556,47.5768],[105.4589,47.5534],[105.4749,47.5086],[105.4607,47.4839],[105.4442,47.4309],[105.4706,47.39],[105.4742,47.3094],[105.4716,47.2587],[105.5148,47.2651],[105.5259,47.2613],[105.5613,47.2615],[105.5866,47.2594],[105.5922,47.2666],[105.6125,47.2719],[105.6266,47.2716],[105.6616,47.2804],[105.7197,47.2059],[105.7456,47.1617],[105.7856,47.1215],[105.8892,47.1092],[106.0067,47.107],[106.164,47.171],[106.475,47.1978],[106.527,47.1106],[106.5919,47.0594],[106.5901,47.0769],[106.6063,47.1072],[106.6292,47.1718],[106.6425,47.2223],[106.6618,47.2564],[106.6619,47.2744],[106.6691,47.2939],[106.6687,47.3144],[106.6211,47.4],[106.6488,47.4484],[106.6875,47.4791],[106.7066,47.5481],[106.6845,47.5822],[106.7109,47.6419],[106.6923,47.6728],[106.6954,47.6785],[106.6813,47.7029],[106.6983,47.7211],[106.697,47.7295],[106.6839,47.736],[106.6432,47.7425],[106.6003,47.7466],[106.5935,47.7356],[106.5614,47.7115],[106.5096,47.7193],[106.5077,47.7462],[106.5075,47.8051],[106.5401,47.847],[106.5402,47.8471]]]}},{"type":"Feature","properties":{"aimagId":41,"aimagName":"Төв","asCode":4167,"soumId":67,"name":"Сэргэлэн","nameEn":"Sergelen"},"geometry":{"type":"Polygon","coordinates":[[[106.947,47.7603],[106.9059,47.749],[106.8896,47.7582],[106.8611,47.7626],[106.84,47.7465],[106.7975,47.7058],[106.7888,47.724],[106.732,47.7205],[106.697,47.7295],[106.6983,47.7211],[106.6813,47.7029],[106.6954,47.6785],[106.6923,47.6728],[106.7109,47.6419],[106.6845,47.5822],[106.7066,47.5481],[106.6875,47.4791],[106.6488,47.4484],[106.6211,47.4],[106.6687,47.3144],[106.6691,47.2939],[106.6619,47.2744],[106.6618,47.2564],[106.6425,47.2223],[106.6292,47.1718],[106.6063,47.1072],[106.5901,47.0769],[106.5919,47.0594],[106.7,47.0684],[106.7289,47.0699],[106.8609,47.072],[106.9163,47.0774],[107.1047,47.0854],[107.1879,47.0804],[107.2754,47.0734],[107.2724,47.1285],[107.2551,47.1899],[107.2255,47.3145],[107.2505,47.4027],[107.2665,47.4237],[107.3565,47.4245],[107.402,47.4414],[107.4284,47.4328],[107.4883,47.4369],[107.5403,47.4418],[107.5844,47.4377],[107.6259,47.4959],[107.5589,47.5412],[107.5032,47.5878],[107.5019,47.5978],[107.4825,47.6429],[107.4757,47.6519],[107.4024,47.6463],[107.3299,47.6516],[107.2967,47.648],[107.2946,47.6685],[107.2656,47.6884],[107.2176,47.7247],[107.1823,47.7472],[107.1198,47.7235],[107.0411,47.7216],[107.033,47.7355],[106.9634,47.7439],[106.947,47.7603]],[[106.9678,47.6849],[106.9658,47.6802],[106.9396,47.6784],[106.9198,47.6808],[106.9155,47.7078],[106.9327,47.7285],[106.9481,47.7283],[106.9671,47.7203],[106.9742,47.7008],[106.9678,47.6849]]]}},{"type":"Feature","properties":{"aimagId":41,"aimagName":"Төв","asCode":4107,"soumId":7,"name":"Аргалант","nameEn":"Argalant"},"geometry":{"type":"Polygon","coordinates":[[[106.4817,47.9807],[106.4809,47.9806],[106.4037,47.9824],[106.3367,47.9936],[106.2269,47.9753],[106.0581,47.9926],[106.0162,47.9949],[105.9387,47.9694],[105.7954,47.9458],[105.7398,47.9279],[105.69,47.9362],[105.6404,47.9012],[105.6862,47.8754],[105.7163,47.8459],[105.7674,47.8122],[105.8278,47.7649],[105.8963,47.7086],[105.901,47.7315],[106.0259,47.7885],[106.1723,47.816],[106.3071,47.8528],[106.4599,47.8629],[106.5402,47.8471],[106.519,47.8712],[106.5159,47.89],[106.5331,47.911],[106.506,47.9465],[106.527,47.9576],[106.4817,47.9807]]]}},{"type":"Feature","properties":{"aimagId":67,"aimagName":"Хөвсгөл","asCode":6719,"soumId":19,"name":"Жаргалант","nameEn":"Jargalant"},"geometry":{"type":"Polygon","coordinates":[[[99.5264,48.8566],[99.5019,48.8534],[99.4565,48.8644],[99.3691,48.8573],[99.33,48.8571],[99.2712,48.8324],[99.2377,48.8296],[99.2073,48.8429],[99.1926,48.8053],[99.1752,48.7923],[99.1639,48.7573],[99.1357,48.737],[99.1352,48.7187],[99.13,48.712],[99.0905,48.6854],[99.0835,48.6727],[99.0819,48.6428],[99.0725,48.5726],[99.0738,48.5127],[99.0608,48.4986],[99.0695,48.4785],[99.0924,48.4772],[99.0908,48.4634],[99.1022,48.4487],[99.0966,48.4311],[99.1142,48.3967],[99.0809,48.3113],[99.1515,48.304],[99.2181,48.2555],[99.2804,48.2556],[99.3391,48.2881],[99.3557,48.3144],[99.383,48.2924],[99.477,48.2809],[99.5663,48.2925],[99.6597,48.3155],[99.725,48.3136],[99.7334,48.3551],[99.7391,48.4245],[99.7915,48.487],[99.7789,48.5036],[99.7411,48.5135],[99.7265,48.5491],[99.6647,48.5693],[99.684,48.6387],[99.682,48.6454],[99.6317,48.6995],[99.6138,48.7405],[99.596,48.7538],[99.58,48.7769],[99.5614,48.8369],[99.5264,48.8566]]]}},{"type":"Feature","properties":{"aimagId":11,"aimagName":"Улаанбаатар","asCode":1107,"soumId":7,"name":"Баянгол","nameEn":"Bayangol"},"geometry":{"type":"Polygon","coordinates":[[[106.8945,47.9154],[106.8998,47.9206],[106.8722,47.9446],[106.8626,47.9444],[106.8562,47.9136],[106.7862,47.9074],[106.784,47.8748],[106.8142,47.8836],[106.8293,47.8965],[106.8686,47.9048],[106.8965,47.9017],[106.9129,47.9077],[106.8948,47.9081],[106.8945,47.9154]]]}},{"type":"Feature","properties":{"aimagId":11,"aimagName":"Улаанбаатар","asCode":1119,"soumId":19,"name":"Сүхбаатар","nameEn":"Su'xbaatar"},"geometry":{"type":"Polygon","coordinates":[[[106.9263,47.9074],[106.9344,47.9193],[106.9252,47.9441],[106.9272,47.9614],[106.9546,47.9717],[107.0019,47.9825],[107.0036,48.0106],[107.0179,48.0187],[107.0343,48.0368],[107.0332,48.0584],[107.0245,48.0983],[107.0044,48.1232],[106.9883,48.1532],[106.9675,48.1973],[106.9614,48.1911],[106.8752,48.185],[106.868,48.1684],[106.8635,48.1391],[106.8878,48.1263],[106.8918,48.118],[106.8849,48.1068],[106.8858,48.0939],[106.8948,48.0811],[106.8951,48.0632],[106.9021,48.0458],[106.9176,48.0315],[106.9185,48.0172],[106.9319,48.0014],[106.9297,47.9852],[106.9192,47.9762],[106.9138,47.9512],[106.9164,47.9164],[106.8945,47.9154],[106.8948,47.9081],[106.9129,47.9077],[106.9263,47.9074]]]}},{"type":"Feature","properties":{"aimagId":11,"aimagName":"Улаанбаатар","asCode":1125,"soumId":25,"name":"Чингэлтэй","nameEn":"Chingeltei"},"geometry":{"type":"Polygon","coordinates":[[[106.8945,47.9154],[106.9164,47.9164],[106.9138,47.9512],[106.9192,47.9762],[106.9297,47.9852],[106.9319,48.0014],[106.9185,48.0172],[106.9176,48.0315],[106.9021,48.0458],[106.8951,48.0632],[106.8948,48.0811],[106.8858,48.0939],[106.8849,48.1068],[106.8918,48.118],[106.8878,48.1263],[106.8635,48.1391],[106.8315,48.1042],[106.8439,48.0674],[106.86,48.0368],[106.8632,48.0224],[106.8566,47.9832],[106.8649,47.9698],[106.8628,47.9488],[106.8722,47.9446],[106.8998,47.9206],[106.8945,47.9154]]]}},{"type":"Feature","properties":{"aimagId":11,"aimagName":"Улаанбаатар","asCode":1116,"soumId":16,"name":"Сонгинохайрхан","nameEn":"Songinoxairxan"},"geometry":{"type":"Polygon","coordinates":[[[106.8752,48.185],[106.8236,48.2171],[106.7434,48.2278],[106.6768,48.2319],[106.6587,48.2376],[106.6108,48.232],[106.5894,48.2448],[106.499,48.2538],[106.4528,48.2649],[106.4419,48.2719],[106.3629,48.2577],[106.3673,48.2462],[106.4077,48.1973],[106.4278,48.148],[106.417,48.1342],[106.4798,48.0732],[106.4616,48.0431],[106.4611,48.0421],[106.4604,48.03],[106.4596,48.0133],[106.4801,47.9832],[106.4816,47.9809],[106.4817,47.9807],[106.527,47.9576],[106.506,47.9465],[106.5331,47.911],[106.5159,47.89],[106.519,47.8712],[106.5402,47.8471],[106.5401,47.847],[106.6129,47.8506],[106.643,47.8711],[106.6749,47.8726],[106.7008,47.865],[106.7228,47.8683],[106.7298,47.8742],[106.7595,47.8783],[106.784,47.8748],[106.7862,47.9074],[106.8562,47.9136],[106.8626,47.9444],[106.8722,47.9446],[106.8628,47.9488],[106.8649,47.9698],[106.8566,47.9832],[106.8632,48.0224],[106.86,48.0368],[106.8439,48.0674],[106.8315,48.1042],[106.8635,48.1391],[106.868,48.1684],[106.8752,48.185]]]}},{"type":"Feature","properties":{"aimagId":11,"aimagName":"Улаанбаатар","asCode":1122,"soumId":22,"name":"Хан-Уул","nameEn":"Xan-Uul"},"geometry":{"type":"Polygon","coordinates":[[[106.9263,47.9074],[106.9129,47.9077],[106.8965,47.9017],[106.8686,47.9048],[106.8293,47.8965],[106.8142,47.8836],[106.784,47.8748],[106.7595,47.8783],[106.7298,47.8742],[106.7228,47.8683],[106.7008,47.865],[106.6749,47.8726],[106.643,47.8711],[106.6129,47.8506],[106.5401,47.847],[106.5075,47.8051],[106.5077,47.7462],[106.5096,47.7193],[106.5614,47.7115],[106.5935,47.7356],[106.6003,47.7466],[106.6432,47.7425],[106.6839,47.736],[106.697,47.7295],[106.732,47.7205],[106.7888,47.724],[106.7975,47.7058],[106.84,47.7465],[106.8611,47.7626],[106.8896,47.7582],[106.9059,47.749],[106.947,47.7603],[106.9365,47.82],[106.9569,47.8619],[106.9476,47.8799],[106.9263,47.9074]]]}},{"type":"Feature","properties":{"aimagId":11,"aimagName":"Улаанбаатар","asCode":1113,"soumId":13,"name":"Налайх","nameEn":"Nalaix"},"geometry":{"type":"Polygon","coordinates":[[[107.4757,47.6519],[107.4839,47.7207],[107.5385,47.7459],[107.5402,47.785],[107.5606,47.835],[107.5552,47.851],[107.5927,47.8721],[107.6013,47.8721],[107.6182,47.8939],[107.6213,47.9062],[107.6052,47.915],[107.5894,47.9495],[107.5987,47.9589],[107.5831,47.9717],[107.5497,47.9784],[107.5128,47.97],[107.4914,47.9706],[107.4757,47.9761],[107.4711,47.9869],[107.4583,47.9952],[107.446,47.9961],[107.3732,47.9907],[107.365,47.963],[107.4108,47.9431],[107.3721,47.9017],[107.3638,47.8791],[107.3182,47.8596],[107.2928,47.802],[107.2324,47.8155],[107.2197,47.7809],[107.2278,47.7614],[107.2176,47.7247],[107.2656,47.6884],[107.2946,47.6685],[107.2967,47.648],[107.3299,47.6516],[107.4024,47.6463],[107.4757,47.6519]]]}},{"type":"Feature","properties":{"aimagId":11,"aimagName":"Улаанбаатар","asCode":1110,"soumId":10,"name":"Баянзүрх","nameEn":"Bayanzu'rx"},"geometry":{"type":"Polygon","coordinates":[[[107.0826,48.2086],[107.0532,48.1887],[107.0312,48.1868],[106.992,48.2087],[106.9675,48.1973],[106.9883,48.1532],[107.0044,48.1232],[107.0245,48.0983],[107.0332,48.0584],[107.0343,48.0368],[107.0179,48.0187],[107.0036,48.0106],[107.0019,47.9825],[106.9546,47.9717],[106.9272,47.9614],[106.9252,47.9441],[106.9344,47.9193],[106.9263,47.9074],[106.9476,47.8799],[106.9569,47.8619],[106.9365,47.82],[106.947,47.7603],[106.9634,47.7439],[107.033,47.7355],[107.0411,47.7216],[107.1198,47.7235],[107.1823,47.7472],[107.2176,47.7247],[107.2278,47.7614],[107.2197,47.7809],[107.2324,47.8155],[107.2928,47.802],[107.3182,47.8596],[107.3638,47.8791],[107.3721,47.9017],[107.4108,47.9431],[107.365,47.963],[107.3732,47.9907],[107.3447,48.0359],[107.3217,48.0612],[107.2959,48.0773],[107.2538,48.1099],[107.2247,48.1353],[107.1981,48.1426],[107.1627,48.1639],[107.1149,48.1757],[107.0826,48.2086]]]}},{"type":"Feature","properties":{"aimagId":43,"aimagName":"Сэлэнгэ","asCode":4313,"soumId":13,"name":"Ерөө","nameEn":"Yero'o"},"geometry":{"type":"Polygon","coordinates":[[[107.1498,49.7969],[107.1179,49.8424],[107.0469,49.8423],[107.0317,49.8857],[106.9192,49.9255],[106.793,49.9464],[106.6858,49.9823],[106.6605,49.9863],[106.6172,49.9066],[106.6008,49.8347],[106.5617,49.7995],[106.5714,49.79],[106.5685,49.7806],[106.5989,49.7656],[106.5958,49.7577],[106.5716,49.7331],[106.5441,49.7201],[106.5201,49.6986],[106.5144,49.6588],[106.4705,49.5876],[106.526,49.587],[106.6034,49.595],[106.6297,49.5823],[106.7366,49.5479],[106.8017,49.3956],[106.7629,49.328],[106.7725,49.2661],[106.7855,49.2343],[106.8236,49.1595],[106.8408,49.0572],[106.8789,49.0306],[106.9076,49.0049],[107.0321,49.0246],[107.1612,49.0228],[107.3865,49.0375],[107.5455,49.0163],[107.7528,49.0894],[107.9365,49.0997],[108.0754,49.0407],[108.1153,49.0378],[108.1303,49.0367],[108.1428,49.0415],[108.1482,49.0627],[108.1649,49.0783],[108.192,49.0785],[108.2224,49.092],[108.2571,49.0952],[108.2714,49.1067],[108.3116,49.1107],[108.3422,49.1203],[108.3617,49.1186],[108.3774,49.1252],[108.4022,49.1145],[108.4336,49.1257],[108.4477,49.1281],[108.4647,49.1438],[108.4783,49.1403],[108.5022,49.1464],[108.5056,49.1543],[108.5266,49.1877],[108.5809,49.3355],[108.5384,49.3362],[108.5218,49.3213],[108.4933,49.3307],[108.4924,49.3414],[108.4804,49.3519],[108.4542,49.3588],[108.4394,49.3749],[108.4471,49.3995],[108.4392,49.4036],[108.4393,49.4176],[108.4277,49.4221],[108.4067,49.4208],[108.3884,49.424],[108.3675,49.4326],[108.3445,49.4617],[108.3525,49.4769],[108.3434,49.4915],[108.3444,49.5031],[108.3173,49.512],[108.3199,49.5291],[108.3024,49.5395],[108.2973,49.5515],[108.2765,49.5481],[108.2575,49.5491],[108.2386,49.5416],[108.222,49.5515],[108.2032,49.5514],[108.1885,49.5574],[108.1605,49.5619],[108.1533,49.5679],[108.1058,49.5862],[108.0957,49.587],[108.055,49.6116],[108.0295,49.6221],[108.0305,49.6208],[107.936,49.5965],[107.9026,49.5154],[107.8509,49.4857],[107.758,49.5052],[107.6646,49.4664],[107.5357,49.4747],[107.4857,49.5212],[107.3784,49.5176],[107.3128,49.5755],[107.2546,49.5939],[107.1733,49.6555],[107.1733,49.6756],[107.1929,49.7204],[107.1546,49.7456],[107.1444,49.7691],[107.1498,49.7969]]]}},{"type":"Feature","properties":{"aimagId":22,"aimagName":"Сүхбаатар","asCode":2207,"soumId":7,"name":"Баяндэлгэр","nameEn":"Bayandelger"},"geometry":{"type":"Polygon","coordinates":[[[112.9956,46.0086],[112.8993,45.9765],[112.8163,45.9701],[112.6554,46.0094],[112.6084,46.0768],[112.4389,46.207],[112.4091,46.1953],[112.1691,46.0923],[112.1145,45.9548],[112.0494,45.9307],[111.9762,45.8935],[111.9091,45.8731],[111.8435,45.8257],[111.7882,45.7975],[111.7543,45.6349],[111.7454,45.5841],[111.7316,45.519],[111.7732,45.5043],[111.8553,45.4526],[111.8445,45.3906],[111.9359,45.3192],[111.9867,45.2722],[111.9634,45.215],[111.9714,45.0837],[111.9958,45.09],[112.0638,45.0937],[112.0842,45.0803],[112.1061,45.0717],[112.1723,45.0712],[112.1914,45.0691],[112.2371,45.0688],[112.3717,45.0611],[112.3912,45.0626],[112.4234,45.0744],[112.4588,45.2373],[112.6368,45.3967],[112.7427,45.4571],[112.8055,45.4995],[112.8305,45.5094],[112.8655,45.5674],[112.9141,45.6056],[112.9579,45.7148],[112.9566,45.7514],[112.9317,45.7788],[112.9619,45.8256],[112.9518,45.9111],[112.9569,45.9349],[112.9956,46.0086]]]}},{"type":"Feature","properties":{"aimagId":46,"aimagName":"Өмнөговь","asCode":4607,"soumId":7,"name":"Баян-Овоо","nameEn":"Bayan-Ovoo"},"geometry":{"type":"Polygon","coordinates":[[[106.4342,43.3807],[106.2033,43.4623],[105.9908,43.4261],[105.9235,43.4099],[105.7524,43.3631],[105.6095,43.3684],[105.3859,43.4888],[105.3845,43.4064],[105.2591,43.2303],[105.3261,43.1984],[105.4093,43.0248],[105.4533,43.0059],[105.4821,42.9649],[105.5712,42.9251],[105.6232,42.8973],[105.6789,42.8507],[105.6916,42.8481],[105.7105,42.8304],[105.677,42.6933],[105.7241,42.6123],[105.8683,42.3681],[105.8784,42.3461],[105.8785,42.2633],[105.874,42.1874],[105.923,42.0707],[105.9544,42.0113],[106.076,42.0523],[106.3663,42.1573],[106.6062,42.2387],[106.6847,42.2615],[106.6448,42.3264],[106.6081,42.4494],[106.5786,42.5355],[106.5717,42.5495],[106.5606,42.665],[106.5787,42.6845],[106.6205,42.7596],[106.5945,42.7962],[106.6144,42.8142],[106.5886,42.8761],[106.5825,42.896],[106.6084,42.9727],[106.6101,43.0546],[106.536,43.1459],[106.4852,43.1994],[106.4406,43.2669],[106.4709,43.3544],[106.4621,43.3741],[106.4342,43.3807]]]}},{"type":"Feature","properties":{"aimagId":82,"aimagName":"Говь-Алтай","asCode":8228,"soumId":28,"name":"Тонхил","nameEn":"Tonkhil"},"geometry":{"type":"Polygon","coordinates":[[[94.4374,46.1319],[94.2636,46.2403],[94.2222,46.2789],[94.2171,46.3547],[94.1008,46.345],[93.9326,46.4173],[93.8639,46.4254],[93.8127,46.4868],[93.6959,46.5813],[93.6172,46.6139],[93.5824,46.6205],[93.5438,46.6354],[93.5009,46.5984],[93.5282,46.5719],[93.5664,46.5231],[93.6073,46.4956],[93.5918,46.4644],[93.6473,46.394],[93.6245,46.3481],[93.6063,46.3201],[93.5551,46.2519],[93.5406,46.2048],[93.5103,46.1828],[93.4806,46.1365],[93.4617,46.117],[93.4744,46.0976],[93.4403,46.0586],[93.4276,46.0417],[93.4014,46.0277],[93.4025,46.006],[93.4445,45.9854],[93.4472,45.971],[93.4426,45.9542],[93.4057,45.9291],[93.383,45.9082],[93.3754,45.8846],[93.3633,45.8655],[93.3622,45.8428],[93.2392,45.8058],[93.1843,45.7672],[93.1128,45.7421],[93.1198,45.6937],[93.1255,45.6731],[93.1128,45.6603],[93.0991,45.6297],[93.113,45.6032],[93.1378,45.565],[93.1464,45.3258],[93.1664,45.1288],[93.1926,45.0734],[93.2055,45.0023],[93.2869,44.9827],[93.3135,44.98],[93.323,44.9947],[93.3531,44.986],[93.3671,44.9883],[93.3777,44.9815],[93.398,44.9773],[93.4009,44.972],[93.429,44.9562],[93.4399,44.9595],[93.4628,44.9576],[93.4824,44.9671],[93.4282,45.0329],[93.3916,45.092],[93.4759,45.2019],[93.5162,45.2558],[93.4245,45.5282],[93.5587,45.5731],[93.7031,45.6278],[93.7945,45.64],[93.921,45.6748],[93.9894,45.6793],[94.0565,45.711],[94.0865,45.7447],[94.095,45.7505],[94.1355,45.7498],[94.1324,45.7777],[94.1702,45.8197],[94.164,45.8376],[94.2114,45.8779],[94.2289,45.9046],[94.2885,45.9719],[94.4374,46.1319]]]}},{"type":"Feature","properties":{"aimagId":84,"aimagName":"Ховд","asCode":8407,"soumId":7,"name":"Булган","nameEn":"Bulgan"},"geometry":{"type":"Polygon","coordinates":[[[91.5891,46.5931],[91.5596,46.6066],[91.5538,46.6134],[91.504,46.6523],[91.4913,46.5895],[91.4705,46.5685],[91.4264,46.5561],[91.3892,46.5537],[91.312,46.5662],[91.3149,46.596],[91.32,46.6045],[91.3036,46.6112],[91.2701,46.6441],[91.2709,46.6563],[91.2013,46.6541],[91.1779,46.6637],[91.1464,46.6704],[91.1136,46.6904],[91.0912,46.708],[91.0467,46.7222],[91.0427,46.6998],[91.0142,46.6109],[91.0136,46.5803],[91.064,46.5784],[91.0728,46.5601],[91.0612,46.5512],[91.0503,46.5352],[91.0568,46.5289],[91.0531,46.5129],[91.0351,46.5006],[91.0246,46.4768],[91.0099,46.4611],[91.0072,46.4357],[90.9945,46.4224],[90.9741,46.3677],[90.9698,46.3609],[90.9137,46.3241],[90.9056,46.3143],[90.8919,46.312],[90.9497,46.2291],[90.9456,46.2145],[90.9753,46.1621],[91.0105,46.1239],[91.0117,46.09],[91.0076,46.0791],[91.0181,46.0606],[91.0215,46.0226],[90.8472,45.887],[90.773,45.8029],[90.7148,45.7275],[90.6784,45.6054],[90.6677,45.5436],[90.6702,45.4869],[90.6886,45.4731],[90.731,45.4561],[90.7596,45.4382],[90.7703,45.4283],[90.7717,45.4044],[90.7801,45.3844],[90.8111,45.3245],[90.804,45.2898],[90.8345,45.2991],[90.8683,45.282],[90.8967,45.2508],[90.8654,45.2035],[90.8817,45.1916],[90.9341,45.1934],[90.9591,45.1988],[90.9965,45.2147],[91.0492,45.2065],[91.0798,45.2149],[91.1101,45.2113],[91.1237,45.2142],[91.167,45.1963],[91.1706,45.1752],[91.1847,45.1681],[91.1918,45.1576],[91.2266,45.1505],[91.2377,45.1368],[91.2971,45.1287],[91.3124,45.1292],[91.291,45.1518],[91.271,45.2096],[91.2394,45.2564],[91.3726,45.3405],[91.3833,45.3934],[91.4054,45.464],[91.4218,45.5484],[91.4389,45.5742],[91.5069,45.6467],[91.5222,45.7039],[91.4897,45.7504],[91.5351,45.8327],[91.5411,45.8695],[91.5558,45.8966],[91.6243,45.9282],[91.6412,45.9538],[91.6835,45.9819],[91.7698,46.0068],[91.7453,46.0433],[91.7398,46.0898],[91.6299,46.1296],[91.5691,46.1941],[91.5037,46.2002],[91.4941,46.2111],[91.4712,46.2266],[91.4706,46.2603],[91.5349,46.2884],[91.5448,46.3218],[91.5759,46.3459],[91.5912,46.3613],[91.5862,46.3822],[91.582,46.4158],[91.6165,46.4333],[91.6419,46.4496],[91.679,46.4642],[91.6947,46.4747],[91.7052,46.5044],[91.6821,46.5367],[91.6398,46.5539],[91.6343,46.5679],[91.6375,46.5784],[91.5891,46.5931]]]}},{"type":"Feature","properties":{"aimagId":82,"aimagName":"Говь-Алтай","asCode":8201,"soumId":1,"name":"Есөнбулаг","nameEn":"Yeso'nbulag"},"geometry":{"type":"Polygon","coordinates":[[[96.7348,46.2576],[96.6016,46.2145],[96.5563,46.2293],[96.5175,46.2172],[96.3118,46.2715],[96.3778,46.3061],[96.3396,46.4221],[96.275,46.4405],[96.2307,46.4489],[96.1818,46.4378],[96.0202,46.4663],[95.9476,46.4676],[95.9242,46.4752],[95.9147,46.4486],[95.8951,46.444],[95.8822,46.4367],[95.8711,46.4242],[95.8424,46.4139],[95.8675,46.3774],[95.7759,46.3464],[95.7748,46.2424],[95.7459,46.1807],[95.9234,46.1406],[96.0712,46.0587],[96.0747,46.1096],[96.21,46.1786],[96.2758,46.2362],[96.3243,46.2365],[96.5094,46.2046],[96.4965,46.2019],[96.4886,46.186],[96.4759,46.1769],[96.4728,46.1628],[96.4879,46.1355],[96.4915,46.1097],[96.4998,46.0957],[96.5152,46.0582],[96.6197,46.0614],[96.611,46.0549],[96.6248,46.0425],[96.6432,46.0183],[96.6658,46.0111],[96.6866,46.0003],[96.727,45.9407],[96.9389,46.0424],[96.9607,46.0615],[96.9683,46.0771],[96.983,46.0891],[97.009,46.0949],[97.0352,46.0919],[97.1002,46.0744],[97.0154,46.1775],[96.9046,46.1933],[96.8317,46.2058],[96.7348,46.2576]]]}},{"type":"Feature","properties":{"aimagId":21,"aimagName":"Дорнод","asCode":2101,"soumId":1,"name":"Хэрлэн","nameEn":"Herlen"},"geometry":{"type":"Polygon","coordinates":[[[114.5511,47.979],[114.5717,48.0082],[114.6579,48.0199],[114.7004,48.0331],[114.7417,48.0754],[114.7126,48.1084],[114.679,48.1328],[114.6258,48.1461],[114.5235,48.1246],[114.4946,48.1216],[114.4237,48.0803],[114.4104,48.0394],[114.4559,48.0167],[114.52,47.9816],[114.5511,47.979]]]}},{"type":"Feature","properties":{"aimagId":85,"aimagName":"Увс","asCode":8501,"soumId":1,"name":"Улаангом","nameEn":"Ulaangom"},"geometry":{"type":"Polygon","coordinates":[[[92.3216,50.1864],[92.3168,50.1966],[92.3296,50.2112],[92.305,50.2097],[92.303,50.2173],[92.3161,50.2247],[92.335,50.2508],[92.3297,50.259],[92.3106,50.2495],[92.3042,50.2605],[92.3174,50.2749],[92.311,50.2924],[92.3385,50.2953],[92.3364,50.3038],[92.3013,50.3288],[92.2839,50.3498],[92.2623,50.3622],[92.2636,50.3706],[92.2342,50.3773],[92.2193,50.3915],[92.1335,50.5871],[91.8487,50.6331],[91.7686,50.6351],[91.7893,50.5986],[91.8241,50.5802],[91.8248,50.5529],[91.8525,50.511],[91.9321,50.4817],[91.9629,50.4648],[91.9683,50.4324],[91.9436,50.3957],[91.9163,50.3664],[91.9254,50.3414],[91.9474,50.3207],[91.9891,50.2722],[92.0077,50.2506],[92.0686,50.1856],[91.9489,50.0186],[92.0123,49.9931],[92.0189,49.9798],[92.0699,50.013],[92.1304,50.085],[92.2494,50.1422],[92.3216,50.1864]]]}},{"type":"Feature","properties":{"aimagId":23,"aimagName":"Хэнтий","asCode":2352,"soumId":52,"name":"Бор-Өндөр","nameEn":"Bor-Ondor"},"geometry":{"type":"Polygon","coordinates":[[[109.471,46.1744],[109.4803,46.2247],[109.4791,46.2711],[109.4717,46.2894],[109.4272,46.305],[109.4019,46.2972],[109.3139,46.3028],[109.3288,46.1968],[109.3523,46.2014],[109.4009,46.1838],[109.471,46.1744]]]}},{"type":"Feature","properties":{"aimagId":22,"aimagName":"Сүхбаатар","asCode":2201,"soumId":1,"name":"Баруун-Урт","nameEn":"BaruunUrt"},"geometry":{"type":"Polygon","coordinates":[[[113.368,46.6622],[113.3695,46.6898],[113.2873,46.7108],[113.2582,46.6988],[113.2192,46.6973],[113.2465,46.6683],[113.2631,46.6544],[113.304,46.6419],[113.368,46.6622]]]}}]}